[
  {
    "id":"11428688633501831"
   ,"Identification":{
      "Name":"Breadcrumb"
     ,"Identifier":"BREADCRUMB"
     ,"Class":"Breadcrumb"
    }
   ,"Subscription":{
      "Master":{
        "Referenced Id":"4070916542570059325"
      }
    }
   ,"Advanced":{
      "Translatable":false
    }
   ,"Attributes":{
      "Start With":"Parent to Leaf (breadcrumb style)"
    }
   ,"Templates":{
      "Before First":"\u003Cul class=\"t-Breadcrumb #COMPONENT_CSS_CLASSES#\"\u003E"
     ,"Current Page":"\u003Cli class=\"t-Breadcrumb-item is-active\"\u003E\u003Ch1 class=\"t-Breadcrumb-label\"\u003E#NAME#\u003C\/h1\u003E\u003C\/li\u003E"
     ,"Non Current Page":"\u003Cli class=\"t-Breadcrumb-item\"\u003E\u003Ca href=\"#LINK#\" class=\"t-Breadcrumb-label\"\u003E#NAME#\u003C\/a\u003E\u003C\/li\u003E"
     ,"After Last":"\u003C\/ul\u003E"
     ,"Maximum Levels":6
    }
  }
]
