[
  {
    "id":"11382969869501798"
   ,"Identification":{
      "Name":"Timeline"
     ,"Identifier":"TIMELINE"
     ,"Class":"Custom 1"
    }
   ,"Subscription":{
      "Master":{
        "Referenced Id":"1513373588340069864"
      }
    }
   ,"Advanced":{
      "Translatable":false
    }
   ,"Attributes":{
      "Type":"Named Column (row template)"
    }
   ,"Report Template":{
      "Top":"\u003Cul class=\"t-Timeline #COMPONENT_CSS_CLASSES#\" #REPORT_ATTRIBUTES# id=\"#REGION_STATIC_ID#_timeline\" data-region-id=\"#REGION_STATIC_ID#\"\u003E\n"
     ,"Bottom":"\u003C\/ul\u003E\n\u003Ctable class=\"t-Report-pagination\" role=\"presentation\"\u003E#PAGINATION#\u003C\/table\u003E"
    }
   ,"Row Template 1":{
      "Template":"\u003Cli class=\"t-Timeline-item #EVENT_MODIFIERS#\" #EVENT_ATTRIBUTES#\u003E\n  \u003Cdiv class=\"t-Timeline-wrap\"\u003E\n    \u003Cdiv class=\"t-Timeline-user\"\u003E\n      \u003Cdiv class=\"t-Timeline-avatar #USER_COLOR#\"\u003E\n        #USER_AVATAR#\n      \u003C\/div\u003E\n      \u003Cdiv class=\"t-Timeline-userinfo\"\u003E\n        \u003Cspan class=\"t-Timeline-username\"\u003E#USER_NAME#\u003C\/span\u003E\n        \u003Cspan class=\"t-Timeline-date\"\u003E#EVENT_DATE#\u003C\/span\u003E\n      \u003C\/div\u003E\n    \u003C\/div\u003E\n    \u003Cdiv class=\"t-Timeline-content\"\u003E\n      \u003Cdiv class=\"t-Timeline-typeWrap\"\u003E\n        \u003Cdiv class=\"t-Timeline-type #EVENT_STATUS#\"\u003E\n          \u003Cspan class=\"t-Icon #EVENT_ICON#\"\u003E\u003C\/span\u003E\n          \u003Cspan class=\"t-Timeline-typename\"\u003E#EVENT_TYPE#\u003C\/span\u003E\n        \u003C\/div\u003E\n      \u003C\/div\u003E\n      \u003Cdiv class=\"t-Timeline-body\"\u003E\n        \u003Ch3 class=\"t-Timeline-title\"\u003E#EVENT_TITLE#\u003C\/h3\u003E\n        \u003Cp class=\"t-Timeline-desc\"\u003E#EVENT_DESC#\u003C\/p\u003E\n      \u003C\/div\u003E\n    \u003C\/div\u003E\n  \u003C\/div\u003E\n\u003C\/li\u003E"
     ,"Condition":"Use Based on PL\/SQL Expression"
     ,"PL\/SQL Expression":":EVENT_LINK is null"
    }
   ,"Row Template 2":{
      "Template":"\u003Cli class=\"t-Timeline-item #EVENT_MODIFIERS#\" #EVENT_ATTRIBUTES#\u003E\n  \u003Ca href=\"#EVENT_LINK#\" class=\"t-Timeline-wrap\"\u003E\n    \u003Cdiv class=\"t-Timeline-user\"\u003E\n      \u003Cdiv class=\"t-Timeline-avatar #USER_COLOR#\"\u003E\n        #USER_AVATAR#\n      \u003C\/div\u003E\n      \u003Cdiv class=\"t-Timeline-userinfo\"\u003E\n        \u003Cspan class=\"t-Timeline-username\"\u003E#USER_NAME#\u003C\/span\u003E\n        \u003Cspan class=\"t-Timeline-date\"\u003E#EVENT_DATE#\u003C\/span\u003E\n      \u003C\/div\u003E\n    \u003C\/div\u003E\n    \u003Cdiv class=\"t-Timeline-content\"\u003E\n      \u003Cdiv class=\"t-Timeline-typeWrap\"\u003E\n        \u003Cdiv class=\"t-Timeline-type #EVENT_STATUS#\"\u003E\n          \u003Cspan class=\"t-Icon #EVENT_ICON#\"\u003E\u003C\/span\u003E\n          \u003Cspan class=\"t-Timeline-typename\"\u003E#EVENT_TYPE#\u003C\/span\u003E\n        \u003C\/div\u003E\n      \u003C\/div\u003E\n      \u003Cdiv class=\"t-Timeline-body\"\u003E\n        \u003Ch3 class=\"t-Timeline-title\"\u003E#EVENT_TITLE#\u003C\/h3\u003E\n        \u003Cp class=\"t-Timeline-desc\"\u003E#EVENT_DESC#\u003C\/p\u003E\n      \u003C\/div\u003E\n    \u003C\/div\u003E\n  \u003C\/a\u003E\n\u003C\/li\u003E"
     ,"Condition":"0"
    }
   ,"Pagination Subtemplates":{
      "Pagination":"\u003Cspan class=\"t-Report-paginationText\"\u003E#TEXT#\u003C\/span\u003E"
     ,"Next Page":"\u003Ca href=\"#LINK#\" class=\"t-Button t-Button--small t-Button--noUI t-Report-paginationLink t-Report-paginationLink--next\"\u003E\n  #PAGINATION_NEXT#\u003Cspan class=\"a-Icon icon-right-arrow\"\u003E\u003C\/span\u003E\n\u003C\/a\u003E"
     ,"Previous Page":"\u003Ca href=\"#LINK#\" class=\"t-Button t-Button--small t-Button--noUI t-Report-paginationLink t-Report-paginationLink--prev\"\u003E\n  \u003Cspan class=\"a-Icon icon-left-arrow\"\u003E\u003C\/span\u003E#PAGINATION_PREVIOUS#\n\u003C\/a\u003E"
     ,"Next Set":"\u003Ca href=\"#LINK#\" class=\"t-Button t-Button--small t-Button--noUI t-Report-paginationLink t-Report-paginationLink--next\"\u003E\n  #PAGINATION_NEXT_SET#\u003Cspan class=\"a-Icon icon-right-arrow\"\u003E\u003C\/span\u003E\n\u003C\/a\u003E"
     ,"Previous Set":"\u003Ca href=\"#LINK#\" class=\"t-Button t-Button--small t-Button--noUI t-Report-paginationLink t-Report-paginationLink--prev\"\u003E\n  \u003Cspan class=\"a-Icon icon-left-arrow\"\u003E\u003C\/span\u003E#PAGINATION_PREVIOUS_SET#\n\u003C\/a\u003E"
    }
   ,"Template Options":[
      {
        "id":"11383431737501799"
       ,"Identification":{
          "Name":"Compact"
         ,"Identifier":"COMPACT"
         ,"Group":"Style (11383240541501799)"
         ,"Sequence":1
        }
       ,"Settings":{
          "Advanced":false
        }
       ,"Appearance":{
          "CSS Classes":[
            "t-Timeline--compact"
          ]
        }
       ,"Help":{
          "Help Text":"Displays a compact version of timeline with smaller text and fewer columns."
        }
      }
    ]
  }
 ,{
    "id":"11383499941501799"
   ,"Identification":{
      "Name":"Media List"
     ,"Identifier":"MEDIA_LIST"
     ,"Class":"Borderless"
    }
   ,"Subscription":{
      "Master":{
        "Referenced Id":"2092157460408299055"
      }
    }
   ,"Advanced":{
      "Translatable":false
    }
   ,"Template Options":{
      "Preset":[
        "t-MediaList--stack"
      ]
     ,"Default":[
        "t-MediaList--showDesc"
       ,"t-MediaList--showIcons"
      ]
    }
   ,"Attributes":{
      "Type":"Named Column (row template)"
    }
   ,"Report Template":{
      "Top":"\u003Cul class=\"t-MediaList #COMPONENT_CSS_CLASSES#\" #REPORT_ATTRIBUTES# id=\"#REGION_STATIC_ID#_report\" data-region-id=\"#REGION_STATIC_ID#\"\u003E"
     ,"Bottom":"\u003C\/ul\u003E\n\u003Ctable class=\"t-Report-pagination\" role=\"presentation\"\u003E#PAGINATION#\u003C\/table\u003E"
    }
   ,"Row Template 1":{
      "Template":"\u003Cli class=\"t-MediaList-item #LIST_CLASS#\"\u003E\n    \u003Ca href=\"#LINK#\" class=\"t-MediaList-itemWrap #LINK_CLASS#\" #LINK_ATTR#\u003E\n        \u003Cdiv class=\"t-MediaList-iconWrap\"\u003E\n            \u003Cspan class=\"t-MediaList-icon u-color #ICON_COLOR_CLASS#\"\u003E\u003Cspan class=\"t-Icon #ICON_CLASS#\"\u003E\u003C\/span\u003E\u003C\/span\u003E\n        \u003C\/div\u003E\n        \u003Cdiv class=\"t-MediaList-body\"\u003E\n            \u003Ch3 class=\"t-MediaList-title\"\u003E#LIST_TITLE#\u003C\/h3\u003E\n            \u003Cp class=\"t-MediaList-desc\"\u003E#LIST_TEXT#\u003C\/p\u003E\n        \u003C\/div\u003E\n        \u003Cdiv class=\"t-MediaList-badgeWrap\"\u003E\n            \u003Cspan class=\"t-MediaList-badge\"\u003E#LIST_BADGE#\u003C\/span\u003E\n        \u003C\/div\u003E\n    \u003C\/a\u003E\n\u003C\/li\u003E"
     ,"Condition":"0"
    }
   ,"Pagination Subtemplates":{
      "Pagination":"\u003Cspan class=\"t-Report-paginationText\"\u003E#TEXT#\u003C\/span\u003E"
     ,"Next Page":"\u003Ca href=\"#LINK#\" class=\"t-Button t-Button--small t-Button--noUI t-Report-paginationLink t-Report-paginationLink--next\"\u003E\n  #PAGINATION_NEXT#\u003Cspan class=\"a-Icon icon-right-arrow\"\u003E\u003C\/span\u003E\n\u003C\/a\u003E"
     ,"Previous Page":"\u003Ca href=\"#LINK#\" class=\"t-Button t-Button--small t-Button--noUI t-Report-paginationLink t-Report-paginationLink--prev\"\u003E\n  \u003Cspan class=\"a-Icon icon-left-arrow\"\u003E\u003C\/span\u003E#PAGINATION_PREVIOUS#\n\u003C\/a\u003E"
     ,"Next Set":"\u003Ca href=\"#LINK#\" class=\"t-Button t-Button--small t-Button--noUI t-Report-paginationLink t-Report-paginationLink--next\"\u003E\n  #PAGINATION_NEXT_SET#\u003Cspan class=\"a-Icon icon-right-arrow\"\u003E\u003C\/span\u003E\n\u003C\/a\u003E"
     ,"Previous Set":"\u003Ca href=\"#LINK#\" class=\"t-Button t-Button--small t-Button--noUI t-Report-paginationLink t-Report-paginationLink--prev\"\u003E\n  \u003Cspan class=\"a-Icon icon-left-arrow\"\u003E\u003C\/span\u003E#PAGINATION_PREVIOUS_SET#\n\u003C\/a\u003E"
    }
   ,"Comments":{
      "Comments":" (SELECT link_text, link_target, detail1, detail2, last_modified)"
    }
   ,"Template Options":[
      {
        "id":"11384045509501800"
       ,"Identification":{
          "Name":"2 Column Grid"
         ,"Identifier":"2_COLUMN_GRID"
         ,"Group":"Layout (11383871328501800)"
         ,"Sequence":10
        }
       ,"Settings":{
          "Advanced":false
        }
       ,"Appearance":{
          "CSS Classes":[
            "t-MediaList--cols"
           ,"t-MediaList--2cols"
          ]
        }
      }
     ,{
        "id":"11384238900501800"
       ,"Identification":{
          "Name":"3 Column Grid"
         ,"Identifier":"3_COLUMN_GRID"
         ,"Group":"Layout (11383871328501800)"
         ,"Sequence":20
        }
       ,"Settings":{
          "Advanced":false
        }
       ,"Appearance":{
          "CSS Classes":[
            "t-MediaList--cols"
           ,"t-MediaList--3cols"
          ]
        }
      }
     ,{
        "id":"11384475601501801"
       ,"Identification":{
          "Name":"4 Column Grid"
         ,"Identifier":"4_COLUMN_GRID"
         ,"Group":"Layout (11383871328501800)"
         ,"Sequence":30
        }
       ,"Settings":{
          "Advanced":false
        }
       ,"Appearance":{
          "CSS Classes":[
            "t-MediaList--cols"
           ,"t-MediaList--4cols"
          ]
        }
      }
     ,{
        "id":"11384613988501801"
       ,"Identification":{
          "Name":"5 Column Grid"
         ,"Identifier":"5_COLUMN_GRID"
         ,"Group":"Layout (11383871328501800)"
         ,"Sequence":40
        }
       ,"Settings":{
          "Advanced":false
        }
       ,"Appearance":{
          "CSS Classes":[
            "t-MediaList--cols"
           ,"t-MediaList--5cols"
          ]
        }
      }
     ,{
        "id":"11384806667501801"
       ,"Identification":{
          "Name":"Apply Theme Colors"
         ,"Identifier":"APPLY_THEME_COLORS"
         ,"Sequence":40
        }
       ,"Settings":{
          "Advanced":false
        }
       ,"Appearance":{
          "CSS Classes":[
            "u-colors"
          ]
        }
      }
     ,{
        "id":"11385186617501801"
       ,"Identification":{
          "Name":"Rounded Corners"
         ,"Identifier":"ICONS_ROUNDED"
         ,"Group":"Icon Shape (11385067263501801)"
         ,"Sequence":10
        }
       ,"Settings":{
          "Advanced":false
        }
       ,"Appearance":{
          "CSS Classes":[
            "t-MediaList--iconsRounded"
          ]
        }
       ,"Help":{
          "Help Text":"The icons are displayed within a square with rounded corners."
        }
      }
     ,{
        "id":"11385445952501801"
       ,"Identification":{
          "Name":"Square"
         ,"Identifier":"ICONS_SQUARE"
         ,"Group":"Icon Shape (11385067263501801)"
         ,"Sequence":20
        }
       ,"Settings":{
          "Advanced":false
        }
       ,"Appearance":{
          "CSS Classes":[
            "t-MediaList--iconsSquare"
          ]
        }
       ,"Help":{
          "Help Text":"The icons are displayed within a square shape."
        }
      }
     ,{
        "id":"11385825693501801"
       ,"Identification":{
          "Name":"Large"
         ,"Identifier":"LARGE"
         ,"Group":"Size (11385641854501801)"
         ,"Sequence":20
        }
       ,"Settings":{
          "Advanced":false
        }
       ,"Appearance":{
          "CSS Classes":[
            "t-MediaList--large"
           ,"force-fa-lg"
          ]
        }
       ,"Help":{
          "Help Text":"Increases the size of the text and icons in the list."
        }
      }
     ,{
        "id":"11385990714501801"
       ,"Identification":{
          "Name":"Show Badges"
         ,"Identifier":"SHOW_BADGES"
         ,"Sequence":30
        }
       ,"Settings":{
          "Advanced":false
        }
       ,"Appearance":{
          "CSS Classes":[
            "t-MediaList--showBadges"
          ]
        }
      }
     ,{
        "id":"11386225947501801"
       ,"Identification":{
          "Name":"Show Description"
         ,"Identifier":"SHOW_DESCRIPTION"
         ,"Sequence":20
        }
       ,"Settings":{
          "Advanced":false
        }
       ,"Appearance":{
          "CSS Classes":[
            "t-MediaList--showDesc"
          ]
        }
      }
     ,{
        "id":"11386426361501801"
       ,"Identification":{
          "Name":"Show Icons"
         ,"Identifier":"SHOW_ICONS"
         ,"Sequence":10
        }
       ,"Settings":{
          "Advanced":false
        }
       ,"Appearance":{
          "CSS Classes":[
            "t-MediaList--showIcons"
          ]
        }
      }
     ,{
        "id":"11386635972501801"
       ,"Identification":{
          "Name":"Span Horizontal"
         ,"Identifier":"SPAN_HORIZONTAL"
         ,"Group":"Layout (11383871328501800)"
         ,"Sequence":50
        }
       ,"Settings":{
          "Advanced":false
        }
       ,"Appearance":{
          "CSS Classes":[
            "t-MediaList--horizontal"
          ]
        }
      }
     ,{
        "id":"11386844414501801"
       ,"Identification":{
          "Name":"Stack"
         ,"Identifier":"STACK"
         ,"Group":"Layout (11383871328501800)"
         ,"Sequence":5
        }
       ,"Settings":{
          "Advanced":false
        }
       ,"Appearance":{
          "CSS Classes":[
            "t-MediaList--stack"
          ]
        }
      }
    ]
  }
 ,{
    "id":"11386932323501802"
   ,"Identification":{
      "Name":"Value Attribute Pairs - Row"
     ,"Identifier":"VALUE_ATTRIBUTE_PAIRS_ROW"
     ,"Class":"Custom 1"
    }
   ,"Subscription":{
      "Master":{
        "Referenced Id":"2099068321678681753"
      }
    }
   ,"Advanced":{
      "Translatable":false
    }
   ,"Template Options":{
      "Preset":[
        "t-AVPList--leftAligned"
      ]
    }
   ,"Attributes":{
      "Type":"Named Column (row template)"
    }
   ,"Report Template":{
      "Top":"\u003Cdl class=\"t-AVPList #COMPONENT_CSS_CLASSES#\" #REPORT_ATTRIBUTES# id=\"report_#REGION_STATIC_ID#\" data-region-id=\"#REGION_STATIC_ID#\"\u003E"
     ,"Bottom":"\u003C\/dl\u003E\n\u003Ctable class=\"t-Report-pagination\" role=\"presentation\"\u003E#PAGINATION#\u003C\/table\u003E"
    }
   ,"Row Template 1":{
      "Template":"\u003Cdt class=\"t-AVPList-label\"\u003E\n  #1#\n\u003C\/dt\u003E\n\u003Cdd class=\"t-AVPList-value\"\u003E\n  #2#\n\u003C\/dd\u003E"
     ,"Condition":"0"
    }
   ,"Pagination Subtemplates":{
      "Pagination":"\u003Cspan class=\"t-Report-paginationText\"\u003E#TEXT#\u003C\/span\u003E"
     ,"Next Page":"\u003Ca href=\"#LINK#\" class=\"t-Button t-Button--small t-Button--noUI t-Report-paginationLink t-Report-paginationLink--next\"\u003E\n  #PAGINATION_NEXT#\u003Cspan class=\"a-Icon icon-right-arrow\"\u003E\u003C\/span\u003E\n\u003C\/a\u003E"
     ,"Previous Page":"\u003Ca href=\"#LINK#\" class=\"t-Button t-Button--small t-Button--noUI t-Report-paginationLink t-Report-paginationLink--prev\"\u003E\n  \u003Cspan class=\"a-Icon icon-left-arrow\"\u003E\u003C\/span\u003E#PAGINATION_PREVIOUS#\n\u003C\/a\u003E"
     ,"Next Set":"\u003Ca href=\"#LINK#\" class=\"t-Button t-Button--small t-Button--noUI t-Report-paginationLink t-Report-paginationLink--next\"\u003E\n  #PAGINATION_NEXT_SET#\u003Cspan class=\"a-Icon icon-right-arrow\"\u003E\u003C\/span\u003E\n\u003C\/a\u003E"
     ,"Previous Set":"\u003Ca href=\"#LINK#\" class=\"t-Button t-Button--small t-Button--noUI t-Report-paginationLink t-Report-paginationLink--prev\"\u003E\n  \u003Cspan class=\"a-Icon icon-left-arrow\"\u003E\u003C\/span\u003E#PAGINATION_PREVIOUS_SET#\n\u003C\/a\u003E"
    }
   ,"Template Options":[
      {
        "id":"11387379496501802"
       ,"Identification":{
          "Name":"Fixed - Large"
         ,"Identifier":"FIXED_LARGE"
         ,"Group":"Label Width (11387195905501802)"
         ,"Sequence":30
        }
       ,"Settings":{
          "Advanced":false
        }
       ,"Appearance":{
          "CSS Classes":[
            "t-AVPList--fixedLabelLarge"
          ]
        }
      }
     ,{
        "id":"11387657937501802"
       ,"Identification":{
          "Name":"Fixed - Medium"
         ,"Identifier":"FIXED_MEDIUM"
         ,"Group":"Label Width (11387195905501802)"
         ,"Sequence":20
        }
       ,"Settings":{
          "Advanced":false
        }
       ,"Appearance":{
          "CSS Classes":[
            "t-AVPList--fixedLabelMedium"
          ]
        }
      }
     ,{
        "id":"11387872422501802"
       ,"Identification":{
          "Name":"Fixed - Small"
         ,"Identifier":"FIXED_SMALL"
         ,"Group":"Label Width (11387195905501802)"
         ,"Sequence":10
        }
       ,"Settings":{
          "Advanced":false
        }
       ,"Appearance":{
          "CSS Classes":[
            "t-AVPList--fixedLabelSmall"
          ]
        }
      }
     ,{
        "id":"11387995082501802"
       ,"Identification":{
          "Name":"Left Aligned Details"
         ,"Identifier":"LEFT_ALIGNED_DETAILS"
         ,"Group":"Layout (11383871328501800)"
         ,"Sequence":10
        }
       ,"Settings":{
          "Advanced":false
        }
       ,"Appearance":{
          "CSS Classes":[
            "t-AVPList--leftAligned"
          ]
        }
      }
     ,{
        "id":"11388247211501802"
       ,"Identification":{
          "Name":"Right Aligned Details"
         ,"Identifier":"RIGHT_ALIGNED_DETAILS"
         ,"Group":"Layout (11383871328501800)"
         ,"Sequence":20
        }
       ,"Settings":{
          "Advanced":false
        }
       ,"Appearance":{
          "CSS Classes":[
            "t-AVPList--rightAligned"
          ]
        }
      }
     ,{
        "id":"11388386895501802"
       ,"Identification":{
          "Name":"Variable - Large"
         ,"Identifier":"VARIABLE_LARGE"
         ,"Group":"Label Width (11387195905501802)"
         ,"Sequence":60
        }
       ,"Settings":{
          "Advanced":false
        }
       ,"Appearance":{
          "CSS Classes":[
            "t-AVPList--variableLabelLarge"
          ]
        }
      }
     ,{
        "id":"11388597471501802"
       ,"Identification":{
          "Name":"Variable - Medium"
         ,"Identifier":"VARIABLE_MEDIUM"
         ,"Group":"Label Width (11387195905501802)"
         ,"Sequence":50
        }
       ,"Settings":{
          "Advanced":false
        }
       ,"Appearance":{
          "CSS Classes":[
            "t-AVPList--variableLabelMedium"
          ]
        }
      }
     ,{
        "id":"11388842257501802"
       ,"Identification":{
          "Name":"Variable - Small"
         ,"Identifier":"VARIABLE_SMALL"
         ,"Group":"Label Width (11387195905501802)"
         ,"Sequence":40
        }
       ,"Settings":{
          "Advanced":false
        }
       ,"Appearance":{
          "CSS Classes":[
            "t-AVPList--variableLabelSmall"
          ]
        }
      }
    ]
  }
 ,{
    "id":"11388955593501802"
   ,"Identification":{
      "Name":"Value Attribute Pairs - Column"
     ,"Identifier":"VALUE_ATTRIBUTE_PAIRS_COLUMN"
     ,"Class":"Value Attribute Pairs"
    }
   ,"Subscription":{
      "Master":{
        "Referenced Id":"2099068636272681754"
      }
    }
   ,"Advanced":{
      "Translatable":false
    }
   ,"Template Options":{
      "Preset":[
        "t-AVPList--leftAligned"
      ]
    }
   ,"Attributes":{
      "Type":"Generic Columns (column template)"
    }
   ,"Report Template":{
      "Top":"\u003Cdl class=\"t-AVPList #COMPONENT_CSS_CLASSES#\" #REPORT_ATTRIBUTES# data-region-id=\"#REGION_STATIC_ID#\"\u003E"
     ,"Bottom":"\u003C\/dl\u003E\n\u003Ctable class=\"t-Report-pagination\" role=\"presentation\"\u003E#PAGINATION#\u003C\/table\u003E"
    }
   ,"Column Template 1":{
      "Template":"\u003Cdt class=\"t-AVPList-label\"\u003E\n  #COLUMN_HEADER#\n\u003C\/dt\u003E\n\u003Cdd class=\"t-AVPList-value\"\u003E\n  #COLUMN_VALUE#\n\u003C\/dd\u003E"
     ,"Condition":"0"
    }
   ,"Pagination Subtemplates":{
      "Pagination":"\u003Cspan class=\"t-Report-paginationText\"\u003E#TEXT#\u003C\/span\u003E"
     ,"Next Page":"\u003Ca href=\"#LINK#\" class=\"t-Button t-Button--small t-Button--noUI t-Report-paginationLink t-Report-paginationLink--next\"\u003E\n  #PAGINATION_NEXT#\u003Cspan class=\"a-Icon icon-right-arrow\"\u003E\u003C\/span\u003E\n\u003C\/a\u003E"
     ,"Previous Page":"\u003Ca href=\"#LINK#\" class=\"t-Button t-Button--small t-Button--noUI t-Report-paginationLink t-Report-paginationLink--prev\"\u003E\n  \u003Cspan class=\"a-Icon icon-left-arrow\"\u003E\u003C\/span\u003E#PAGINATION_PREVIOUS#\n\u003C\/a\u003E"
     ,"Next Set":"\u003Ca href=\"#LINK#\" class=\"t-Button t-Button--small t-Button--noUI t-Report-paginationLink t-Report-paginationLink--next\"\u003E\n  #PAGINATION_NEXT_SET#\u003Cspan class=\"a-Icon icon-right-arrow\"\u003E\u003C\/span\u003E\n\u003C\/a\u003E"
     ,"Previous Set":"\u003Ca href=\"#LINK#\" class=\"t-Button t-Button--small t-Button--noUI t-Report-paginationLink t-Report-paginationLink--prev\"\u003E\n  \u003Cspan class=\"a-Icon icon-left-arrow\"\u003E\u003C\/span\u003E#PAGINATION_PREVIOUS_SET#\n\u003C\/a\u003E"
    }
   ,"Template Options":[
      {
        "id":"11389187583501803"
       ,"Identification":{
          "Name":"Fixed - Large"
         ,"Identifier":"FIXED_LARGE"
         ,"Group":"Label Width (11387195905501802)"
         ,"Sequence":30
        }
       ,"Settings":{
          "Advanced":false
        }
       ,"Appearance":{
          "CSS Classes":[
            "t-AVPList--fixedLabelLarge"
          ]
        }
      }
     ,{
        "id":"11389467320501803"
       ,"Identification":{
          "Name":"Fixed - Medium"
         ,"Identifier":"FIXED_MEDIUM"
         ,"Group":"Label Width (11387195905501802)"
         ,"Sequence":20
        }
       ,"Settings":{
          "Advanced":false
        }
       ,"Appearance":{
          "CSS Classes":[
            "t-AVPList--fixedLabelMedium"
          ]
        }
      }
     ,{
        "id":"11389631194501803"
       ,"Identification":{
          "Name":"Fixed - Small"
         ,"Identifier":"FIXED_SMALL"
         ,"Group":"Label Width (11387195905501802)"
         ,"Sequence":10
        }
       ,"Settings":{
          "Advanced":false
        }
       ,"Appearance":{
          "CSS Classes":[
            "t-AVPList--fixedLabelSmall"
          ]
        }
      }
     ,{
        "id":"11389846716501803"
       ,"Identification":{
          "Name":"Left Aligned Details"
         ,"Identifier":"LEFT_ALIGNED_DETAILS"
         ,"Group":"Layout (11383871328501800)"
         ,"Sequence":10
        }
       ,"Settings":{
          "Advanced":false
        }
       ,"Appearance":{
          "CSS Classes":[
            "t-AVPList--leftAligned"
          ]
        }
      }
     ,{
        "id":"11390029547501803"
       ,"Identification":{
          "Name":"Right Aligned Details"
         ,"Identifier":"RIGHT_ALIGNED_DETAILS"
         ,"Group":"Layout (11383871328501800)"
         ,"Sequence":20
        }
       ,"Settings":{
          "Advanced":false
        }
       ,"Appearance":{
          "CSS Classes":[
            "t-AVPList--rightAligned"
          ]
        }
      }
     ,{
        "id":"11390232986501803"
       ,"Identification":{
          "Name":"Variable - Large"
         ,"Identifier":"VARIABLE_LARGE"
         ,"Group":"Label Width (11387195905501802)"
         ,"Sequence":60
        }
       ,"Settings":{
          "Advanced":false
        }
       ,"Appearance":{
          "CSS Classes":[
            "t-AVPList--variableLabelLarge"
          ]
        }
      }
     ,{
        "id":"11390406132501803"
       ,"Identification":{
          "Name":"Variable - Medium"
         ,"Identifier":"VARIABLE_MEDIUM"
         ,"Group":"Label Width (11387195905501802)"
         ,"Sequence":50
        }
       ,"Settings":{
          "Advanced":false
        }
       ,"Appearance":{
          "CSS Classes":[
            "t-AVPList--variableLabelMedium"
          ]
        }
      }
     ,{
        "id":"11390656696501803"
       ,"Identification":{
          "Name":"Variable - Small"
         ,"Identifier":"VARIABLE_SMALL"
         ,"Group":"Label Width (11387195905501802)"
         ,"Sequence":40
        }
       ,"Settings":{
          "Advanced":false
        }
       ,"Appearance":{
          "CSS Classes":[
            "t-AVPList--variableLabelSmall"
          ]
        }
      }
    ]
  }
 ,{
    "id":"11390730203501803"
   ,"Identification":{
      "Name":"Badge List"
     ,"Identifier":"BADGE_LIST"
     ,"Class":"Value Attribute Pairs"
    }
   ,"Subscription":{
      "Master":{
        "Referenced Id":"2103197159775914759"
      }
    }
   ,"Advanced":{
      "Translatable":false
    }
   ,"Template Options":{
      "Preset":[
        "t-BadgeList--large"
       ,"t-BadgeList--fixed"
       ,"t-BadgeList--circular"
      ]
    }
   ,"Attributes":{
      "Type":"Generic Columns (column template)"
    }
   ,"Report Template":{
      "Top":"\u003Cul class=\"t-BadgeList #COMPONENT_CSS_CLASSES#\" data-region-id=\"#REGION_STATIC_ID#\"\u003E"
     ,"Bottom":"\u003C\/ul\u003E\n\u003Ctable class=\"t-Report-pagination\" role=\"presentation\"\u003E#PAGINATION#\u003C\/table\u003E"
    }
   ,"Column Template 1":{
      "Template":"\u003Cli class=\"t-BadgeList-item\"\u003E\n \u003Cspan class=\"t-BadgeList-wrap u-color\"\u003E\n  \u003Cspan class=\"t-BadgeList-label\"\u003E#COLUMN_HEADER#\u003C\/span\u003E\n  \u003Cspan class=\"t-BadgeList-value\"\u003E#COLUMN_VALUE#\u003C\/span\u003E\n \u003C\/span\u003E\n\u003C\/li\u003E"
     ,"Condition":"0"
    }
   ,"Pagination Subtemplates":{
      "Pagination":"\u003Cspan class=\"t-Report-paginationText\"\u003E#TEXT#\u003C\/span\u003E"
     ,"Next Page":"\u003Ca href=\"#LINK#\" class=\"t-Button t-Button--small t-Button--noUI t-Report-paginationLink t-Report-paginationLink--next\"\u003E\n  #PAGINATION_NEXT#\u003Cspan class=\"a-Icon icon-right-arrow\"\u003E\u003C\/span\u003E\n\u003C\/a\u003E"
     ,"Previous Page":"\u003Ca href=\"#LINK#\" class=\"t-Button t-Button--small t-Button--noUI t-Report-paginationLink t-Report-paginationLink--prev\"\u003E\n  \u003Cspan class=\"a-Icon icon-left-arrow\"\u003E\u003C\/span\u003E#PAGINATION_PREVIOUS#\n\u003C\/a\u003E"
     ,"Next Set":"\u003Ca href=\"#LINK#\" class=\"t-Button t-Button--small t-Button--noUI t-Report-paginationLink t-Report-paginationLink--next\"\u003E\n  #PAGINATION_NEXT_SET#\u003Cspan class=\"a-Icon icon-right-arrow\"\u003E\u003C\/span\u003E\n\u003C\/a\u003E"
     ,"Previous Set":"\u003Ca href=\"#LINK#\" class=\"t-Button t-Button--small t-Button--noUI t-Report-paginationLink t-Report-paginationLink--prev\"\u003E\n  \u003Cspan class=\"a-Icon icon-left-arrow\"\u003E\u003C\/span\u003E#PAGINATION_PREVIOUS_SET#\n\u003C\/a\u003E"
    }
   ,"Template Options":[
      {
        "id":"11391223532501803"
       ,"Identification":{
          "Name":"128px"
         ,"Identifier":"128PX"
         ,"Group":"Badge Size (11391052055501803)"
         ,"Sequence":50
        }
       ,"Settings":{
          "Advanced":false
        }
       ,"Appearance":{
          "CSS Classes":[
            "t-BadgeList--xxlarge"
          ]
        }
      }
     ,{
        "id":"11391471702501803"
       ,"Identification":{
          "Name":"2 Column Grid"
         ,"Identifier":"2COLUMNGRID"
         ,"Group":"Layout (11383871328501800)"
         ,"Sequence":20
        }
       ,"Settings":{
          "Advanced":false
        }
       ,"Appearance":{
          "CSS Classes":[
            "t-BadgeList--cols"
          ]
        }
       ,"Help":{
          "Help Text":"Arrange badges in a two column grid"
        }
      }
     ,{
        "id":"11391598137501804"
       ,"Identification":{
          "Name":"32px"
         ,"Identifier":"32PX"
         ,"Group":"Badge Size (11391052055501803)"
         ,"Sequence":10
        }
       ,"Settings":{
          "Advanced":false
        }
       ,"Appearance":{
          "CSS Classes":[
            "t-BadgeList--small"
          ]
        }
      }
     ,{
        "id":"11391876668501804"
       ,"Identification":{
          "Name":"3 Column Grid"
         ,"Identifier":"3COLUMNGRID"
         ,"Group":"Layout (11383871328501800)"
         ,"Sequence":30
        }
       ,"Settings":{
          "Advanced":false
        }
       ,"Appearance":{
          "CSS Classes":[
            "t-BadgeList--cols"
           ,"t-BadgeList--3cols"
          ]
        }
       ,"Help":{
          "Help Text":"Arrange badges in a 3 column grid"
        }
      }
     ,{
        "id":"11391988179501804"
       ,"Identification":{
          "Name":"48px"
         ,"Identifier":"48PX"
         ,"Group":"Badge Size (11391052055501803)"
         ,"Sequence":20
        }
       ,"Settings":{
          "Advanced":false
        }
       ,"Appearance":{
          "CSS Classes":[
            "t-BadgeList--medium"
          ]
        }
      }
     ,{
        "id":"11392218297501804"
       ,"Identification":{
          "Name":"4 Column Grid"
         ,"Identifier":"4COLUMNGRID"
         ,"Group":"Layout (11383871328501800)"
         ,"Sequence":40
        }
       ,"Settings":{
          "Advanced":false
        }
       ,"Appearance":{
          "CSS Classes":[
            "t-BadgeList--cols"
           ,"t-BadgeList--4cols"
          ]
        }
      }
     ,{
        "id":"11392397652501804"
       ,"Identification":{
          "Name":"5 Column Grid"
         ,"Identifier":"5COLUMNGRID"
         ,"Group":"Layout (11383871328501800)"
         ,"Sequence":50
        }
       ,"Settings":{
          "Advanced":false
        }
       ,"Appearance":{
          "CSS Classes":[
            "t-BadgeList--cols"
           ,"t-BadgeList--5cols"
          ]
        }
      }
     ,{
        "id":"11392634153501804"
       ,"Identification":{
          "Name":"64px"
         ,"Identifier":"64PX"
         ,"Group":"Badge Size (11391052055501803)"
         ,"Sequence":30
        }
       ,"Settings":{
          "Advanced":false
        }
       ,"Appearance":{
          "CSS Classes":[
            "t-BadgeList--large"
          ]
        }
      }
     ,{
        "id":"11392838548501804"
       ,"Identification":{
          "Name":"96px"
         ,"Identifier":"96PX"
         ,"Group":"Badge Size (11391052055501803)"
         ,"Sequence":40
        }
       ,"Settings":{
          "Advanced":false
        }
       ,"Appearance":{
          "CSS Classes":[
            "t-BadgeList--xlarge"
          ]
        }
      }
     ,{
        "id":"11393006397501804"
       ,"Identification":{
          "Name":"Apply Theme Colors"
         ,"Identifier":"APPLY_THEME_COLORS"
         ,"Sequence":10
        }
       ,"Settings":{
          "Advanced":false
        }
       ,"Appearance":{
          "CSS Classes":[
            "u-colors"
          ]
        }
      }
     ,{
        "id":"11393272078501805"
       ,"Identification":{
          "Name":"Circular"
         ,"Identifier":"CIRCULAR"
         ,"Group":"Style (11383240541501799)"
         ,"Sequence":20
        }
       ,"Settings":{
          "Advanced":false
        }
       ,"Appearance":{
          "CSS Classes":[
            "t-BadgeList--circular"
          ]
        }
      }
     ,{
        "id":"11393414164501805"
       ,"Identification":{
          "Name":"Span Horizontally"
         ,"Identifier":"FIXED"
         ,"Group":"Layout (11383871328501800)"
         ,"Sequence":60
        }
       ,"Settings":{
          "Advanced":false
        }
       ,"Appearance":{
          "CSS Classes":[
            "t-BadgeList--fixed"
          ]
        }
      }
     ,{
        "id":"11393624082501805"
       ,"Identification":{
          "Name":"Flexible Box"
         ,"Identifier":"FLEXIBLEBOX"
         ,"Group":"Layout (11383871328501800)"
         ,"Sequence":80
        }
       ,"Settings":{
          "Advanced":false
        }
       ,"Appearance":{
          "CSS Classes":[
            "t-BadgeList--flex"
          ]
        }
      }
     ,{
        "id":"11393864877501805"
       ,"Identification":{
          "Name":"Float Items"
         ,"Identifier":"FLOATITEMS"
         ,"Group":"Layout (11383871328501800)"
         ,"Sequence":70
        }
       ,"Settings":{
          "Advanced":false
        }
       ,"Appearance":{
          "CSS Classes":[
            "t-BadgeList--float"
          ]
        }
      }
     ,{
        "id":"11393979824501805"
       ,"Identification":{
          "Name":"Grid"
         ,"Identifier":"GRID"
         ,"Group":"Style (11383240541501799)"
         ,"Sequence":30
        }
       ,"Settings":{
          "Advanced":false
        }
       ,"Appearance":{
          "CSS Classes":[
            "t-BadgeList--dash"
          ]
        }
      }
     ,{
        "id":"11394218125501805"
       ,"Identification":{
          "Name":"Stacked"
         ,"Identifier":"STACKED"
         ,"Group":"Layout (11383871328501800)"
         ,"Sequence":10
        }
       ,"Settings":{
          "Advanced":false
        }
       ,"Appearance":{
          "CSS Classes":[
            "t-BadgeList--stacked"
          ]
        }
      }
    ]
  }
 ,{
    "id":"11394305043501805"
   ,"Identification":{
      "Name":"Standard"
     ,"Identifier":"STANDARD"
     ,"Class":"Standard"
    }
   ,"Subscription":{
      "Master":{
        "Referenced Id":"2537207537838287671"
      }
    }
   ,"Advanced":{
      "Translatable":false
    }
   ,"Template Options":{
      "Preset":[
        "t-Report--altRowsDefault"
       ,"t-Report--rowHighlight"
      ]
    }
   ,"Attributes":{
      "Type":"Generic Columns (column template)"
    }
   ,"Report Template":{
      "Top":"\u003Cdiv class=\"t-Report #COMPONENT_CSS_CLASSES#\" id=\"report_#REGION_STATIC_ID#\" #REPORT_ATTRIBUTES# data-region-id=\"#REGION_STATIC_ID#\"\u003E\n  \u003Cdiv class=\"t-Report-wrap\"\u003E\n    \u003Ctable class=\"t-Report-pagination\" role=\"presentation\"\u003E#TOP_PAGINATION#\u003C\/table\u003E\n    \u003Cdiv class=\"t-Report-tableWrap\"\u003E\n    \u003Ctable class=\"t-Report-report\" aria-label=\"#REGION_TITLE#\"\u003E"
     ,"Bottom":"      \u003C\/tbody\u003E\n    \u003C\/table\u003E\n    \u003C\/div\u003E\n    \u003Cdiv class=\"t-Report-links\"\u003E#EXTERNAL_LINK##CSV_LINK#\u003C\/div\u003E\n    \u003Ctable class=\"t-Report-pagination t-Report-pagination--bottom\" role=\"presentation\"\u003E#PAGINATION#\u003C\/table\u003E\n  \u003C\/div\u003E\n\u003C\/div\u003E"
    }
   ,"Column Templates":{
      "Before Heading":"\u003Cthead\u003E"
     ,"Heading":"\u003Cth class=\"t-Report-colHead\" #ALIGNMENT# id=\"#COLUMN_HEADER_NAME#\" #COLUMN_WIDTH#\u003E#COLUMN_HEADER#\u003C\/th\u003E"
     ,"After Heading":"\u003C\/thead\u003E\n\u003Ctbody\u003E"
     ,"Before Each Row":"\u003Ctr\u003E"
    }
   ,"Column Template 1":{
      "Template":"\u003Ctd class=\"t-Report-cell\" #ALIGNMENT# headers=\"#COLUMN_HEADER_NAME#\"\u003E#COLUMN_VALUE#\u003C\/td\u003E"
     ,"Condition":"0"
    }
   ,"Row Templates":{
      "After Each Row":"\u003C\/tr\u003E"
    }
   ,"Pagination Subtemplates":{
      "Pagination":"\u003Cspan class=\"t-Report-paginationText\"\u003E#TEXT#\u003C\/span\u003E"
     ,"Next Page":"\u003Ca href=\"#LINK#\" class=\"t-Button t-Button--small t-Button--noUI t-Report-paginationLink t-Report-paginationLink--next\"\u003E\n  #PAGINATION_NEXT#\u003Cspan class=\"a-Icon icon-right-arrow\"\u003E\u003C\/span\u003E\n\u003C\/a\u003E"
     ,"Previous Page":"\u003Ca href=\"#LINK#\" class=\"t-Button t-Button--small t-Button--noUI t-Report-paginationLink t-Report-paginationLink--prev\"\u003E\n  \u003Cspan class=\"a-Icon icon-left-arrow\"\u003E\u003C\/span\u003E#PAGINATION_PREVIOUS#\n\u003C\/a\u003E"
     ,"Next Set":"\u003Ca href=\"#LINK#\" class=\"t-Button t-Button--small t-Button--noUI t-Report-paginationLink t-Report-paginationLink--next\"\u003E\n  #PAGINATION_NEXT_SET#\u003Cspan class=\"a-Icon icon-right-arrow\"\u003E\u003C\/span\u003E\n\u003C\/a\u003E"
     ,"Previous Set":"\u003Ca href=\"#LINK#\" class=\"t-Button t-Button--small t-Button--noUI t-Report-paginationLink t-Report-paginationLink--prev\"\u003E\n  \u003Cspan class=\"a-Icon icon-left-arrow\"\u003E\u003C\/span\u003E#PAGINATION_PREVIOUS_SET#\n\u003C\/a\u003E"
    }
   ,"Template Options":[
      {
        "id":"11394845152501806"
       ,"Identification":{
          "Name":"Disable"
         ,"Identifier":"ALTROWCOLORSDISABLE"
         ,"Group":"Alternating Rows (11394648407501806)"
         ,"Sequence":20
        }
       ,"Settings":{
          "Advanced":false
        }
       ,"Appearance":{
          "CSS Classes":[
            "t-Report--staticRowColors"
          ]
        }
      }
     ,{
        "id":"11395010657501806"
       ,"Identification":{
          "Name":"Enable"
         ,"Identifier":"ALTROWCOLORSENABLE"
         ,"Group":"Alternating Rows (11394648407501806)"
         ,"Sequence":10
        }
       ,"Settings":{
          "Advanced":false
        }
       ,"Appearance":{
          "CSS Classes":[
            "t-Report--altRowsDefault"
          ]
        }
      }
     ,{
        "id":"11395468413501806"
       ,"Identification":{
          "Name":"Enable"
         ,"Identifier":"ENABLE"
         ,"Group":"Row Highlighting (11395244848501806)"
         ,"Sequence":10
        }
       ,"Settings":{
          "Advanced":false
        }
       ,"Appearance":{
          "CSS Classes":[
            "t-Report--rowHighlight"
          ]
        }
       ,"Help":{
          "Help Text":"Enable row highlighting on mouse over"
        }
      }
     ,{
        "id":"11395792767501806"
       ,"Identification":{
          "Name":"Horizontal Only"
         ,"Identifier":"HORIZONTALBORDERS"
         ,"Group":"Report Border (11395586003501806)"
         ,"Sequence":20
        }
       ,"Settings":{
          "Advanced":false
        }
       ,"Appearance":{
          "CSS Classes":[
            "t-Report--horizontalBorders"
          ]
        }
      }
     ,{
        "id":"11396047180501806"
       ,"Identification":{
          "Name":"No Borders"
         ,"Identifier":"REMOVEALLBORDERS"
         ,"Group":"Report Border (11395586003501806)"
         ,"Sequence":30
        }
       ,"Settings":{
          "Advanced":false
        }
       ,"Appearance":{
          "CSS Classes":[
            "t-Report--noBorders"
          ]
        }
      }
     ,{
        "id":"11396266140501806"
       ,"Identification":{
          "Name":"No Outer Borders"
         ,"Identifier":"REMOVEOUTERBORDERS"
         ,"Group":"Report Border (11395586003501806)"
         ,"Sequence":40
        }
       ,"Settings":{
          "Advanced":false
        }
       ,"Appearance":{
          "CSS Classes":[
            "t-Report--inline"
          ]
        }
      }
     ,{
        "id":"11396428871501806"
       ,"Identification":{
          "Name":"Disable"
         ,"Identifier":"ROWHIGHLIGHTDISABLE"
         ,"Group":"Row Highlighting (11395244848501806)"
         ,"Sequence":20
        }
       ,"Settings":{
          "Advanced":false
        }
       ,"Appearance":{
          "CSS Classes":[
            "t-Report--rowHighlightOff"
          ]
        }
       ,"Help":{
          "Help Text":"Disable row highlighting on mouse over"
        }
      }
     ,{
        "id":"11396601435501806"
       ,"Identification":{
          "Name":"Stretch Report"
         ,"Identifier":"STRETCHREPORT"
         ,"Sequence":10
        }
       ,"Settings":{
          "Advanced":false
        }
       ,"Appearance":{
          "CSS Classes":[
            "t-Report--stretch"
          ]
        }
      }
     ,{
        "id":"11396836649501807"
       ,"Identification":{
          "Name":"Vertical Only"
         ,"Identifier":"VERTICALBORDERS"
         ,"Group":"Report Border (11395586003501806)"
         ,"Sequence":20
        }
       ,"Settings":{
          "Advanced":false
        }
       ,"Appearance":{
          "CSS Classes":[
            "t-Report--verticalBorders"
          ]
        }
      }
    ]
  }
 ,{
    "id":"11396975804501807"
   ,"Identification":{
      "Name":"Comments"
     ,"Identifier":"COMMENTS"
     ,"Class":"Custom 1"
    }
   ,"Subscription":{
      "Master":{
        "Referenced Id":"2611722012730764232"
      }
    }
   ,"Advanced":{
      "Translatable":false
    }
   ,"Template Options":{
      "Preset":[
        "t-Comments--chat"
      ]
    }
   ,"Attributes":{
      "Type":"Named Column (row template)"
    }
   ,"Report Template":{
      "Top":"\u003Cul class=\"t-Comments #COMPONENT_CSS_CLASSES#\" #REPORT_ATTRIBUTES# id=\"#REGION_STATIC_ID#_report\" data-region-id=\"#REGION_STATIC_ID#\"\u003E"
     ,"Bottom":"\u003C\/ul\u003E\n\u003Ctable class=\"t-Report-pagination\" role=\"presentation\"\u003E#PAGINATION#\u003C\/table\u003E"
    }
   ,"Row Template 1":{
      "Template":"\u003Cli class=\"t-Comments-item #COMMENT_MODIFIERS#\"\u003E\n    \u003Cdiv class=\"t-Comments-icon\"\u003E\n        \u003Cdiv class=\"t-Comments-userIcon #ICON_MODIFIER#\" aria-hidden=\"true\"\u003E#USER_ICON#\u003C\/div\u003E\n    \u003C\/div\u003E\n    \u003Cdiv class=\"t-Comments-body\"\u003E\n        \u003Cdiv class=\"t-Comments-info\"\u003E\n            #USER_NAME# \u003Cspan class=\"t-Comments-date\"\u003E#COMMENT_DATE#\u003C\/span\u003E \u003Cspan class=\"t-Comments-actions\"\u003E#ACTIONS#\u003C\/span\u003E\n        \u003C\/div\u003E\n        \u003Cdiv class=\"t-Comments-comment\"\u003E\n            #COMMENT_TEXT##ATTRIBUTE_1##ATTRIBUTE_2##ATTRIBUTE_3##ATTRIBUTE_4#\n        \u003C\/div\u003E\n    \u003C\/div\u003E\n\u003C\/li\u003E"
     ,"Condition":"0"
    }
   ,"Pagination Subtemplates":{
      "Pagination":"\u003Cspan class=\"t-Report-paginationText\"\u003E#TEXT#\u003C\/span\u003E"
     ,"Next Page":"\u003Ca href=\"#LINK#\" class=\"t-Button t-Button--small t-Button--noUI t-Report-paginationLink t-Report-paginationLink--next\"\u003E\n  #PAGINATION_NEXT#\u003Cspan class=\"a-Icon icon-right-arrow\"\u003E\u003C\/span\u003E\n\u003C\/a\u003E"
     ,"Previous Page":"\u003Ca href=\"#LINK#\" class=\"t-Button t-Button--small t-Button--noUI t-Report-paginationLink t-Report-paginationLink--prev\"\u003E\n  \u003Cspan class=\"a-Icon icon-left-arrow\"\u003E\u003C\/span\u003E#PAGINATION_PREVIOUS#\n\u003C\/a\u003E"
     ,"Next Set":"\u003Ca href=\"#LINK#\" class=\"t-Button t-Button--small t-Button--noUI t-Report-paginationLink t-Report-paginationLink--next\"\u003E\n  #PAGINATION_NEXT_SET#\u003Cspan class=\"a-Icon icon-right-arrow\"\u003E\u003C\/span\u003E\n\u003C\/a\u003E\n"
     ,"Previous Set":"\u003Ca href=\"#LINK#\" class=\"t-Button t-Button--small t-Button--noUI t-Report-paginationLink t-Report-paginationLink--prev\"\u003E\n  \u003Cspan class=\"a-Icon icon-left-arrow\"\u003E\u003C\/span\u003E#PAGINATION_PREVIOUS_SET#\n\u003C\/a\u003E"
    }
   ,"Template Options":[
      {
        "id":"11397423325501807"
       ,"Identification":{
          "Name":"Basic"
         ,"Identifier":"BASIC"
         ,"Group":"Comments Style (11397265157501807)"
         ,"Sequence":10
        }
       ,"Settings":{
          "Advanced":false
        }
       ,"Appearance":{
          "CSS Classes":[
            "t-Comments--basic"
          ]
        }
      }
     ,{
        "id":"11397635094501807"
       ,"Identification":{
          "Name":"Rounded Corners"
         ,"Identifier":"ICONS_ROUNDED"
         ,"Group":"Icon Shape (11385067263501801)"
         ,"Sequence":10
        }
       ,"Settings":{
          "Advanced":false
        }
       ,"Appearance":{
          "CSS Classes":[
            "t-Comments--iconsRounded"
          ]
        }
       ,"Help":{
          "Help Text":"The icons are displayed within a square with rounded corners."
        }
      }
     ,{
        "id":"11397859348501807"
       ,"Identification":{
          "Name":"Square"
         ,"Identifier":"ICONS_SQUARE"
         ,"Group":"Icon Shape (11385067263501801)"
         ,"Sequence":20
        }
       ,"Settings":{
          "Advanced":false
        }
       ,"Appearance":{
          "CSS Classes":[
            "t-Comments--iconsSquare"
          ]
        }
       ,"Help":{
          "Help Text":"The icons are displayed within a square shape."
        }
      }
     ,{
        "id":"11398053679501807"
       ,"Identification":{
          "Name":"Speech Bubbles"
         ,"Identifier":"SPEECH_BUBBLES"
         ,"Group":"Comments Style (11397265157501807)"
         ,"Sequence":20
        }
       ,"Settings":{
          "Advanced":false
        }
       ,"Appearance":{
          "CSS Classes":[
            "t-Comments--chat"
          ]
        }
      }
    ]
  }
 ,{
    "id":"11398096278501807"
   ,"Identification":{
      "Name":"Alerts"
     ,"Identifier":"ALERTS"
     ,"Class":"Custom 8"
    }
   ,"Subscription":{
      "Master":{
        "Referenced Id":"2881456138952347027"
      }
    }
   ,"Advanced":{
      "Translatable":false
    }
   ,"Attributes":{
      "Type":"Named Column (row template)"
    }
   ,"Report Template":{
      "Top":"\u003Cdiv class=\"t-Alerts #COMPONENT_CSS_CLASSES#\" #REPORT_ATTRIBUTES# id=\"#REGION_STATIC_ID#_alerts\" data-region-id=\"#REGION_STATIC_ID#\"\u003E"
     ,"Bottom":"\u003C\/div\u003E\n\u003Ctable class=\"t-Report-pagination\" role=\"presentation\"\u003E#PAGINATION#\u003C\/table\u003E"
    }
   ,"Row Template 1":{
      "Template":"\u003Cdiv class=\"t-Alert t-Alert--horizontal t-Alert--colorBG t-Alert--defaultIcons t-Alert--#ALERT_TYPE#\" role=\"alert\"\u003E\n  \u003Cdiv class=\"t-Alert-wrap\"\u003E\n    \u003Cdiv class=\"t-Alert-icon\"\u003E\n      \u003Cspan class=\"t-Icon\"\u003E\u003C\/span\u003E\n    \u003C\/div\u003E\n    \u003Cdiv class=\"t-Alert-content\"\u003E\n      \u003Cdiv class=\"t-Alert-header\"\u003E\n        \u003Ch2 class=\"t-Alert-title\"\u003E#ALERT_TITLE#\u003C\/h2\u003E\n      \u003C\/div\u003E\n      \u003Cdiv class=\"t-Alert-body\"\u003E\n        #ALERT_DESC#\n      \u003C\/div\u003E\n    \u003C\/div\u003E\n    \u003Cdiv class=\"t-Alert-buttons\"\u003E\n      #ALERT_ACTION#\n    \u003C\/div\u003E\n  \u003C\/div\u003E\n\u003C\/div\u003E"
     ,"Condition":"0"
    }
   ,"Pagination Subtemplates":{
      "Pagination":"\u003Cspan class=\"t-Report-paginationText\"\u003E#TEXT#\u003C\/span\u003E"
     ,"Next Page":"\u003Ca href=\"#LINK#\" class=\"t-Button t-Button--small t-Button--noUI t-Report-paginationLink t-Report-paginationLink--next\"\u003E\n  #PAGINATION_NEXT#\u003Cspan class=\"a-Icon icon-right-arrow\"\u003E\u003C\/span\u003E\n\u003C\/a\u003E"
     ,"Previous Page":"\u003Ca href=\"#LINK#\" class=\"t-Button t-Button--small t-Button--noUI t-Report-paginationLink t-Report-paginationLink--prev\"\u003E\n  \u003Cspan class=\"a-Icon icon-left-arrow\"\u003E\u003C\/span\u003E#PAGINATION_PREVIOUS#\n\u003C\/a\u003E"
     ,"Next Set":"\u003Ca href=\"#LINK#\" class=\"t-Button t-Button--small t-Button--noUI t-Report-paginationLink t-Report-paginationLink--next\"\u003E\n  #PAGINATION_NEXT_SET#\u003Cspan class=\"a-Icon icon-right-arrow\"\u003E\u003C\/span\u003E\n\u003C\/a\u003E"
     ,"Previous Set":"\u003Ca href=\"#LINK#\" class=\"t-Button t-Button--small t-Button--noUI t-Report-paginationLink t-Report-paginationLink--prev\"\u003E\n  \u003Cspan class=\"a-Icon icon-left-arrow\"\u003E\u003C\/span\u003E#PAGINATION_PREVIOUS_SET#\n\u003C\/a\u003E"
    }
  }
 ,{
    "id":"11398357675501807"
   ,"Identification":{
      "Name":"Cards"
     ,"Identifier":"CARDS"
     ,"Class":"Custom 1"
    }
   ,"Subscription":{
      "Master":{
        "Referenced Id":"2973535649510699732"
      }
    }
   ,"Advanced":{
      "Translatable":false
    }
   ,"Template Options":{
      "Preset":[
        "t-Cards--animColorFill"
       ,"t-Cards--3cols"
       ,"t-Cards--basic"
      ]
    }
   ,"Attributes":{
      "Type":"Named Column (row template)"
    }
   ,"Report Template":{
      "Top":"\u003Cul class=\"t-Cards #COMPONENT_CSS_CLASSES#\" #REPORT_ATTRIBUTES# id=\"#REGION_STATIC_ID#_cards\" data-region-id=\"#REGION_STATIC_ID#\"\u003E"
     ,"Bottom":"\u003C\/ul\u003E\n\u003Ctable class=\"t-Report-pagination\" role=\"presentation\"\u003E#PAGINATION#\u003C\/table\u003E"
    }
   ,"Row Template 1":{
      "Template":"\u003Cli class=\"t-Cards-item #CARD_MODIFIERS#\"\u003E\n  \u003Cdiv class=\"t-Card\"\u003E\n    \u003Ca href=\"#CARD_LINK#\" class=\"t-Card-wrap\"\u003E\n      \u003Cdiv class=\"t-Card-icon u-color #CARD_COLOR#\"\u003E\u003Cspan class=\"t-Icon fa #CARD_ICON#\"\u003E\u003Cspan class=\"t-Card-initials\" role=\"presentation\"\u003E#CARD_INITIALS#\u003C\/span\u003E\u003C\/span\u003E\u003C\/div\u003E\n      \u003Cdiv class=\"t-Card-titleWrap\"\u003E\u003Ch3 class=\"t-Card-title\"\u003E#CARD_TITLE#\u003C\/h3\u003E\u003Ch4 class=\"t-Card-subtitle\"\u003E#CARD_SUBTITLE#\u003C\/h4\u003E\u003C\/div\u003E\n      \u003Cdiv class=\"t-Card-body\"\u003E\n        \u003Cdiv class=\"t-Card-desc\"\u003E#CARD_TEXT#\u003C\/div\u003E\n        \u003Cdiv class=\"t-Card-info\"\u003E#CARD_SUBTEXT#\u003C\/div\u003E\n      \u003C\/div\u003E\n      \u003Cspan class=\"t-Card-colorFill u-color #CARD_COLOR#\"\u003E\u003C\/span\u003E\n    \u003C\/a\u003E\n  \u003C\/div\u003E\n\u003C\/li\u003E"
     ,"Condition":"Use Based on PL\/SQL Expression"
     ,"PL\/SQL Expression":":CARD_LINK is not null"
    }
   ,"Row Template 2":{
      "Template":"\u003Cli class=\"t-Cards-item #CARD_MODIFIERS#\"\u003E\n  \u003Cdiv class=\"t-Card\"\u003E\n    \u003Cdiv class=\"t-Card-wrap\"\u003E\n      \u003Cdiv class=\"t-Card-icon u-color #CARD_COLOR#\"\u003E\u003Cspan class=\"t-Icon fa #CARD_ICON#\"\u003E\u003Cspan class=\"t-Card-initials\" role=\"presentation\"\u003E#CARD_INITIALS#\u003C\/span\u003E\u003C\/span\u003E\u003C\/div\u003E\n      \u003Cdiv class=\"t-Card-titleWrap\"\u003E\u003Ch3 class=\"t-Card-title\"\u003E#CARD_TITLE#\u003C\/h3\u003E\u003Ch4 class=\"t-Card-subtitle\"\u003E#CARD_SUBTITLE#\u003C\/h4\u003E\u003C\/div\u003E\n      \u003Cdiv class=\"t-Card-body\"\u003E\n        \u003Cdiv class=\"t-Card-desc\"\u003E#CARD_TEXT#\u003C\/div\u003E\n        \u003Cdiv class=\"t-Card-info\"\u003E#CARD_SUBTEXT#\u003C\/div\u003E\n      \u003C\/div\u003E\n      \u003Cspan class=\"t-Card-colorFill u-color #CARD_COLOR#\"\u003E\u003C\/span\u003E\n    \u003C\/div\u003E\n  \u003C\/div\u003E\n\u003C\/li\u003E"
     ,"Condition":"0"
    }
   ,"Pagination Subtemplates":{
      "Pagination":"\u003Cspan class=\"t-Report-paginationText\"\u003E#TEXT#\u003C\/span\u003E"
     ,"Next Page":"\u003Ca href=\"#LINK#\" class=\"t-Button t-Button--small t-Button--noUI t-Report-paginationLink t-Report-paginationLink--next\"\u003E\n  #PAGINATION_NEXT#\u003Cspan class=\"a-Icon icon-right-arrow\"\u003E\u003C\/span\u003E\n\u003C\/a\u003E"
     ,"Previous Page":"\u003Ca href=\"#LINK#\" class=\"t-Button t-Button--small t-Button--noUI t-Report-paginationLink t-Report-paginationLink--prev\"\u003E\n  \u003Cspan class=\"a-Icon icon-left-arrow\"\u003E\u003C\/span\u003E#PAGINATION_PREVIOUS#\n\u003C\/a\u003E"
     ,"Next Set":"\u003Ca href=\"#LINK#\" class=\"t-Button t-Button--small t-Button--noUI t-Report-paginationLink t-Report-paginationLink--next\"\u003E\n  #PAGINATION_NEXT_SET#\u003Cspan class=\"a-Icon icon-right-arrow\"\u003E\u003C\/span\u003E\n\u003C\/a\u003E"
     ,"Previous Set":"\u003Ca href=\"#LINK#\" class=\"t-Button t-Button--small t-Button--noUI t-Report-paginationLink t-Report-paginationLink--prev\"\u003E\n  \u003Cspan class=\"a-Icon icon-left-arrow\"\u003E\u003C\/span\u003E#PAGINATION_PREVIOUS_SET#\n\u003C\/a\u003E"
    }
   ,"Template Options":[
      {
        "id":"11398637557501808"
       ,"Identification":{
          "Name":"2 Columns"
         ,"Identifier":"2_COLUMNS"
         ,"Group":"Layout (11383871328501800)"
         ,"Sequence":15
        }
       ,"Settings":{
          "Advanced":false
        }
       ,"Appearance":{
          "CSS Classes":[
            "t-Cards--cols"
          ]
        }
      }
     ,{
        "id":"11398978910501808"
       ,"Identification":{
          "Name":"2 Lines"
         ,"Identifier":"2_LINES"
         ,"Group":"Body Text (11398812082501808)"
         ,"Sequence":10
        }
       ,"Settings":{
          "Advanced":false
        }
       ,"Appearance":{
          "CSS Classes":[
            "t-Cards--desc-2ln"
          ]
        }
      }
     ,{
        "id":"11399207831501808"
       ,"Identification":{
          "Name":"3 Columns"
         ,"Identifier":"3_COLUMNS"
         ,"Group":"Layout (11383871328501800)"
         ,"Sequence":20
        }
       ,"Settings":{
          "Advanced":false
        }
       ,"Appearance":{
          "CSS Classes":[
            "t-Cards--3cols"
          ]
        }
      }
     ,{
        "id":"11399459523501808"
       ,"Identification":{
          "Name":"3 Lines"
         ,"Identifier":"3_LINES"
         ,"Group":"Body Text (11398812082501808)"
         ,"Sequence":20
        }
       ,"Settings":{
          "Advanced":false
        }
       ,"Appearance":{
          "CSS Classes":[
            "t-Cards--desc-3ln"
          ]
        }
      }
     ,{
        "id":"11399668978501808"
       ,"Identification":{
          "Name":"4 Columns"
         ,"Identifier":"4_COLUMNS"
         ,"Group":"Layout (11383871328501800)"
         ,"Sequence":30
        }
       ,"Settings":{
          "Advanced":false
        }
       ,"Appearance":{
          "CSS Classes":[
            "t-Cards--4cols"
          ]
        }
      }
     ,{
        "id":"11399867717501808"
       ,"Identification":{
          "Name":"4 Lines"
         ,"Identifier":"4_LINES"
         ,"Group":"Body Text (11398812082501808)"
         ,"Sequence":30
        }
       ,"Settings":{
          "Advanced":false
        }
       ,"Appearance":{
          "CSS Classes":[
            "t-Cards--desc-4ln"
          ]
        }
      }
     ,{
        "id":"11399979455501808"
       ,"Identification":{
          "Name":"5 Columns"
         ,"Identifier":"5_COLUMNS"
         ,"Group":"Layout (11383871328501800)"
         ,"Sequence":50
        }
       ,"Settings":{
          "Advanced":false
        }
       ,"Appearance":{
          "CSS Classes":[
            "t-Cards--5cols"
          ]
        }
      }
     ,{
        "id":"11400216357501808"
       ,"Identification":{
          "Name":"Basic"
         ,"Identifier":"BASIC"
         ,"Group":"Style (11383240541501799)"
         ,"Sequence":10
        }
       ,"Settings":{
          "Advanced":false
        }
       ,"Appearance":{
          "CSS Classes":[
            "t-Cards--basic"
          ]
        }
      }
     ,{
        "id":"11400450243501808"
       ,"Identification":{
          "Name":"Block"
         ,"Identifier":"BLOCK"
         ,"Group":"Style (11383240541501799)"
         ,"Sequence":40
        }
       ,"Settings":{
          "Advanced":false
        }
       ,"Appearance":{
          "CSS Classes":[
            "t-Cards--featured"
           ,"t-Cards--block"
           ,"force-fa-lg"
          ]
        }
      }
     ,{
        "id":"11400817626501809"
       ,"Identification":{
          "Name":"Color Fill"
         ,"Identifier":"CARDS_COLOR_FILL"
         ,"Group":"Animation (11400632038501808)"
         ,"Sequence":10
        }
       ,"Settings":{
          "Advanced":false
        }
       ,"Appearance":{
          "CSS Classes":[
            "t-Cards--animColorFill"
          ]
        }
      }
     ,{
        "id":"11401057888501809"
       ,"Identification":{
          "Name":"Raise Card"
         ,"Identifier":"CARD_RAISE_CARD"
         ,"Group":"Animation (11400632038501808)"
         ,"Sequence":20
        }
       ,"Settings":{
          "Advanced":false
        }
       ,"Appearance":{
          "CSS Classes":[
            "t-Cards--animRaiseCard"
          ]
        }
      }
     ,{
        "id":"11401242640501809"
       ,"Identification":{
          "Name":"Compact"
         ,"Identifier":"COMPACT"
         ,"Group":"Style (11383240541501799)"
         ,"Sequence":20
        }
       ,"Settings":{
          "Advanced":false
        }
       ,"Appearance":{
          "CSS Classes":[
            "t-Cards--compact"
          ]
        }
       ,"Help":{
          "Help Text":"Use this option when you want to show smaller cards."
        }
      }
     ,{
        "id":"11401598012501809"
       ,"Identification":{
          "Name":"Display Icons"
         ,"Identifier":"DISPLAY_ICONS"
         ,"Group":"Icons (11401472304501809)"
         ,"Sequence":10
        }
       ,"Settings":{
          "Advanced":false
        }
       ,"Appearance":{
          "CSS Classes":[
            "t-Cards--displayIcons"
          ]
        }
      }
     ,{
        "id":"11401791970501809"
       ,"Identification":{
          "Name":"Display Initials"
         ,"Identifier":"DISPLAY_INITIALS"
         ,"Group":"Icons (11401472304501809)"
         ,"Sequence":20
        }
       ,"Settings":{
          "Advanced":false
        }
       ,"Appearance":{
          "CSS Classes":[
            "t-Cards--displayInitials"
          ]
        }
      }
     ,{
        "id":"11401991066501809"
       ,"Identification":{
          "Name":"Display Subtitle"
         ,"Identifier":"DISPLAY_SUBTITLE"
         ,"Sequence":20
        }
       ,"Settings":{
          "Advanced":false
        }
       ,"Appearance":{
          "CSS Classes":[
            "t-Cards--displaySubtitle"
          ]
        }
      }
     ,{
        "id":"11402208367501809"
       ,"Identification":{
          "Name":"Featured"
         ,"Identifier":"FEATURED"
         ,"Group":"Style (11383240541501799)"
         ,"Sequence":30
        }
       ,"Settings":{
          "Advanced":false
        }
       ,"Appearance":{
          "CSS Classes":[
            "t-Cards--featured"
           ,"force-fa-lg"
          ]
        }
      }
     ,{
        "id":"11402436462501809"
       ,"Identification":{
          "Name":"Float"
         ,"Identifier":"FLOAT"
         ,"Group":"Layout (11383871328501800)"
         ,"Sequence":60
        }
       ,"Settings":{
          "Advanced":false
        }
       ,"Appearance":{
          "CSS Classes":[
            "t-Cards--float"
          ]
        }
      }
     ,{
        "id":"11402580074501809"
       ,"Identification":{
          "Name":"Hidden"
         ,"Identifier":"HIDDEN_BODY_TEXT"
         ,"Group":"Body Text (11398812082501808)"
         ,"Sequence":50
        }
       ,"Settings":{
          "Advanced":false
        }
       ,"Appearance":{
          "CSS Classes":[
            "t-Cards--hideBody"
          ]
        }
       ,"Help":{
          "Help Text":"This option hides the card body which contains description and subtext."
        }
      }
     ,{
        "id":"11402871989501809"
       ,"Identification":{
          "Name":"Rounded Corners"
         ,"Identifier":"ICONS_ROUNDED"
         ,"Group":"Icon Shape (11385067263501801)"
         ,"Sequence":10
        }
       ,"Settings":{
          "Advanced":false
        }
       ,"Appearance":{
          "CSS Classes":[
            "t-Cards--iconsRounded"
          ]
        }
       ,"Help":{
          "Help Text":"The icons are displayed within a square with rounded corners."
        }
      }
     ,{
        "id":"11403013676501809"
       ,"Identification":{
          "Name":"Square"
         ,"Identifier":"ICONS_SQUARE"
         ,"Group":"Icon Shape (11385067263501801)"
         ,"Sequence":20
        }
       ,"Settings":{
          "Advanced":false
        }
       ,"Appearance":{
          "CSS Classes":[
            "t-Cards--iconsSquare"
          ]
        }
       ,"Help":{
          "Help Text":"The icons are displayed within a square shape."
        }
      }
     ,{
        "id":"11403242875501809"
       ,"Identification":{
          "Name":"Span Horizontally"
         ,"Identifier":"SPAN_HORIZONTALLY"
         ,"Group":"Layout (11383871328501800)"
         ,"Sequence":70
        }
       ,"Settings":{
          "Advanced":false
        }
       ,"Appearance":{
          "CSS Classes":[
            "t-Cards--spanHorizontally"
          ]
        }
      }
     ,{
        "id":"11403407344501809"
       ,"Identification":{
          "Name":"Apply Theme Colors"
         ,"Identifier":"USE_THEME_COLORS"
         ,"Sequence":10
        }
       ,"Settings":{
          "Advanced":false
        }
       ,"Appearance":{
          "CSS Classes":[
            "u-colors"
          ]
        }
      }
    ]
  }
 ,{
    "id":"11403570969501809"
   ,"Identification":{
      "Name":"Search Results"
     ,"Identifier":"SEARCH_RESULTS"
     ,"Class":"Borderless"
    }
   ,"Subscription":{
      "Master":{
        "Referenced Id":"4070913431524059316"
      }
    }
   ,"Advanced":{
      "Translatable":false
    }
   ,"Attributes":{
      "Type":"Named Column (row template)"
    }
   ,"Report Template":{
      "Top":"\u003Cdiv class=\"t-SearchResults #COMPONENT_CSS_CLASSES#\" #REPORT_ATTRIBUTES# id=\"#REGION_STATIC_ID#_report\" data-region-id=\"#REGION_STATIC_ID#\"\u003E\n\u003Cul class=\"t-SearchResults-list\"\u003E"
     ,"Bottom":"\u003C\/ul\u003E\n\u003Ctable class=\"t-Report-pagination\" role=\"presentation\"\u003E#PAGINATION#\u003C\/table\u003E\n\u003C\/div\u003E"
    }
   ,"Row Template 1":{
      "Template":"  \u003Cli class=\"t-SearchResults-item\"\u003E\n    \u003Ch3 class=\"t-SearchResults-title\"\u003E\u003Ca href=\"#SEARCH_LINK#\"\u003E#SEARCH_TITLE#\u003C\/a\u003E\u003C\/h3\u003E\n    \u003Cdiv class=\"t-SearchResults-info\"\u003E\n      \u003Cp class=\"t-SearchResults-desc\"\u003E#SEARCH_DESC#\u003C\/p\u003E\n      \u003Cspan class=\"t-SearchResults-misc\"\u003E#LABEL_01#: #VALUE_01#\u003C\/span\u003E\n    \u003C\/div\u003E\n  \u003C\/li\u003E"
     ,"Condition":"Use Based on PL\/SQL Expression"
     ,"PL\/SQL Expression":":LABEL_02 is null"
    }
   ,"Row Template 2":{
      "Template":"  \u003Cli class=\"t-SearchResults-item\"\u003E\n    \u003Ch3 class=\"t-SearchResults-title\"\u003E\u003Ca href=\"#SEARCH_LINK#\"\u003E#SEARCH_TITLE#\u003C\/a\u003E\u003C\/h3\u003E\n    \u003Cdiv class=\"t-SearchResults-info\"\u003E\n      \u003Cp class=\"t-SearchResults-desc\"\u003E#SEARCH_DESC#\u003C\/p\u003E\n      \u003Cspan class=\"t-SearchResults-misc\"\u003E#LABEL_01#: #VALUE_01#\u003C\/span\u003E\n      \u003Cspan class=\"t-SearchResults-misc\"\u003E#LABEL_02#: #VALUE_02#\u003C\/span\u003E\n    \u003C\/div\u003E\n  \u003C\/li\u003E"
     ,"Condition":"Use Based on PL\/SQL Expression"
     ,"PL\/SQL Expression":":LABEL_03 is null"
    }
   ,"Row Template 3":{
      "Template":"  \u003Cli class=\"t-SearchResults-item\"\u003E\n    \u003Ch3 class=\"t-SearchResults-title\"\u003E\u003Ca href=\"#SEARCH_LINK#\"\u003E#SEARCH_TITLE#\u003C\/a\u003E\u003C\/h3\u003E\n    \u003Cdiv class=\"t-SearchResults-info\"\u003E\n      \u003Cp class=\"t-SearchResults-desc\"\u003E#SEARCH_DESC#\u003C\/p\u003E\n      \u003Cspan class=\"t-SearchResults-misc\"\u003E#LABEL_01#: #VALUE_01#\u003C\/span\u003E\n      \u003Cspan class=\"t-SearchResults-misc\"\u003E#LABEL_02#: #VALUE_02#\u003C\/span\u003E\n      \u003Cspan class=\"t-SearchResults-misc\"\u003E#LABEL_03#: #VALUE_03#\u003C\/span\u003E\n    \u003C\/div\u003E\n  \u003C\/li\u003E"
     ,"Condition":"Use Based on PL\/SQL Expression"
     ,"PL\/SQL Expression":":LABEL_04 is null"
    }
   ,"Row Template 4":{
      "Template":"  \u003Cli class=\"t-SearchResults-item\"\u003E\n    \u003Ch3 class=\"t-SearchResults-title\"\u003E\u003Ca href=\"#SEARCH_LINK#\"\u003E#SEARCH_TITLE#\u003C\/a\u003E\u003C\/h3\u003E\n    \u003Cdiv class=\"t-SearchResults-info\"\u003E\n      \u003Cp class=\"t-SearchResults-desc\"\u003E#SEARCH_DESC#\u003C\/p\u003E\n      \u003Cspan class=\"t-SearchResults-misc\"\u003E#LABEL_01#: #VALUE_01#\u003C\/span\u003E\n      \u003Cspan class=\"t-SearchResults-misc\"\u003E#LABEL_02#: #VALUE_02#\u003C\/span\u003E\n      \u003Cspan class=\"t-SearchResults-misc\"\u003E#LABEL_03#: #VALUE_03#\u003C\/span\u003E\n      \u003Cspan class=\"t-SearchResults-misc\"\u003E#LABEL_04#: #VALUE_04#\u003C\/span\u003E\n    \u003C\/div\u003E\n  \u003C\/li\u003E"
     ,"Condition":"Use Based on PL\/SQL Expression"
    }
   ,"Pagination Subtemplates":{
      "Pagination":"\u003Cspan class=\"t-Report-paginationText\"\u003E#TEXT#\u003C\/span\u003E"
     ,"Next Page":"\u003Ca href=\"#LINK#\" class=\"t-Button t-Button--small t-Button--noUI t-Report-paginationLink t-Report-paginationLink--next\"\u003E\n  #PAGINATION_NEXT#\u003Cspan class=\"a-Icon icon-right-arrow\"\u003E\u003C\/span\u003E\n\u003C\/a\u003E"
     ,"Previous Page":"\u003Ca href=\"#LINK#\" class=\"t-Button t-Button--small t-Button--noUI t-Report-paginationLink t-Report-paginationLink--prev\"\u003E\n  \u003Cspan class=\"a-Icon icon-left-arrow\"\u003E\u003C\/span\u003E#PAGINATION_PREVIOUS#\n\u003C\/a\u003E"
     ,"Next Set":"\u003Ca href=\"#LINK#\" class=\"t-Button t-Button--small t-Button--noUI t-Report-paginationLink t-Report-paginationLink--next\"\u003E\n  #PAGINATION_NEXT_SET#\u003Cspan class=\"a-Icon icon-right-arrow\"\u003E\u003C\/span\u003E\n\u003C\/a\u003E"
     ,"Previous Set":"\u003Ca href=\"#LINK#\" class=\"t-Button t-Button--small t-Button--noUI t-Report-paginationLink t-Report-paginationLink--prev\"\u003E\n  \u003Cspan class=\"a-Icon icon-left-arrow\"\u003E\u003C\/span\u003E#PAGINATION_PREVIOUS_SET#\n\u003C\/a\u003E"
    }
   ,"Comments":{
      "Comments":" (SELECT link_text, link_target, detail1, detail2, last_modified)"
    }
  }
]
