[
  {
    "id":"11425909846501827"
   ,"Identification":{
      "Name":"Hidden"
     ,"Identifier":"HIDDEN"
     ,"Class":"No Label"
    }
   ,"Subscription":{
      "Master":{
        "Referenced Id":"2039339104148359505"
      }
    }
   ,"Advanced":{
      "Translatable":false
    }
   ,"Label":{
      "Before":"\u003Cdiv class=\"t-Form-labelContainer t-Form-labelContainer--hiddenLabel col col-#LABEL_COLUMN_SPAN_NUMBER#\"\u003E\n\u003Clabel for=\"#CURRENT_ITEM_NAME#\" id=\"#LABEL_ID#\" class=\"t-Form-label u-VisuallyHidden\"\u003E"
     ,"After":"\u003C\/label\u003E\n\u003C\/div\u003E"
    }
   ,"Item":{
      "Before":"\u003Cdiv class=\"t-Form-inputContainer col col-#ITEM_COLUMN_SPAN_NUMBER#\"\u003E\u003Cdiv class=\"t-Form-itemWrapper\"\u003E#ITEM_PRE_TEXT#"
     ,"After":"#ITEM_POST_TEXT##HELP_TEMPLATE#\u003C\/div\u003E#INLINE_HELP_TEMPLATE##ERROR_TEMPLATE#\u003C\/div\u003E"
     ,"Pre Text":"\u003Cspan class=\"t-Form-itemText t-Form-itemText--pre\"\u003E#CURRENT_ITEM_PRE_TEXT#\u003C\/span\u003E"
     ,"Post Text":"\u003Cspan class=\"t-Form-itemText t-Form-itemText--post\"\u003E#CURRENT_ITEM_POST_TEXT#\u003C\/span\u003E"
    }
   ,"Help":{
      "Invoke":"\u003Cbutton class=\"t-Form-helpButton js-itemHelp\" data-itemhelp=\"#CURRENT_ITEM_ID#\" title=\"#CURRENT_ITEM_HELP_LABEL#\" aria-label=\"#CURRENT_ITEM_HELP_LABEL#\" tabindex=\"-1\" type=\"button\"\u003E\u003Cspan class=\"a-Icon icon-help\" aria-hidden=\"true\"\u003E\u003C\/span\u003E\u003C\/button\u003E"
     ,"Inline":"\u003Cspan class=\"t-Form-inlineHelp\"\u003E#CURRENT_ITEM_INLINE_HELP_TEXT#\u003C\/span\u003E"
    }
   ,"Error Templates":{
      "Error Template":"\u003Cspan class=\"t-Form-error\"\u003E#ERROR_MESSAGE#\u003C\/span\u003E"
    }
   ,"Field Container":{
      "Before Label and Item":"\u003Cdiv class=\"t-Form-fieldContainer t-Form-fieldContainer--hiddenLabel rel-col #ITEM_CSS_CLASSES#\" id=\"#CURRENT_ITEM_CONTAINER_ID#\"\u003E"
     ,"After Label and Item":"\u003C\/div\u003E"
    }
  }
 ,{
    "id":"11425986893501828"
   ,"Identification":{
      "Name":"Optional"
     ,"Identifier":"OPTIONAL"
     ,"Class":"Optional Label"
    }
   ,"Subscription":{
      "Master":{
        "Referenced Id":"2317154212072806530"
      }
    }
   ,"Advanced":{
      "Translatable":false
    }
   ,"Label":{
      "Before":"\u003Cdiv class=\"t-Form-labelContainer col col-#LABEL_COLUMN_SPAN_NUMBER#\"\u003E\n\u003Clabel for=\"#CURRENT_ITEM_NAME#\" id=\"#LABEL_ID#\" class=\"t-Form-label\"\u003E"
     ,"After":"\u003C\/label\u003E\n\u003C\/div\u003E\n"
    }
   ,"Item":{
      "Before":"\u003Cdiv class=\"t-Form-inputContainer col col-#ITEM_COLUMN_SPAN_NUMBER#\"\u003E\u003Cdiv class=\"t-Form-itemWrapper\"\u003E#ITEM_PRE_TEXT#"
     ,"After":"#ITEM_POST_TEXT##HELP_TEMPLATE#\u003C\/div\u003E#INLINE_HELP_TEMPLATE##ERROR_TEMPLATE#\u003C\/div\u003E"
     ,"Pre Text":"\u003Cspan class=\"t-Form-itemText t-Form-itemText--pre\"\u003E#CURRENT_ITEM_PRE_TEXT#\u003C\/span\u003E"
     ,"Post Text":"\u003Cspan class=\"t-Form-itemText t-Form-itemText--post\"\u003E#CURRENT_ITEM_POST_TEXT#\u003C\/span\u003E"
    }
   ,"Help":{
      "Invoke":"\u003Cbutton class=\"t-Form-helpButton js-itemHelp\" data-itemhelp=\"#CURRENT_ITEM_ID#\" title=\"#CURRENT_ITEM_HELP_LABEL#\" aria-label=\"#CURRENT_ITEM_HELP_LABEL#\" tabindex=\"-1\" type=\"button\"\u003E\u003Cspan class=\"a-Icon icon-help\" aria-hidden=\"true\"\u003E\u003C\/span\u003E\u003C\/button\u003E"
     ,"Inline":"\u003Cspan class=\"t-Form-inlineHelp\"\u003E#CURRENT_ITEM_INLINE_HELP_TEXT#\u003C\/span\u003E"
    }
   ,"Error Templates":{
      "Error Template":"\u003Cspan class=\"t-Form-error\"\u003E#ERROR_MESSAGE#\u003C\/span\u003E"
    }
   ,"Field Container":{
      "Before Label and Item":"\u003Cdiv class=\"t-Form-fieldContainer rel-col #ITEM_CSS_CLASSES#\" id=\"#CURRENT_ITEM_CONTAINER_ID#\"\u003E"
     ,"After Label and Item":"\u003C\/div\u003E"
    }
  }
 ,{
    "id":"11426114126501828"
   ,"Identification":{
      "Name":"Optional - Above"
     ,"Identifier":"OPTIONAL_ABOVE"
     ,"Class":"Optional Label"
    }
   ,"Subscription":{
      "Master":{
        "Referenced Id":"3030114864004968404"
      }
    }
   ,"Advanced":{
      "Translatable":false
    }
   ,"Label":{
      "Before":"\u003Cdiv class=\"t-Form-labelContainer\"\u003E\n\u003Clabel for=\"#CURRENT_ITEM_NAME#\" id=\"#LABEL_ID#\" class=\"t-Form-label\"\u003E"
     ,"After":"\u003C\/label\u003E#HELP_TEMPLATE#\n\u003C\/div\u003E"
    }
   ,"Item":{
      "Before":"\u003Cdiv class=\"t-Form-inputContainer\"\u003E\u003Cdiv class=\"t-Form-itemWrapper\"\u003E#ITEM_PRE_TEXT#"
     ,"After":"#ITEM_POST_TEXT#\u003C\/div\u003E#INLINE_HELP_TEMPLATE##ERROR_TEMPLATE#\u003C\/div\u003E"
     ,"Pre Text":"\u003Cspan class=\"t-Form-itemText t-Form-itemText--pre\"\u003E#CURRENT_ITEM_PRE_TEXT#\u003C\/span\u003E"
     ,"Post Text":"\u003Cspan class=\"t-Form-itemText t-Form-itemText--post\"\u003E#CURRENT_ITEM_POST_TEXT#\u003C\/span\u003E"
    }
   ,"Help":{
      "Invoke":"\u003Cbutton class=\"t-Form-helpButton js-itemHelp\" data-itemhelp=\"#CURRENT_ITEM_ID#\" title=\"#CURRENT_ITEM_HELP_LABEL#\" aria-label=\"#CURRENT_ITEM_HELP_LABEL#\" tabindex=\"-1\" type=\"button\"\u003E\u003Cspan class=\"a-Icon icon-help\" aria-hidden=\"true\"\u003E\u003C\/span\u003E\u003C\/button\u003E"
     ,"Inline":"\u003Cspan class=\"t-Form-inlineHelp\"\u003E#CURRENT_ITEM_INLINE_HELP_TEXT#\u003C\/span\u003E"
    }
   ,"Error Templates":{
      "Error Template":"\u003Cspan class=\"t-Form-error\"\u003E#ERROR_MESSAGE#\u003C\/span\u003E"
    }
   ,"Field Container":{
      "Before Label and Item":"\u003Cdiv class=\"t-Form-fieldContainer t-Form-fieldContainer--stacked #ITEM_CSS_CLASSES#\" id=\"#CURRENT_ITEM_CONTAINER_ID#\"\u003E"
     ,"After Label and Item":"\u003C\/div\u003E"
    }
  }
 ,{
    "id":"11426260554501828"
   ,"Identification":{
      "Name":"Optional - Floating"
     ,"Identifier":"OPTIONAL_FLOATING"
     ,"Class":"Optional Label"
    }
   ,"Subscription":{
      "Master":{
        "Referenced Id":"1607675164727151865"
      }
    }
   ,"Advanced":{
      "Translatable":false
    }
   ,"Label":{
      "Before":"\u003Cdiv class=\"t-Form-labelContainer\"\u003E\n\u003Clabel for=\"#CURRENT_ITEM_NAME#\" id=\"#LABEL_ID#\" class=\"t-Form-label\"\u003E"
     ,"After":"\u003C\/label\u003E\n\u003C\/div\u003E"
    }
   ,"Item":{
      "Before":"\u003Cdiv class=\"t-Form-inputContainer\"\u003E\u003Cdiv class=\"t-Form-itemWrapper\"\u003E#ITEM_PRE_TEXT#"
     ,"After":"#ITEM_POST_TEXT##HELP_TEMPLATE#\u003C\/div\u003E#INLINE_HELP_TEMPLATE##ERROR_TEMPLATE#\u003C\/div\u003E"
     ,"Pre Text":"\u003Cspan class=\"t-Form-itemText t-Form-itemText--pre\"\u003E#CURRENT_ITEM_PRE_TEXT#\u003C\/span\u003E"
     ,"Post Text":"\u003Cspan class=\"t-Form-itemText t-Form-itemText--post\"\u003E#CURRENT_ITEM_POST_TEXT#\u003C\/span\u003E"
    }
   ,"Help":{
      "Invoke":"\u003Cbutton class=\"t-Form-helpButton js-itemHelp\" data-itemhelp=\"#CURRENT_ITEM_ID#\" title=\"#CURRENT_ITEM_HELP_LABEL#\" aria-label=\"#CURRENT_ITEM_HELP_LABEL#\" tabindex=\"-1\" type=\"button\"\u003E\u003Cspan class=\"a-Icon icon-help\" aria-hidden=\"true\"\u003E\u003C\/span\u003E\u003C\/button\u003E"
     ,"Inline":"\u003Cspan class=\"t-Form-inlineHelp\"\u003E#CURRENT_ITEM_INLINE_HELP_TEXT#\u003C\/span\u003E"
    }
   ,"Error Templates":{
      "Error Template":"\u003Cspan class=\"t-Form-error\"\u003E#ERROR_MESSAGE#\u003C\/span\u003E"
    }
   ,"Field Container":{
      "Before Label and Item":"\u003Cdiv class=\"t-Form-fieldContainer t-Form-fieldContainer--floatingLabel #ITEM_CSS_CLASSES#\" id=\"#CURRENT_ITEM_CONTAINER_ID#\"\u003E"
     ,"After Label and Item":"\u003C\/div\u003E"
    }
  }
 ,{
    "id":"11426354258501828"
   ,"Identification":{
      "Name":"Required"
     ,"Identifier":"REQUIRED"
     ,"Class":"Required Label"
    }
   ,"Subscription":{
      "Master":{
        "Referenced Id":"2525313812251712801"
      }
    }
   ,"Advanced":{
      "Translatable":false
    }
   ,"Label":{
      "Before":"\u003Cdiv class=\"t-Form-labelContainer col col-#LABEL_COLUMN_SPAN_NUMBER#\"\u003E\n  \u003Clabel for=\"#CURRENT_ITEM_NAME#\" id=\"#LABEL_ID#\" class=\"t-Form-label\"\u003E"
     ,"After":" \u003Cspan class=\"u-VisuallyHidden\"\u003E(#VALUE_REQUIRED#)\u003C\/span\u003E\u003C\/label\u003E\n\u003C\/div\u003E"
    }
   ,"Item":{
      "Before":"\u003Cdiv class=\"t-Form-inputContainer col col-#ITEM_COLUMN_SPAN_NUMBER#\"\u003E\u003Cdiv class=\"t-Form-itemWrapper\"\u003E#ITEM_PRE_TEXT#"
     ,"After":"#ITEM_POST_TEXT##HELP_TEMPLATE#\u003C\/div\u003E#INLINE_HELP_TEMPLATE##ERROR_TEMPLATE#\u003C\/div\u003E"
     ,"Pre Text":"\u003Cspan class=\"t-Form-itemText t-Form-itemText--pre\"\u003E#CURRENT_ITEM_PRE_TEXT#\u003C\/span\u003E"
     ,"Post Text":"\u003Cspan class=\"t-Form-itemText t-Form-itemText--post\"\u003E#CURRENT_ITEM_POST_TEXT#\u003C\/span\u003E"
    }
   ,"Help":{
      "Invoke":"\u003Cbutton class=\"t-Form-helpButton js-itemHelp\" data-itemhelp=\"#CURRENT_ITEM_ID#\" title=\"#CURRENT_ITEM_HELP_LABEL#\" aria-label=\"#CURRENT_ITEM_HELP_LABEL#\" tabindex=\"-1\" type=\"button\"\u003E\u003Cspan class=\"a-Icon icon-help\" aria-hidden=\"true\"\u003E\u003C\/span\u003E\u003C\/button\u003E"
     ,"Inline":"\u003Cspan class=\"t-Form-inlineHelp\"\u003E#CURRENT_ITEM_INLINE_HELP_TEXT#\u003C\/span\u003E"
    }
   ,"Error Templates":{
      "Error Template":"\u003Cspan class=\"t-Form-error\"\u003E#ERROR_MESSAGE#\u003C\/span\u003E"
    }
   ,"Field Container":{
      "Before Label and Item":"\u003Cdiv class=\"t-Form-fieldContainer is-required rel-col #ITEM_CSS_CLASSES#\" id=\"#CURRENT_ITEM_CONTAINER_ID#\"\u003E"
     ,"After Label and Item":"\u003C\/div\u003E"
    }
  }
 ,{
    "id":"11426399022501829"
   ,"Identification":{
      "Name":"Required - Above"
     ,"Identifier":"REQUIRED_ABOVE"
     ,"Class":"Required Label"
    }
   ,"Subscription":{
      "Master":{
        "Referenced Id":"3030115129444970113"
      }
    }
   ,"Advanced":{
      "Translatable":false
    }
   ,"Label":{
      "Before":"\u003Cdiv class=\"t-Form-labelContainer\"\u003E\n  \u003Clabel for=\"#CURRENT_ITEM_NAME#\" id=\"#LABEL_ID#\" class=\"t-Form-label\"\u003E"
     ,"After":" \u003Cspan class=\"u-VisuallyHidden\"\u003E(#VALUE_REQUIRED#)\u003C\/span\u003E\u003C\/label\u003E #HELP_TEMPLATE#\n\u003C\/div\u003E"
    }
   ,"Item":{
      "Before":"\u003Cdiv class=\"t-Form-inputContainer\"\u003E\u003Cdiv class=\"t-Form-itemWrapper\"\u003E#ITEM_PRE_TEXT#"
     ,"After":"#ITEM_POST_TEXT#\u003C\/div\u003E#INLINE_HELP_TEMPLATE##ERROR_TEMPLATE#\u003C\/div\u003E"
     ,"Pre Text":"\u003Cspan class=\"t-Form-itemText t-Form-itemText--pre\"\u003E#CURRENT_ITEM_PRE_TEXT#\u003C\/span\u003E"
     ,"Post Text":"\u003Cspan class=\"t-Form-itemText t-Form-itemText--post\"\u003E#CURRENT_ITEM_POST_TEXT#\u003C\/span\u003E"
    }
   ,"Help":{
      "Invoke":"\u003Cbutton class=\"t-Form-helpButton js-itemHelp\" data-itemhelp=\"#CURRENT_ITEM_ID#\" title=\"#CURRENT_ITEM_HELP_LABEL#\" aria-label=\"#CURRENT_ITEM_HELP_LABEL#\" tabindex=\"-1\" type=\"button\"\u003E\u003Cspan class=\"a-Icon icon-help\" aria-hidden=\"true\"\u003E\u003C\/span\u003E\u003C\/button\u003E"
     ,"Inline":"\u003Cspan class=\"t-Form-inlineHelp\"\u003E#CURRENT_ITEM_INLINE_HELP_TEXT#\u003C\/span\u003E"
    }
   ,"Error Templates":{
      "Error Template":"\u003Cspan class=\"t-Form-error\"\u003E#ERROR_MESSAGE#\u003C\/span\u003E"
    }
   ,"Field Container":{
      "Before Label and Item":"\u003Cdiv class=\"t-Form-fieldContainer t-Form-fieldContainer--stacked is-required #ITEM_CSS_CLASSES#\" id=\"#CURRENT_ITEM_CONTAINER_ID#\"\u003E"
     ,"After Label and Item":"\u003C\/div\u003E"
    }
  }
 ,{
    "id":"11426491132501829"
   ,"Identification":{
      "Name":"Required - Floating"
     ,"Identifier":"REQUIRED_FLOATING"
     ,"Class":"Required Label"
    }
   ,"Subscription":{
      "Master":{
        "Referenced Id":"1607675344320152883"
      }
    }
   ,"Advanced":{
      "Translatable":false
    }
   ,"Label":{
      "Before":"\u003Cdiv class=\"t-Form-labelContainer\"\u003E\n  \u003Clabel for=\"#CURRENT_ITEM_NAME#\" id=\"#LABEL_ID#\" class=\"t-Form-label\"\u003E"
     ,"After":" \u003Cspan class=\"u-VisuallyHidden\"\u003E(#VALUE_REQUIRED#)\u003C\/span\u003E\u003C\/label\u003E\n\u003C\/div\u003E"
    }
   ,"Item":{
      "Before":"\u003Cdiv class=\"t-Form-inputContainer\"\u003E\u003Cdiv class=\"t-Form-itemWrapper\"\u003E#ITEM_PRE_TEXT#"
     ,"After":"#ITEM_POST_TEXT##HELP_TEMPLATE#\u003C\/div\u003E#INLINE_HELP_TEMPLATE##ERROR_TEMPLATE#\u003C\/div\u003E"
     ,"Pre Text":"\u003Cspan class=\"t-Form-itemText t-Form-itemText--pre\"\u003E#CURRENT_ITEM_PRE_TEXT#\u003C\/span\u003E"
     ,"Post Text":"\u003Cspan class=\"t-Form-itemText t-Form-itemText--post\"\u003E#CURRENT_ITEM_POST_TEXT#\u003C\/span\u003E"
    }
   ,"Help":{
      "Invoke":"\u003Cbutton class=\"t-Form-helpButton js-itemHelp\" data-itemhelp=\"#CURRENT_ITEM_ID#\" title=\"#CURRENT_ITEM_HELP_LABEL#\" aria-label=\"#CURRENT_ITEM_HELP_LABEL#\" tabindex=\"-1\" type=\"button\"\u003E\u003Cspan class=\"a-Icon icon-help\" aria-hidden=\"true\"\u003E\u003C\/span\u003E\u003C\/button\u003E"
     ,"Inline":"\u003Cspan class=\"t-Form-inlineHelp\"\u003E#CURRENT_ITEM_INLINE_HELP_TEXT#\u003C\/span\u003E"
    }
   ,"Error Templates":{
      "Error Template":"\u003Cspan class=\"t-Form-error\"\u003E#ERROR_MESSAGE#\u003C\/span\u003E"
    }
   ,"Field Container":{
      "Before Label and Item":"\u003Cdiv class=\"t-Form-fieldContainer t-Form-fieldContainer--floatingLabel is-required #ITEM_CSS_CLASSES#\" id=\"#CURRENT_ITEM_CONTAINER_ID#\"\u003E"
     ,"After Label and Item":"\u003C\/div\u003E"
    }
  }
]
