[
  {
    "id":"11430494280501845"
   ,"Identification":{
      "Template Type":"Item"
     ,"Name":"Large"
     ,"Identifier":"FBM_LARGE"
     ,"Group":"Bottom Margin (11430298482501845)"
     ,"Sequence":40
    }
   ,"Settings":{
      "Advanced":false
    }
   ,"Appearance":{
      "CSS Classes":[
        "margin-bottom-lg"
      ]
    }
   ,"Help":{
      "Help Text":"Adds a large bottom margin for this field."
    }
  }
 ,{
    "id":"11430890259501845"
   ,"Identification":{
      "Template Type":"Region"
     ,"Name":"Large"
     ,"Identifier":"RBM_LARGE"
     ,"Group":"Bottom Margin (11430698652501845)"
     ,"Sequence":40
    }
   ,"Settings":{
      "Advanced":false
    }
   ,"Appearance":{
      "CSS Classes":[
        "margin-bottom-lg"
      ]
    }
   ,"Help":{
      "Help Text":"Adds a large bottom margin to the region."
    }
  }
 ,{
    "id":"11431127174501845"
   ,"Identification":{
      "Template Type":"Item"
     ,"Name":"Medium"
     ,"Identifier":"FBM_MEDIUM"
     ,"Group":"Bottom Margin (11430298482501845)"
     ,"Sequence":30
    }
   ,"Settings":{
      "Advanced":false
    }
   ,"Appearance":{
      "CSS Classes":[
        "margin-bottom-md"
      ]
    }
   ,"Help":{
      "Help Text":"Adds a medium bottom margin for this field."
    }
  }
 ,{
    "id":"11431303959501845"
   ,"Identification":{
      "Template Type":"Region"
     ,"Name":"Medium"
     ,"Identifier":"RBM_MEDIUM"
     ,"Group":"Bottom Margin (11430698652501845)"
     ,"Sequence":30
    }
   ,"Settings":{
      "Advanced":false
    }
   ,"Appearance":{
      "CSS Classes":[
        "margin-bottom-md"
      ]
    }
   ,"Help":{
      "Help Text":"Adds a medium bottom margin to the region."
    }
  }
 ,{
    "id":"11431561406501846"
   ,"Identification":{
      "Template Type":"Item"
     ,"Name":"None"
     ,"Identifier":"FBM_NONE"
     ,"Group":"Bottom Margin (11430298482501845)"
     ,"Sequence":10
    }
   ,"Settings":{
      "Advanced":false
    }
   ,"Appearance":{
      "CSS Classes":[
        "margin-bottom-none"
      ]
    }
   ,"Help":{
      "Help Text":"Removes the bottom margin for this field."
    }
  }
 ,{
    "id":"11431708976501846"
   ,"Identification":{
      "Template Type":"Region"
     ,"Name":"None"
     ,"Identifier":"RBM_NONE"
     ,"Group":"Bottom Margin (11430698652501845)"
     ,"Sequence":10
    }
   ,"Settings":{
      "Advanced":false
    }
   ,"Appearance":{
      "CSS Classes":[
        "margin-bottom-none"
      ]
    }
   ,"Help":{
      "Help Text":"Removes the bottom margin for this region."
    }
  }
 ,{
    "id":"11431948620501846"
   ,"Identification":{
      "Template Type":"Item"
     ,"Name":"Small"
     ,"Identifier":"FBM_SMALL"
     ,"Group":"Bottom Margin (11430298482501845)"
     ,"Sequence":20
    }
   ,"Settings":{
      "Advanced":false
    }
   ,"Appearance":{
      "CSS Classes":[
        "margin-bottom-sm"
      ]
    }
   ,"Help":{
      "Help Text":"Adds a small bottom margin for this field."
    }
  }
 ,{
    "id":"11432120832501846"
   ,"Identification":{
      "Template Type":"Region"
     ,"Name":"Small"
     ,"Identifier":"RBM_SMALL"
     ,"Group":"Bottom Margin (11430698652501845)"
     ,"Sequence":20
    }
   ,"Settings":{
      "Advanced":false
    }
   ,"Appearance":{
      "CSS Classes":[
        "margin-bottom-sm"
      ]
    }
   ,"Help":{
      "Help Text":"Adds a small bottom margin to the region."
    }
  }
 ,{
    "id":"11432487642501846"
   ,"Identification":{
      "Template Type":"Item"
     ,"Name":"Large"
     ,"Identifier":"FLM_LARGE"
     ,"Group":"Left Margin (11432286754501846)"
     ,"Sequence":40
    }
   ,"Settings":{
      "Advanced":false
    }
   ,"Appearance":{
      "CSS Classes":[
        "margin-left-lg"
      ]
    }
   ,"Help":{
      "Help Text":"Adds a large left margin for this field."
    }
  }
 ,{
    "id":"11432944179501846"
   ,"Identification":{
      "Template Type":"Region"
     ,"Name":"Large"
     ,"Identifier":"RLM_LARGE"
     ,"Group":"Left Margin (11432728528501846)"
     ,"Sequence":40
    }
   ,"Settings":{
      "Advanced":false
    }
   ,"Appearance":{
      "CSS Classes":[
        "margin-left-lg"
      ]
    }
   ,"Help":{
      "Help Text":"Adds a large right margin to the region."
    }
  }
 ,{
    "id":"11433163258501846"
   ,"Identification":{
      "Template Type":"Item"
     ,"Name":"Medium"
     ,"Identifier":"FLM_MEDIUM"
     ,"Group":"Left Margin (11432286754501846)"
     ,"Sequence":30
    }
   ,"Settings":{
      "Advanced":false
    }
   ,"Appearance":{
      "CSS Classes":[
        "margin-left-md"
      ]
    }
   ,"Help":{
      "Help Text":"Adds a medium left margin for this field."
    }
  }
 ,{
    "id":"11433312956501846"
   ,"Identification":{
      "Template Type":"Region"
     ,"Name":"Medium"
     ,"Identifier":"RLM_MEDIUM"
     ,"Group":"Left Margin (11432728528501846)"
     ,"Sequence":30
    }
   ,"Settings":{
      "Advanced":false
    }
   ,"Appearance":{
      "CSS Classes":[
        "margin-left-md"
      ]
    }
   ,"Help":{
      "Help Text":"Adds a medium right margin to the region."
    }
  }
 ,{
    "id":"11433489133501846"
   ,"Identification":{
      "Template Type":"Item"
     ,"Name":"None"
     ,"Identifier":"FLM_NONE"
     ,"Group":"Left Margin (11432286754501846)"
     ,"Sequence":10
    }
   ,"Settings":{
      "Advanced":false
    }
   ,"Appearance":{
      "CSS Classes":[
        "margin-left-none"
      ]
    }
   ,"Help":{
      "Help Text":"Removes the left margin for this field."
    }
  }
 ,{
    "id":"11433759982501846"
   ,"Identification":{
      "Template Type":"Region"
     ,"Name":"None"
     ,"Identifier":"RLM_NONE"
     ,"Group":"Left Margin (11432728528501846)"
     ,"Sequence":10
    }
   ,"Settings":{
      "Advanced":false
    }
   ,"Appearance":{
      "CSS Classes":[
        "margin-left-none"
      ]
    }
   ,"Help":{
      "Help Text":"Removes the left margin from the region."
    }
  }
 ,{
    "id":"11433976260501847"
   ,"Identification":{
      "Template Type":"Item"
     ,"Name":"Small"
     ,"Identifier":"FLM_SMALL"
     ,"Group":"Left Margin (11432286754501846)"
     ,"Sequence":20
    }
   ,"Settings":{
      "Advanced":false
    }
   ,"Appearance":{
      "CSS Classes":[
        "margin-left-sm"
      ]
    }
   ,"Help":{
      "Help Text":"Adds a small left margin for this field."
    }
  }
 ,{
    "id":"11434160498501847"
   ,"Identification":{
      "Template Type":"Region"
     ,"Name":"Small"
     ,"Identifier":"RLM_SMALL"
     ,"Group":"Left Margin (11432728528501846)"
     ,"Sequence":20
    }
   ,"Settings":{
      "Advanced":false
    }
   ,"Appearance":{
      "CSS Classes":[
        "margin-left-sm"
      ]
    }
   ,"Help":{
      "Help Text":"Adds a small left margin to the region."
    }
  }
 ,{
    "id":"11434573383501847"
   ,"Identification":{
      "Template Type":"Item"
     ,"Name":"Large"
     ,"Identifier":"FRM_LARGE"
     ,"Group":"Right Margin (11434335615501847)"
     ,"Sequence":40
    }
   ,"Settings":{
      "Advanced":false
    }
   ,"Appearance":{
      "CSS Classes":[
        "margin-right-lg"
      ]
    }
   ,"Help":{
      "Help Text":"Adds a large right margin for this field."
    }
  }
 ,{
    "id":"11434973807501847"
   ,"Identification":{
      "Template Type":"Region"
     ,"Name":"Large"
     ,"Identifier":"RRM_LARGE"
     ,"Group":"Right Margin (11434704904501847)"
     ,"Sequence":40
    }
   ,"Settings":{
      "Advanced":false
    }
   ,"Appearance":{
      "CSS Classes":[
        "margin-right-lg"
      ]
    }
   ,"Help":{
      "Help Text":"Adds a large right margin to the region."
    }
  }
 ,{
    "id":"11435096330501847"
   ,"Identification":{
      "Template Type":"Item"
     ,"Name":"Medium"
     ,"Identifier":"FRM_MEDIUM"
     ,"Group":"Right Margin (11434335615501847)"
     ,"Sequence":30
    }
   ,"Settings":{
      "Advanced":false
    }
   ,"Appearance":{
      "CSS Classes":[
        "margin-right-md"
      ]
    }
   ,"Help":{
      "Help Text":"Adds a medium right margin for this field."
    }
  }
 ,{
    "id":"11435370520501847"
   ,"Identification":{
      "Template Type":"Region"
     ,"Name":"Medium"
     ,"Identifier":"RRM_MEDIUM"
     ,"Group":"Right Margin (11434704904501847)"
     ,"Sequence":30
    }
   ,"Settings":{
      "Advanced":false
    }
   ,"Appearance":{
      "CSS Classes":[
        "margin-right-md"
      ]
    }
   ,"Help":{
      "Help Text":"Adds a medium right margin to the region."
    }
  }
 ,{
    "id":"11435543488501847"
   ,"Identification":{
      "Template Type":"Item"
     ,"Name":"None"
     ,"Identifier":"FRM_NONE"
     ,"Group":"Right Margin (11434335615501847)"
     ,"Sequence":10
    }
   ,"Settings":{
      "Advanced":false
    }
   ,"Appearance":{
      "CSS Classes":[
        "margin-right-none"
      ]
    }
   ,"Help":{
      "Help Text":"Removes the right margin for this field."
    }
  }
 ,{
    "id":"11435712400501847"
   ,"Identification":{
      "Template Type":"Region"
     ,"Name":"None"
     ,"Identifier":"RRM_NONE"
     ,"Group":"Right Margin (11434704904501847)"
     ,"Sequence":10
    }
   ,"Settings":{
      "Advanced":false
    }
   ,"Appearance":{
      "CSS Classes":[
        "margin-right-none"
      ]
    }
   ,"Help":{
      "Help Text":"Removes the right margin from the region."
    }
  }
 ,{
    "id":"11435938974501848"
   ,"Identification":{
      "Template Type":"Item"
     ,"Name":"Small"
     ,"Identifier":"FRM_SMALL"
     ,"Group":"Right Margin (11434335615501847)"
     ,"Sequence":20
    }
   ,"Settings":{
      "Advanced":false
    }
   ,"Appearance":{
      "CSS Classes":[
        "margin-right-sm"
      ]
    }
   ,"Help":{
      "Help Text":"Adds a small right margin for this field."
    }
  }
 ,{
    "id":"11436134077501848"
   ,"Identification":{
      "Template Type":"Region"
     ,"Name":"Small"
     ,"Identifier":"RRM_SMALL"
     ,"Group":"Right Margin (11434704904501847)"
     ,"Sequence":20
    }
   ,"Settings":{
      "Advanced":false
    }
   ,"Appearance":{
      "CSS Classes":[
        "margin-right-sm"
      ]
    }
   ,"Help":{
      "Help Text":"Adds a small right margin to the region."
    }
  }
 ,{
    "id":"11436542135501848"
   ,"Identification":{
      "Template Type":"Item"
     ,"Name":"Large"
     ,"Identifier":"FTM_LARGE"
     ,"Group":"Top Margin (11436353480501848)"
     ,"Sequence":40
    }
   ,"Settings":{
      "Advanced":false
    }
   ,"Appearance":{
      "CSS Classes":[
        "margin-top-lg"
      ]
    }
   ,"Help":{
      "Help Text":"Adds a large top margin for this field."
    }
  }
 ,{
    "id":"11436971357501848"
   ,"Identification":{
      "Template Type":"Region"
     ,"Name":"Large"
     ,"Identifier":"RTM_LARGE"
     ,"Group":"Top Margin (11436746843501848)"
     ,"Sequence":40
    }
   ,"Settings":{
      "Advanced":false
    }
   ,"Appearance":{
      "CSS Classes":[
        "margin-top-lg"
      ]
    }
   ,"Help":{
      "Help Text":"Adds a large top margin to the region."
    }
  }
 ,{
    "id":"11437168601501848"
   ,"Identification":{
      "Template Type":"Item"
     ,"Name":"Medium"
     ,"Identifier":"FTM_MEDIUM"
     ,"Group":"Top Margin (11436353480501848)"
     ,"Sequence":30
    }
   ,"Settings":{
      "Advanced":false
    }
   ,"Appearance":{
      "CSS Classes":[
        "margin-top-md"
      ]
    }
   ,"Help":{
      "Help Text":"Adds a medium top margin for this field."
    }
  }
 ,{
    "id":"11437340340501848"
   ,"Identification":{
      "Template Type":"Region"
     ,"Name":"Medium"
     ,"Identifier":"RTM_MEDIUM"
     ,"Group":"Top Margin (11436746843501848)"
     ,"Sequence":30
    }
   ,"Settings":{
      "Advanced":false
    }
   ,"Appearance":{
      "CSS Classes":[
        "margin-top-md"
      ]
    }
   ,"Help":{
      "Help Text":"Adds a medium top margin to the region."
    }
  }
 ,{
    "id":"11437487040501848"
   ,"Identification":{
      "Template Type":"Item"
     ,"Name":"None"
     ,"Identifier":"FTM_NONE"
     ,"Group":"Top Margin (11436353480501848)"
     ,"Sequence":10
    }
   ,"Settings":{
      "Advanced":false
    }
   ,"Appearance":{
      "CSS Classes":[
        "margin-top-none"
      ]
    }
   ,"Help":{
      "Help Text":"Removes the top margin for this field."
    }
  }
 ,{
    "id":"11437764906501848"
   ,"Identification":{
      "Template Type":"Region"
     ,"Name":"None"
     ,"Identifier":"RTM_NONE"
     ,"Group":"Top Margin (11436746843501848)"
     ,"Sequence":10
    }
   ,"Settings":{
      "Advanced":false
    }
   ,"Appearance":{
      "CSS Classes":[
        "margin-top-none"
      ]
    }
   ,"Help":{
      "Help Text":"Removes the top margin for this region."
    }
  }
 ,{
    "id":"11437878559501848"
   ,"Identification":{
      "Template Type":"Item"
     ,"Name":"Small"
     ,"Identifier":"FTM_SMALL"
     ,"Group":"Top Margin (11436353480501848)"
     ,"Sequence":20
    }
   ,"Settings":{
      "Advanced":false
    }
   ,"Appearance":{
      "CSS Classes":[
        "margin-top-sm"
      ]
    }
   ,"Help":{
      "Help Text":"Adds a small top margin for this field."
    }
  }
 ,{
    "id":"11438104622501849"
   ,"Identification":{
      "Template Type":"Region"
     ,"Name":"Small"
     ,"Identifier":"RTM_SMALL"
     ,"Group":"Top Margin (11436746843501848)"
     ,"Sequence":20
    }
   ,"Settings":{
      "Advanced":false
    }
   ,"Appearance":{
      "CSS Classes":[
        "margin-top-sm"
      ]
    }
   ,"Help":{
      "Help Text":"Adds a small top margin to the region."
    }
  }
 ,{
    "id":"11438521281501849"
   ,"Identification":{
      "Template Type":"Button"
     ,"Name":"Danger"
     ,"Identifier":"DANGER"
     ,"Group":"Type (11438354660501849)"
     ,"Sequence":30
    }
   ,"Settings":{
      "Advanced":false
    }
   ,"Appearance":{
      "CSS Classes":[
        "t-Button--danger"
      ]
    }
  }
 ,{
    "id":"11438918495501849"
   ,"Identification":{
      "Template Type":"Button"
     ,"Name":"Large"
     ,"Identifier":"LARGEBOTTOMMARGIN"
     ,"Group":"Spacing Bottom (11438695618501849)"
     ,"Sequence":20
    }
   ,"Settings":{
      "Advanced":false
    }
   ,"Appearance":{
      "CSS Classes":[
        "t-Button--gapBottom"
      ]
    }
  }
 ,{
    "id":"11439365774501849"
   ,"Identification":{
      "Template Type":"Button"
     ,"Name":"Large"
     ,"Identifier":"LARGELEFTMARGIN"
     ,"Group":"Spacing Left (11439112729501849)"
     ,"Sequence":20
    }
   ,"Settings":{
      "Advanced":false
    }
   ,"Appearance":{
      "CSS Classes":[
        "t-Button--gapLeft"
      ]
    }
  }
 ,{
    "id":"11439746199501849"
   ,"Identification":{
      "Template Type":"Button"
     ,"Name":"Large"
     ,"Identifier":"LARGERIGHTMARGIN"
     ,"Group":"Spacing Right (11439556750501849)"
     ,"Sequence":20
    }
   ,"Settings":{
      "Advanced":false
    }
   ,"Appearance":{
      "CSS Classes":[
        "t-Button--gapRight"
      ]
    }
  }
 ,{
    "id":"11440137876501849"
   ,"Identification":{
      "Template Type":"Button"
     ,"Name":"Large"
     ,"Identifier":"LARGETOPMARGIN"
     ,"Group":"Spacing Top (11439879279501849)"
     ,"Sequence":20
    }
   ,"Settings":{
      "Advanced":false
    }
   ,"Appearance":{
      "CSS Classes":[
        "t-Button--gapTop"
      ]
    }
  }
 ,{
    "id":"11440573511501850"
   ,"Identification":{
      "Template Type":"Button"
     ,"Name":"Large"
     ,"Identifier":"LARGE"
     ,"Group":"Size (11440326692501849)"
     ,"Sequence":30
    }
   ,"Settings":{
      "Advanced":false
    }
   ,"Appearance":{
      "CSS Classes":[
        "t-Button--large"
      ]
    }
   ,"Help":{
      "Help Text":"A large button."
    }
  }
 ,{
    "id":"11440944761501850"
   ,"Identification":{
      "Template Type":"Button"
     ,"Name":"Display as Link"
     ,"Identifier":"DISPLAY_AS_LINK"
     ,"Group":"Style (11440772411501850)"
     ,"Sequence":30
    }
   ,"Settings":{
      "Advanced":false
    }
   ,"Appearance":{
      "CSS Classes":[
        "t-Button--link"
      ]
    }
   ,"Help":{
      "Help Text":"This option makes the button appear as a text link."
    }
  }
 ,{
    "id":"11441161636501850"
   ,"Identification":{
      "Template Type":"Button"
     ,"Name":"Remove UI Decoration"
     ,"Identifier":"NOUI"
     ,"Group":"Style (11440772411501850)"
     ,"Sequence":20
    }
   ,"Settings":{
      "Advanced":false
    }
   ,"Appearance":{
      "CSS Classes":[
        "t-Button--noUI"
      ]
    }
  }
 ,{
    "id":"11441329104501850"
   ,"Identification":{
      "Template Type":"Button"
     ,"Name":"Small"
     ,"Identifier":"SMALLBOTTOMMARGIN"
     ,"Group":"Spacing Bottom (11438695618501849)"
     ,"Sequence":10
    }
   ,"Settings":{
      "Advanced":false
    }
   ,"Appearance":{
      "CSS Classes":[
        "t-Button--padBottom"
      ]
    }
  }
 ,{
    "id":"11441529422501850"
   ,"Identification":{
      "Template Type":"Button"
     ,"Name":"Small"
     ,"Identifier":"SMALLLEFTMARGIN"
     ,"Group":"Spacing Left (11439112729501849)"
     ,"Sequence":10
    }
   ,"Settings":{
      "Advanced":false
    }
   ,"Appearance":{
      "CSS Classes":[
        "t-Button--padLeft"
      ]
    }
  }
 ,{
    "id":"11441701380501850"
   ,"Identification":{
      "Template Type":"Button"
     ,"Name":"Small"
     ,"Identifier":"SMALLRIGHTMARGIN"
     ,"Group":"Spacing Right (11439556750501849)"
     ,"Sequence":10
    }
   ,"Settings":{
      "Advanced":false
    }
   ,"Appearance":{
      "CSS Classes":[
        "t-Button--padRight"
      ]
    }
  }
 ,{
    "id":"11441906190501850"
   ,"Identification":{
      "Template Type":"Button"
     ,"Name":"Small"
     ,"Identifier":"SMALLTOPMARGIN"
     ,"Group":"Spacing Top (11439879279501849)"
     ,"Sequence":10
    }
   ,"Settings":{
      "Advanced":false
    }
   ,"Appearance":{
      "CSS Classes":[
        "t-Button--padTop"
      ]
    }
  }
 ,{
    "id":"11442367845501850"
   ,"Identification":{
      "Template Type":"Button"
     ,"Name":"Inner Button"
     ,"Identifier":"PILL"
     ,"Group":"Button Set (11442110008501850)"
     ,"Sequence":20
    }
   ,"Settings":{
      "Advanced":false
    }
   ,"Appearance":{
      "CSS Classes":[
        "t-Button--pill"
      ]
    }
  }
 ,{
    "id":"11442531844501850"
   ,"Identification":{
      "Template Type":"Button"
     ,"Name":"Last Button"
     ,"Identifier":"PILLEND"
     ,"Group":"Button Set (11442110008501850)"
     ,"Sequence":30
    }
   ,"Settings":{
      "Advanced":false
    }
   ,"Appearance":{
      "CSS Classes":[
        "t-Button--pillEnd"
      ]
    }
  }
 ,{
    "id":"11442693412501850"
   ,"Identification":{
      "Template Type":"Button"
     ,"Name":"First Button"
     ,"Identifier":"PILLSTART"
     ,"Group":"Button Set (11442110008501850)"
     ,"Sequence":10
    }
   ,"Settings":{
      "Advanced":false
    }
   ,"Appearance":{
      "CSS Classes":[
        "t-Button--pillStart"
      ]
    }
   ,"Help":{
      "Help Text":"Use this for the start of a pill button."
    }
  }
 ,{
    "id":"11442941710501851"
   ,"Identification":{
      "Template Type":"Button"
     ,"Name":"Primary"
     ,"Identifier":"PRIMARY"
     ,"Group":"Type (11438354660501849)"
     ,"Sequence":10
    }
   ,"Settings":{
      "Advanced":false
    }
   ,"Appearance":{
      "CSS Classes":[
        "t-Button--primary"
      ]
    }
  }
 ,{
    "id":"11443152049501851"
   ,"Identification":{
      "Template Type":"Button"
     ,"Name":"Simple"
     ,"Identifier":"SIMPLE"
     ,"Group":"Style (11440772411501850)"
     ,"Sequence":10
    }
   ,"Settings":{
      "Advanced":false
    }
   ,"Appearance":{
      "CSS Classes":[
        "t-Button--simple"
      ]
    }
  }
 ,{
    "id":"11443326463501851"
   ,"Identification":{
      "Template Type":"Button"
     ,"Name":"Small"
     ,"Identifier":"SMALL"
     ,"Group":"Size (11440326692501849)"
     ,"Sequence":20
    }
   ,"Settings":{
      "Advanced":false
    }
   ,"Appearance":{
      "CSS Classes":[
        "t-Button--small"
      ]
    }
   ,"Help":{
      "Help Text":"A small button."
    }
  }
 ,{
    "id":"11443738668501851"
   ,"Identification":{
      "Template Type":"Button"
     ,"Name":"Stretch"
     ,"Identifier":"STRETCH"
     ,"Group":"Width (11443488422501851)"
     ,"Sequence":10
    }
   ,"Settings":{
      "Advanced":false
    }
   ,"Appearance":{
      "CSS Classes":[
        "t-Button--stretch"
      ]
    }
   ,"Help":{
      "Help Text":"Stretches button to fill container"
    }
  }
 ,{
    "id":"11443934734501852"
   ,"Identification":{
      "Template Type":"Button"
     ,"Name":"Success"
     ,"Identifier":"SUCCESS"
     ,"Group":"Type (11438354660501849)"
     ,"Sequence":40
    }
   ,"Settings":{
      "Advanced":false
    }
   ,"Appearance":{
      "CSS Classes":[
        "t-Button--success"
      ]
    }
  }
 ,{
    "id":"11444151744501852"
   ,"Identification":{
      "Template Type":"Button"
     ,"Name":"Tiny"
     ,"Identifier":"TINY"
     ,"Group":"Size (11440326692501849)"
     ,"Sequence":10
    }
   ,"Settings":{
      "Advanced":false
    }
   ,"Appearance":{
      "CSS Classes":[
        "t-Button--tiny"
      ]
    }
   ,"Help":{
      "Help Text":"A very small button."
    }
  }
 ,{
    "id":"11444346927501852"
   ,"Identification":{
      "Template Type":"Button"
     ,"Name":"Warning"
     ,"Identifier":"WARNING"
     ,"Group":"Type (11438354660501849)"
     ,"Sequence":20
    }
   ,"Settings":{
      "Advanced":false
    }
   ,"Appearance":{
      "CSS Classes":[
        "t-Button--warning"
      ]
    }
  }
 ,{
    "id":"11444721106501852"
   ,"Identification":{
      "Template Type":"Region"
     ,"Name":"Show Form Labels Above"
     ,"Identifier":"SHOWFORMLABELSABOVE"
     ,"Group":"Label Position (11444551878501852)"
     ,"Sequence":10
    }
   ,"Settings":{
      "Advanced":false
    }
   ,"Appearance":{
      "CSS Classes":[
        "t-Form--labelsAbove"
      ]
    }
   ,"Help":{
      "Help Text":"Show form labels above input fields."
    }
  }
 ,{
    "id":"11445081103501853"
   ,"Identification":{
      "Template Type":"Region"
     ,"Name":"Large"
     ,"Identifier":"FORMSIZELARGE"
     ,"Group":"Item Size (11444894359501853)"
     ,"Sequence":10
    }
   ,"Settings":{
      "Advanced":false
    }
   ,"Appearance":{
      "CSS Classes":[
        "t-Form--large"
      ]
    }
  }
 ,{
    "id":"11445501992501853"
   ,"Identification":{
      "Template Type":"Region"
     ,"Name":"Left"
     ,"Identifier":"FORMLEFTLABELS"
     ,"Group":"Label Alignment (11445374160501853)"
     ,"Sequence":20
    }
   ,"Settings":{
      "Advanced":false
    }
   ,"Appearance":{
      "CSS Classes":[
        "t-Form--leftLabels"
      ]
    }
   ,"Help":{
      "Help Text":"Align form labels to left."
    }
  }
 ,{
    "id":"11445960717501853"
   ,"Identification":{
      "Template Type":"Region"
     ,"Name":"Remove Padding"
     ,"Identifier":"FORMREMOVEPADDING"
     ,"Group":"Item Padding (11445722881501853)"
     ,"Sequence":20
    }
   ,"Settings":{
      "Advanced":false
    }
   ,"Appearance":{
      "CSS Classes":[
        "t-Form--noPadding"
      ]
    }
   ,"Help":{
      "Help Text":"Removes padding between items."
    }
  }
 ,{
    "id":"11446150545501853"
   ,"Identification":{
      "Template Type":"Region"
     ,"Name":"Slim Padding"
     ,"Identifier":"FORMSLIMPADDING"
     ,"Group":"Item Padding (11445722881501853)"
     ,"Sequence":10
    }
   ,"Settings":{
      "Advanced":false
    }
   ,"Appearance":{
      "CSS Classes":[
        "t-Form--slimPadding"
      ]
    }
   ,"Help":{
      "Help Text":"Reduces form item padding to 4px."
    }
  }
 ,{
    "id":"11446508383501854"
   ,"Identification":{
      "Template Type":"Region"
     ,"Name":"Stretch Form Fields"
     ,"Identifier":"STRETCH_FORM_FIELDS"
     ,"Group":"Item Width (11446332446501854)"
     ,"Sequence":10
    }
   ,"Settings":{
      "Advanced":false
    }
   ,"Appearance":{
      "CSS Classes":[
        "t-Form--stretchInputs"
      ]
    }
  }
 ,{
    "id":"11446753037501854"
   ,"Identification":{
      "Template Type":"Region"
     ,"Name":"X Large"
     ,"Identifier":"FORMSIZEXLARGE"
     ,"Group":"Item Size (11444894359501853)"
     ,"Sequence":20
    }
   ,"Settings":{
      "Advanced":false
    }
   ,"Appearance":{
      "CSS Classes":[
        "t-Form--xlarge"
      ]
    }
  }
 ,{
    "id":"11447111558501854"
   ,"Identification":{
      "Template Type":"Item"
     ,"Name":"Large"
     ,"Identifier":"LARGE_FIELD"
     ,"Group":"Size (11446935647501854)"
     ,"Sequence":10
    }
   ,"Settings":{
      "Advanced":false
    }
   ,"Appearance":{
      "CSS Classes":[
        "t-Form-fieldContainer--large"
      ]
    }
  }
 ,{
    "id":"11447513888501854"
   ,"Identification":{
      "Template Type":"Item"
     ,"Name":"Display as Block"
     ,"Identifier":"POST_TEXT_BLOCK"
     ,"Group":"Item Post Text (11447367892501854)"
     ,"Sequence":10
    }
   ,"Settings":{
      "Advanced":false
    }
   ,"Appearance":{
      "CSS Classes":[
        "t-Form-fieldContainer--postTextBlock"
      ]
    }
   ,"Help":{
      "Help Text":"Displays the Item Post Text in a block style immediately after the item."
    }
  }
 ,{
    "id":"11447948461501854"
   ,"Identification":{
      "Template Type":"Item"
     ,"Name":"Display as Block"
     ,"Identifier":"PRE_TEXT_BLOCK"
     ,"Group":"Item Pre Text (11447759380501854)"
     ,"Sequence":10
    }
   ,"Settings":{
      "Advanced":false
    }
   ,"Appearance":{
      "CSS Classes":[
        "t-Form-fieldContainer--preTextBlock"
      ]
    }
   ,"Help":{
      "Help Text":"Displays the Item Pre Text in a block style immediately before the item."
    }
  }
 ,{
    "id":"11448285689501855"
   ,"Identification":{
      "Template Type":"Item"
     ,"Name":"Display as Pill Button"
     ,"Identifier":"DISPLAY_AS_PILL_BUTTON"
     ,"Group":"Item Group Display (11448132455501854)"
     ,"Sequence":10
    }
   ,"Settings":{
      "Advanced":false
    }
   ,"Appearance":{
      "CSS Classes":[
        "t-Form-fieldContainer--radioButtonGroup"
      ]
    }
   ,"Help":{
      "Help Text":"Displays the radio buttons to look like a button set \/ pill button.  Note that the the radio buttons must all be in the same row for this option to work."
    }
  }
 ,{
    "id":"11448489831501855"
   ,"Identification":{
      "Template Type":"Item"
     ,"Name":"Stretch Form Item"
     ,"Identifier":"STRETCH_FORM_ITEM"
     ,"Sequence":10
    }
   ,"Settings":{
      "Advanced":false
    }
   ,"Appearance":{
      "CSS Classes":[
        "t-Form-fieldContainer--stretchInputs"
      ]
    }
   ,"Help":{
      "Help Text":"Stretches the form item to fill its container."
    }
  }
 ,{
    "id":"11448685076501855"
   ,"Identification":{
      "Template Type":"Item"
     ,"Name":"X Large"
     ,"Identifier":"X_LARGE_SIZE"
     ,"Group":"Size (11446935647501854)"
     ,"Sequence":20
    }
   ,"Settings":{
      "Advanced":false
    }
   ,"Appearance":{
      "CSS Classes":[
        "t-Form-fieldContainer--xlarge"
      ]
    }
  }
 ,{
    "id":"11449154391501855"
   ,"Identification":{
      "Template Type":"Report"
     ,"Name":"Hide when all rows displayed"
     ,"Identifier":"HIDE_WHEN_ALL_ROWS_DISPLAYED"
     ,"Group":"Pagination Display (11448925327501855)"
     ,"Sequence":10
    }
   ,"Settings":{
      "Advanced":false
    }
   ,"Appearance":{
      "CSS Classes":[
        "t-Report--hideNoPagination"
      ]
    }
   ,"Help":{
      "Help Text":"This option will hide the pagination when all rows are displayed."
    }
  }
]
