[
  {
    "id":"11403686634501812"
   ,"Identification":{
      "Name":"Top Navigation Tabs"
     ,"Identifier":"TOP_NAVIGATION_TABS"
     ,"Class":"Tabbed Navigation List"
    }
   ,"Subscription":{
      "Master":{
        "Referenced Id":"1453011561172885578"
      }
    }
   ,"Advanced":{
      "Translatable":false
    }
   ,"Template Options":{
      "Preset":[
        "t-NavTabs--inlineLabels-lg"
       ,"t-NavTabs--displayLabels-sm"
      ]
    }
   ,"List":{
      "Before Rows":"\u003Cul class=\"t-NavTabs #COMPONENT_CSS_CLASSES#\" id=\"#PARENT_STATIC_ID#_navtabs\"\u003E"
    }
   ,"Entry":{
      "Current":"\u003Cli class=\"t-NavTabs-item #A03# is-active\" id=\"#A01#\"\u003E\u003Ca href=\"#LINK#\" class=\"t-NavTabs-link #A04# \" title=\"#TEXT_ESC_SC#\"\u003E\u003Cspan class=\"t-Icon #ICON_CSS_CLASSES#\" aria-hidden=\"true\"\u003E\u003C\/span\u003E\u003Cspan class=\"t-NavTabs-label\"\u003E#TEXT_ESC_SC#\u003C\/span\u003E\u003Cspan class=\"t-NavTabs-badge #A05#\"\u003E#A02#\u003C\/span\u003E\u003C\/a\u003E\u003C\/li\u003E"
     ,"Noncurrent":"\u003Cli class=\"t-NavTabs-item #A03#\" id=\"#A01#\"\u003E\u003Ca href=\"#LINK#\" class=\"t-NavTabs-link #A04# \" title=\"#TEXT_ESC_SC#\"\u003E\u003Cspan class=\"t-Icon #ICON_CSS_CLASSES#\" aria-hidden=\"true\"\u003E\u003C\/span\u003E\u003Cspan class=\"t-NavTabs-label\"\u003E#TEXT_ESC_SC#\u003C\/span\u003E\u003Cspan class=\"t-NavTabs-badge #A05#\"\u003E#A02#\u003C\/span\u003E\u003C\/a\u003E\u003C\/li\u003E"
    }
   ,"After List Entry":{
      "After Rows":"\u003C\/ul\u003E"
    }
   ,"Attribute Descriptions":{
      "A01":"List Item ID"
     ,"A02":"Badge Value"
     ,"A03":"List Item Class"
     ,"A04":"Link Class"
     ,"A05":"Badge Class"
    }
   ,"Template Options":[
      {
        "id":"11404277647501814"
       ,"Identification":{
          "Name":"Display labels"
         ,"Identifier":"DISPLAY_LABELS_SM"
         ,"Group":"Mobile (11404000220501814)"
         ,"Sequence":40
        }
       ,"Settings":{
          "Advanced":false
        }
       ,"Appearance":{
          "CSS Classes":[
            "t-NavTabs--displayLabels-sm"
          ]
        }
       ,"Help":{
          "Help Text":"Displays the label for the list items below the icon"
        }
      }
     ,{
        "id":"11404389785501814"
       ,"Identification":{
          "Name":"Do not display labels"
         ,"Identifier":"HIDE_LABELS_SM"
         ,"Group":"Mobile (11404000220501814)"
         ,"Sequence":50
        }
       ,"Settings":{
          "Advanced":false
        }
       ,"Appearance":{
          "CSS Classes":[
            "t-NavTabs--hiddenLabels-sm"
          ]
        }
      }
     ,{
        "id":"11404829669501814"
       ,"Identification":{
          "Name":"Display labels above"
         ,"Identifier":"LABEL_ABOVE_LG"
         ,"Group":"Desktop (11404580450501814)"
         ,"Sequence":20
        }
       ,"Settings":{
          "Advanced":false
        }
       ,"Appearance":{
          "CSS Classes":[
            "t-NavTabs--stacked"
          ]
        }
       ,"Help":{
          "Help Text":"Display the label stacked above the icon and badge"
        }
      }
     ,{
        "id":"11405005333501814"
       ,"Identification":{
          "Name":"Display labels inline"
         ,"Identifier":"LABEL_INLINE_LG"
         ,"Group":"Desktop (11404580450501814)"
         ,"Sequence":10
        }
       ,"Settings":{
          "Advanced":false
        }
       ,"Appearance":{
          "CSS Classes":[
            "t-NavTabs--inlineLabels-lg"
          ]
        }
       ,"Help":{
          "Help Text":"Display the label inline with the icon and badge"
        }
      }
     ,{
        "id":"11405242558501814"
       ,"Identification":{
          "Name":"Do not display labels"
         ,"Identifier":"NO_LABEL_LG"
         ,"Group":"Desktop (11404580450501814)"
         ,"Sequence":30
        }
       ,"Settings":{
          "Advanced":false
        }
       ,"Appearance":{
          "CSS Classes":[
            "t-NavTabs--hiddenLabels-lg"
          ]
        }
       ,"Help":{
          "Help Text":"Hides the label for the list item"
        }
      }
    ]
  }
 ,{
    "id":"11405283016501814"
   ,"Identification":{
      "Name":"Wizard Progress"
     ,"Identifier":"WIZARD_PROGRESS"
     ,"Class":"Wizard Progress List"
    }
   ,"Subscription":{
      "Master":{
        "Referenced Id":"2008702338707394488"
      }
    }
   ,"Advanced":{
      "Translatable":false
    }
   ,"Template Options":{
      "Preset":[
        "t-WizardSteps--displayLabels"
      ]
    }
   ,"List":{
      "Before Rows":"\u003Ch2 class=\"u-VisuallyHidden\"\u003E#CURRENT_PROGRESS#\u003C\/h2\u003E\n\u003Cul class=\"t-WizardSteps #COMPONENT_CSS_CLASSES#\" id=\"#LIST_ID#\"\u003E"
    }
   ,"Entry":{
      "Current":"\u003Cli class=\"t-WizardSteps-step is-active\" id=\"#LIST_ITEM_ID#\"\u003E\u003Cdiv class=\"t-WizardSteps-wrap\" data-link=\"#LINK#\"\u003E\u003Cspan class=\"t-WizardSteps-marker\"\u003E\u003C\/span\u003E\u003Cspan class=\"t-WizardSteps-label\"\u003E#TEXT# \u003Cspan class=\"t-WizardSteps-labelState\"\u003E\u003C\/span\u003E\u003C\/span\u003E\u003C\/div\u003E\u003C\/li\u003E\n"
     ,"Noncurrent":"\u003Cli class=\"t-WizardSteps-step\" id=\"#LIST_ITEM_ID#\"\u003E\u003Cdiv class=\"t-WizardSteps-wrap\" data-link=\"#LINK#\"\u003E\u003Cspan class=\"t-WizardSteps-marker\"\u003E\u003C\/span\u003E\u003Cspan class=\"t-WizardSteps-label\"\u003E#TEXT# \u003Cspan class=\"t-WizardSteps-labelState\"\u003E\u003C\/span\u003E\u003C\/span\u003E\u003C\/div\u003E\u003C\/li\u003E\n"
    }
   ,"After List Entry":{
      "After Rows":"\u003C\/ul\u003E"
    }
   ,"JavaScript":{
      "Execute when Page Loads":"apex.theme.initWizardProgressBar();"
    }
   ,"Template Options":[
      {
        "id":"11405797648501815"
       ,"Identification":{
          "Name":"All Steps"
         ,"Identifier":"ALLSTEPS"
         ,"Group":"Label Display (11405594458501815)"
         ,"Sequence":10
        }
       ,"Settings":{
          "Advanced":false
        }
       ,"Appearance":{
          "CSS Classes":[
            "t-WizardSteps--displayLabels"
          ]
        }
      }
     ,{
        "id":"11406058577501815"
       ,"Identification":{
          "Name":"Current Step Only"
         ,"Identifier":"CURRENTSTEPONLY"
         ,"Group":"Label Display (11405594458501815)"
         ,"Sequence":20
        }
       ,"Settings":{
          "Advanced":false
        }
       ,"Appearance":{
          "CSS Classes":[
            "t-WizardSteps--displayCurrentLabelOnly"
          ]
        }
      }
     ,{
        "id":"11406238190501815"
       ,"Identification":{
          "Name":"Hide Labels"
         ,"Identifier":"HIDELABELS"
         ,"Group":"Label Display (11405594458501815)"
         ,"Sequence":30
        }
       ,"Settings":{
          "Advanced":false
        }
       ,"Appearance":{
          "CSS Classes":[
            "t-WizardSteps--hideLabels"
          ]
        }
      }
     ,{
        "id":"11406442717501815"
       ,"Identification":{
          "Name":"Vertical Orientation"
         ,"Identifier":"VERTICAL_LIST"
         ,"Sequence":10
        }
       ,"Settings":{
          "Advanced":false
        }
       ,"Appearance":{
          "CSS Classes":[
            "t-WizardSteps--vertical"
          ]
        }
       ,"Help":{
          "Help Text":"Displays the wizard progress list in a vertical orientation and is suitable for displaying within a side column of a page."
        }
      }
     ,{
        "id":"11406593919501816"
       ,"Identification":{
          "Name":"Make Wizard Steps Clickable"
         ,"Identifier":"WIZARD_PROGRESS_LINKS"
         ,"Sequence":40
        }
       ,"Settings":{
          "Advanced":false
        }
       ,"Appearance":{
          "CSS Classes":[
            "js-wizardProgressLinks"
          ]
        }
       ,"Help":{
          "Help Text":"This option will make the wizard steps clickable links."
        }
      }
    ]
  }
 ,{
    "id":"11406727068501816"
   ,"Identification":{
      "Name":"Menu Bar"
     ,"Identifier":"MENU_BAR"
     ,"Class":"Pull Down Menu"
    }
   ,"Subscription":{
      "Master":{
        "Referenced Id":"2008709236185638887"
      }
    }
   ,"Advanced":{
      "Translatable":false
    }
   ,"Template Options":{
      "Default":[
        "js-showSubMenuIcons"
      ]
    }
   ,"List":{
      "Before Rows":"\u003Cdiv class=\"t-MenuBar #COMPONENT_CSS_CLASSES#\" id=\"#PARENT_STATIC_ID#_menubar\"\u003E\u003Cul style=\"display:none\"\u003E"
    }
   ,"Entry":{
      "Current":"\u003Cli data-current=\"true\" data-id=\"#A01#\" data-disabled=\"#A02#\" data-hide=\"#A03#\" data-shortcut=\"#A05#\" data-icon=\"#ICON_CSS_CLASSES#\"\u003E\u003Ca href=\"#LINK#\" title=\"#A04#\"\u003E#TEXT_ESC_SC#\u003C\/a\u003E\u003C\/li\u003E"
     ,"Current with Sublist":"\u003Cli data-current=\"true\" data-id=\"#A01#\" data-disabled=\"#A02#\" data-hide=\"#A03#\" data-shortcut=\"#A05#\" data-icon=\"#ICON_CSS_CLASSES#\"\u003E\u003Ca href=\"#LINK#\" title=\"#A04#\"\u003E#TEXT_ESC_SC#\u003C\/a\u003E"
     ,"Noncurrent":"\u003Cli data-id=\"#A01#\" data-disabled=\"#A02#\" data-hide=\"#A03#\" data-shortcut=\"#A05#\" data-icon=\"#ICON_CSS_CLASSES#\"\u003E\u003Ca href=\"#LINK#\" title=\"#A04#\"\u003E#TEXT_ESC_SC#\u003C\/a\u003E\u003C\/li\u003E"
     ,"Noncurrent with Sublist":"\u003Cli data-id=\"#A01#\" data-disabled=\"#A02#\" data-hide=\"#A03#\" data-shortcut=\"#A05#\" data-icon=\"#ICON_CSS_CLASSES#\"\u003E\u003Ca href=\"#LINK#\" title=\"#A04#\"\u003E#TEXT_ESC_SC#\u003C\/a\u003E"
    }
   ,"SubList":{
      "Before Rows":"\u003Cul\u003E"
     ,"After Rows":"\u003C\/ul\u003E\u003C\/li\u003E"
    }
   ,"Sublist Entry":{
      "Current":"\u003Cli data-current=\"true\" data-id=\"#A01#\" data-disabled=\"#A02#\" data-hide=\"#A03#\" data-shortcut=\"#A05#\" data-icon=\"#ICON_CSS_CLASSES#\"\u003E\u003Ca href=\"#LINK#\" title=\"#A04#\"\u003E#TEXT_ESC_SC#\u003C\/a\u003E\u003C\/li\u003E"
     ,"Current with Sublist":"\u003Cli data-current=\"true\" data-id=\"#A01#\" data-disabled=\"#A02#\" data-hide=\"#A03#\" data-shortcut=\"#A05#\" data-icon=\"#ICON_CSS_CLASSES#\"\u003E\u003Ca href=\"#LINK#\" title=\"#A04#\"\u003E#TEXT_ESC_SC#\u003C\/a\u003E"
     ,"Noncurrent":"\u003Cli data-id=\"#A01#\" data-disabled=\"#A02#\" data-hide=\"#A03#\" data-shortcut=\"#A05#\" data-icon=\"#ICON_CSS_CLASSES#\"\u003E\u003Ca href=\"#LINK#\" title=\"#A04#\"\u003E#TEXT_ESC_SC#\u003C\/a\u003E\u003C\/li\u003E"
     ,"Noncurrent with Sublist Items":"\u003Cli data-id=\"#A01#\" data-disabled=\"#A02#\" data-hide=\"#A03#\" data-shortcut=\"#A05#\" data-icon=\"#ICON_CSS_CLASSES#\"\u003E\u003Ca href=\"#LINK#\" title=\"#A04#\"\u003E#TEXT_ESC_SC#\u003C\/a\u003E"
    }
   ,"After List Entry":{
      "After Rows":"\u003C\/ul\u003E\u003C\/div\u003E"
    }
   ,"JavaScript":{
      "Execute when Page Loads":"var e = apex.jQuery(\"##PARENT_STATIC_ID#_menubar\", apex.gPageContext$);\nif (e.hasClass(\"js-addActions\")) {\n  apex.actions.addFromMarkup( e );\n}\ne.menu({\n  behaveLikeTabs: e.hasClass(\"js-tabLike\"),\n  menubarShowSubMenuIcon: e.hasClass(\"js-showSubMenuIcons\") || null,\n  iconType: \u0027fa\u0027,\n  slide: e.hasClass(\"js-slide\"),\n  menubar: true,\n  menubarOverflow: true\n});"
    }
   ,"Template Options":[
      {
        "id":"11407039365501816"
       ,"Identification":{
          "Name":"Add Actions"
         ,"Identifier":"ADD_ACTIONS"
         ,"Sequence":40
        }
       ,"Settings":{
          "Advanced":false
        }
       ,"Appearance":{
          "CSS Classes":[
            "js-addActions"
          ]
        }
       ,"Help":{
          "Help Text":"Use this option to add shortcuts for menu items. Note that actions.js must be included on your page to support this functionality."
        }
      }
     ,{
        "id":"11407196041501816"
       ,"Identification":{
          "Name":"Behave Like Tabs"
         ,"Identifier":"BEHAVE_LIKE_TABS"
         ,"Sequence":10
        }
       ,"Settings":{
          "Advanced":false
        }
       ,"Appearance":{
          "CSS Classes":[
            "js-tabLike"
          ]
        }
      }
     ,{
        "id":"11407458655501816"
       ,"Identification":{
          "Name":"Enable Slide Animation"
         ,"Identifier":"ENABLE_SLIDE_ANIMATION"
         ,"Sequence":20
        }
       ,"Settings":{
          "Advanced":false
        }
       ,"Appearance":{
          "CSS Classes":[
            "js-slide"
          ]
        }
      }
     ,{
        "id":"11407609081501816"
       ,"Identification":{
          "Name":"Show Sub Menu Icons"
         ,"Identifier":"SHOW_SUB_MENU_ICONS"
         ,"Sequence":30
        }
       ,"Settings":{
          "Advanced":false
        }
       ,"Appearance":{
          "CSS Classes":[
            "js-showSubMenuIcons"
          ]
        }
      }
    ]
  }
 ,{
    "id":"11407750856501816"
   ,"Identification":{
      "Name":"Badge List"
     ,"Identifier":"BADGE_LIST"
     ,"Class":"Horizontal Links List"
    }
   ,"Subscription":{
      "Master":{
        "Referenced Id":"2062482847268086664"
      }
    }
   ,"Advanced":{
      "Translatable":false
    }
   ,"Template Options":{
      "Preset":[
        "t-BadgeList--large"
       ,"t-BadgeList--cols t-BadgeList--3cols"
       ,"t-BadgeList--circular"
      ]
    }
   ,"List":{
      "Before Rows":"\u003Cul class=\"t-BadgeList #COMPONENT_CSS_CLASSES#\"\u003E"
    }
   ,"Entry":{
      "Current":"\u003Cli class=\"t-BadgeList-item #A02#\"\u003E\n  \u003Ca class=\"t-BadgeList-wrap u-color #A04#\" href=\"#LINK#\" #A03#\u003E\n  \u003Cspan class=\"t-BadgeList-label\"\u003E#TEXT#\u003C\/span\u003E\n  \u003Cspan class=\"t-BadgeList-value\"\u003E#A01#\u003C\/span\u003E\n  \u003C\/a\u003E\n\u003C\/li\u003E"
     ,"Noncurrent":"\u003Cli class=\"t-BadgeList-item #A02#\"\u003E\n  \u003Ca class=\"t-BadgeList-wrap u-color #A04#\" href=\"#LINK#\" #A03#\u003E\n  \u003Cspan class=\"t-BadgeList-label\"\u003E#TEXT#\u003C\/span\u003E\n  \u003Cspan class=\"t-BadgeList-value\"\u003E#A01#\u003C\/span\u003E\n  \u003C\/a\u003E\n\u003C\/li\u003E"
    }
   ,"After List Entry":{
      "After Rows":"\u003C\/ul\u003E"
    }
   ,"Attribute Descriptions":{
      "A01":"Value"
     ,"A02":"List item CSS Classes"
     ,"A03":"Link Attributes"
     ,"A04":"Link Classes"
    }
   ,"Comments":{
      "Comments":"A01: Large Number\nA02: List Item Classes\nA03: Link Attributes"
    }
   ,"Template Options":[
      {
        "id":"11408188284501817"
       ,"Identification":{
          "Name":"2 Column Grid"
         ,"Identifier":"2COLUMNGRID"
         ,"Group":"Layout (11407990718501817)"
         ,"Sequence":20
        }
       ,"Settings":{
          "Advanced":false
        }
       ,"Appearance":{
          "CSS Classes":[
            "t-BadgeList--cols"
          ]
        }
       ,"Help":{
          "Help Text":"Arrange badges in a two column grid"
        }
      }
     ,{
        "id":"11408466786501817"
       ,"Identification":{
          "Name":"3 Column Grid"
         ,"Identifier":"3COLUMNGRID"
         ,"Group":"Layout (11407990718501817)"
         ,"Sequence":30
        }
       ,"Settings":{
          "Advanced":false
        }
       ,"Appearance":{
          "CSS Classes":[
            "t-BadgeList--cols"
           ,"t-BadgeList--3cols"
          ]
        }
       ,"Help":{
          "Help Text":"Arrange badges in a 3 column grid"
        }
      }
     ,{
        "id":"11408660913501817"
       ,"Identification":{
          "Name":"4 Column Grid"
         ,"Identifier":"4COLUMNGRID"
         ,"Group":"Layout (11407990718501817)"
         ,"Sequence":40
        }
       ,"Settings":{
          "Advanced":false
        }
       ,"Appearance":{
          "CSS Classes":[
            "t-BadgeList--cols"
           ,"t-BadgeList--4cols"
          ]
        }
       ,"Help":{
          "Help Text":"Arrange badges in 4 column grid"
        }
      }
     ,{
        "id":"11408820947501817"
       ,"Identification":{
          "Name":"5 Column Grid"
         ,"Identifier":"5COLUMNGRID"
         ,"Group":"Layout (11407990718501817)"
         ,"Sequence":50
        }
       ,"Settings":{
          "Advanced":false
        }
       ,"Appearance":{
          "CSS Classes":[
            "t-BadgeList--cols"
           ,"t-BadgeList--5cols"
          ]
        }
       ,"Help":{
          "Help Text":"Arrange badges in a 5 column grid"
        }
      }
     ,{
        "id":"11408992763501818"
       ,"Identification":{
          "Name":"Apply Theme Colors"
         ,"Identifier":"APPLY_THEME_COLORS"
         ,"Sequence":10
        }
       ,"Settings":{
          "Advanced":false
        }
       ,"Appearance":{
          "CSS Classes":[
            "u-colors"
          ]
        }
      }
     ,{
        "id":"11409433982501818"
       ,"Identification":{
          "Name":"Circular"
         ,"Identifier":"CIRCULAR"
         ,"Group":"Style (11409275965501818)"
         ,"Sequence":20
        }
       ,"Settings":{
          "Advanced":false
        }
       ,"Appearance":{
          "CSS Classes":[
            "t-BadgeList--circular"
          ]
        }
      }
     ,{
        "id":"11409607690501818"
       ,"Identification":{
          "Name":"Span Horizontally"
         ,"Identifier":"FIXED"
         ,"Group":"Layout (11407990718501817)"
         ,"Sequence":60
        }
       ,"Settings":{
          "Advanced":false
        }
       ,"Appearance":{
          "CSS Classes":[
            "t-BadgeList--fixed"
          ]
        }
       ,"Help":{
          "Help Text":"Span badges horizontally"
        }
      }
     ,{
        "id":"11409784895501818"
       ,"Identification":{
          "Name":"Flexible Box"
         ,"Identifier":"FLEXIBLEBOX"
         ,"Group":"Layout (11407990718501817)"
         ,"Sequence":80
        }
       ,"Settings":{
          "Advanced":false
        }
       ,"Appearance":{
          "CSS Classes":[
            "t-BadgeList--flex"
          ]
        }
       ,"Help":{
          "Help Text":"Use flexbox to arrange items"
        }
      }
     ,{
        "id":"11410047973501818"
       ,"Identification":{
          "Name":"Float Items"
         ,"Identifier":"FLOATITEMS"
         ,"Group":"Layout (11407990718501817)"
         ,"Sequence":70
        }
       ,"Settings":{
          "Advanced":false
        }
       ,"Appearance":{
          "CSS Classes":[
            "t-BadgeList--float"
          ]
        }
       ,"Help":{
          "Help Text":"Float badges to left"
        }
      }
     ,{
        "id":"11410209471501818"
       ,"Identification":{
          "Name":"Grid"
         ,"Identifier":"GRID"
         ,"Group":"Style (11409275965501818)"
         ,"Sequence":30
        }
       ,"Settings":{
          "Advanced":false
        }
       ,"Appearance":{
          "CSS Classes":[
            "t-BadgeList--dash"
          ]
        }
      }
     ,{
        "id":"11410600537501818"
       ,"Identification":{
          "Name":"64px"
         ,"Identifier":"LARGE"
         ,"Group":"Badge Size (11410421672501818)"
         ,"Sequence":30
        }
       ,"Settings":{
          "Advanced":false
        }
       ,"Appearance":{
          "CSS Classes":[
            "t-BadgeList--large"
          ]
        }
      }
     ,{
        "id":"11410781542501818"
       ,"Identification":{
          "Name":"48px"
         ,"Identifier":"MEDIUM"
         ,"Group":"Badge Size (11410421672501818)"
         ,"Sequence":20
        }
       ,"Settings":{
          "Advanced":false
        }
       ,"Appearance":{
          "CSS Classes":[
            "t-BadgeList--medium"
          ]
        }
      }
     ,{
        "id":"11410995085501818"
       ,"Identification":{
          "Name":"32px"
         ,"Identifier":"SMALL"
         ,"Group":"Badge Size (11410421672501818)"
         ,"Sequence":10
        }
       ,"Settings":{
          "Advanced":false
        }
       ,"Appearance":{
          "CSS Classes":[
            "t-BadgeList--small"
          ]
        }
      }
     ,{
        "id":"11411260782501818"
       ,"Identification":{
          "Name":"Stacked"
         ,"Identifier":"STACKED"
         ,"Group":"Layout (11407990718501817)"
         ,"Sequence":10
        }
       ,"Settings":{
          "Advanced":false
        }
       ,"Appearance":{
          "CSS Classes":[
            "t-BadgeList--stacked"
          ]
        }
       ,"Help":{
          "Help Text":"Stack badges on top of each other"
        }
      }
     ,{
        "id":"11411477077501819"
       ,"Identification":{
          "Name":"96px"
         ,"Identifier":"XLARGE"
         ,"Group":"Badge Size (11410421672501818)"
         ,"Sequence":40
        }
       ,"Settings":{
          "Advanced":false
        }
       ,"Appearance":{
          "CSS Classes":[
            "t-BadgeList--xlarge"
          ]
        }
      }
     ,{
        "id":"11411578296501819"
       ,"Identification":{
          "Name":"128px"
         ,"Identifier":"XXLARGE"
         ,"Group":"Badge Size (11410421672501818)"
         ,"Sequence":50
        }
       ,"Settings":{
          "Advanced":false
        }
       ,"Appearance":{
          "CSS Classes":[
            "t-BadgeList--xxlarge"
          ]
        }
      }
    ]
  }
 ,{
    "id":"11411750383501819"
   ,"Identification":{
      "Name":"Media List"
     ,"Identifier":"MEDIA_LIST"
     ,"Class":"Vertical Images List"
    }
   ,"Subscription":{
      "Master":{
        "Referenced Id":"2066548068783481421"
      }
    }
   ,"Advanced":{
      "Translatable":false
    }
   ,"Template Options":{
      "Default":[
        "t-MediaList--showIcons"
       ,"t-MediaList--showDesc"
      ]
    }
   ,"List":{
      "Before Rows":"\u003Cul class=\"t-MediaList #COMPONENT_CSS_CLASSES#\"\u003E"
    }
   ,"Entry":{
      "Current":"\u003Cli class=\"t-MediaList-item is-active #A04#\"\u003E\n    \u003Ca href=\"#LINK#\" class=\"t-MediaList-itemWrap #A05#\" #A03#\u003E\n        \u003Cdiv class=\"t-MediaList-iconWrap\"\u003E\n            \u003Cspan class=\"t-MediaList-icon u-color #A06#\"\u003E\u003Cspan class=\"t-Icon #ICON_CSS_CLASSES#\" #IMAGE_ATTR#\u003E\u003C\/span\u003E\u003C\/span\u003E\n        \u003C\/div\u003E\n        \u003Cdiv class=\"t-MediaList-body\"\u003E\n            \u003Ch3 class=\"t-MediaList-title\"\u003E#TEXT#\u003C\/h3\u003E\n            \u003Cp class=\"t-MediaList-desc\"\u003E#A01#\u003C\/p\u003E\n        \u003C\/div\u003E\n        \u003Cdiv class=\"t-MediaList-badgeWrap\"\u003E\n            \u003Cspan class=\"t-MediaList-badge\"\u003E#A02#\u003C\/span\u003E\n        \u003C\/div\u003E\n    \u003C\/a\u003E\n\u003C\/li\u003E"
     ,"Noncurrent":"\u003Cli class=\"t-MediaList-item  #A04#\"\u003E\n    \u003Ca href=\"#LINK#\" class=\"t-MediaList-itemWrap #A05#\" #A03#\u003E\n        \u003Cdiv class=\"t-MediaList-iconWrap\"\u003E\n            \u003Cspan class=\"t-MediaList-icon u-color #A06#\"\u003E\u003Cspan class=\"t-Icon #ICON_CSS_CLASSES#\" #IMAGE_ATTR#\u003E\u003C\/span\u003E\u003C\/span\u003E\n        \u003C\/div\u003E\n        \u003Cdiv class=\"t-MediaList-body\"\u003E\n            \u003Ch3 class=\"t-MediaList-title\"\u003E#TEXT#\u003C\/h3\u003E\n            \u003Cp class=\"t-MediaList-desc\"\u003E#A01#\u003C\/p\u003E\n        \u003C\/div\u003E\n        \u003Cdiv class=\"t-MediaList-badgeWrap\"\u003E\n            \u003Cspan class=\"t-MediaList-badge\"\u003E#A02#\u003C\/span\u003E\n        \u003C\/div\u003E\n    \u003C\/a\u003E\n\u003C\/li\u003E"
    }
   ,"After List Entry":{
      "After Rows":"\u003C\/ul\u003E"
    }
   ,"Attribute Descriptions":{
      "A01":"Description"
     ,"A02":"Badge Value"
     ,"A03":"Link Attributes"
     ,"A04":"List Item CSS Classes"
     ,"A05":"Link Class"
     ,"A06":"Icon Color Class"
    }
   ,"Template Options":[
      {
        "id":"11412028109501819"
       ,"Identification":{
          "Name":"2 Column Grid"
         ,"Identifier":"2COLUMNGRID"
         ,"Group":"Layout (11407990718501817)"
         ,"Sequence":10
        }
       ,"Settings":{
          "Advanced":false
        }
       ,"Appearance":{
          "CSS Classes":[
            "t-MediaList--cols"
           ,"t-MediaList--2cols"
          ]
        }
      }
     ,{
        "id":"11412243709501819"
       ,"Identification":{
          "Name":"3 Column Grid"
         ,"Identifier":"3COLUMNGRID"
         ,"Group":"Layout (11407990718501817)"
         ,"Sequence":20
        }
       ,"Settings":{
          "Advanced":false
        }
       ,"Appearance":{
          "CSS Classes":[
            "t-MediaList--cols"
           ,"t-MediaList--3cols"
          ]
        }
      }
     ,{
        "id":"11412418447501819"
       ,"Identification":{
          "Name":"4 Column Grid"
         ,"Identifier":"4COLUMNGRID"
         ,"Group":"Layout (11407990718501817)"
         ,"Sequence":30
        }
       ,"Settings":{
          "Advanced":false
        }
       ,"Appearance":{
          "CSS Classes":[
            "t-MediaList--cols"
           ,"t-MediaList--4cols"
          ]
        }
      }
     ,{
        "id":"11412580998501819"
       ,"Identification":{
          "Name":"5 Column Grid"
         ,"Identifier":"5COLUMNGRID"
         ,"Group":"Layout (11407990718501817)"
         ,"Sequence":40
        }
       ,"Settings":{
          "Advanced":false
        }
       ,"Appearance":{
          "CSS Classes":[
            "t-MediaList--cols"
           ,"t-MediaList--5cols"
          ]
        }
      }
     ,{
        "id":"11412822811501819"
       ,"Identification":{
          "Name":"Apply Theme Colors"
         ,"Identifier":"APPLY_THEME_COLORS"
         ,"Sequence":40
        }
       ,"Settings":{
          "Advanced":false
        }
       ,"Appearance":{
          "CSS Classes":[
            "u-colors"
          ]
        }
       ,"Help":{
          "Help Text":"Applies colors from the Theme\u0027s color palette to icons in the list."
        }
      }
     ,{
        "id":"11413260995501819"
       ,"Identification":{
          "Name":"Rounded Corners"
         ,"Identifier":"ICONS_ROUNDED"
         ,"Group":"Icon Shape (11413052625501819)"
         ,"Sequence":10
        }
       ,"Settings":{
          "Advanced":false
        }
       ,"Appearance":{
          "CSS Classes":[
            "t-MediaList--iconsRounded"
          ]
        }
       ,"Help":{
          "Help Text":"The icons are displayed within a square with rounded corners."
        }
      }
     ,{
        "id":"11413473785501819"
       ,"Identification":{
          "Name":"Square"
         ,"Identifier":"ICONS_SQUARE"
         ,"Group":"Icon Shape (11413052625501819)"
         ,"Sequence":20
        }
       ,"Settings":{
          "Advanced":false
        }
       ,"Appearance":{
          "CSS Classes":[
            "t-MediaList--iconsSquare"
          ]
        }
       ,"Help":{
          "Help Text":"The icons are displayed within a square shape."
        }
      }
     ,{
        "id":"11413877415501820"
       ,"Identification":{
          "Name":"Large"
         ,"Identifier":"LIST_SIZE_LARGE"
         ,"Group":"Size (11413668290501819)"
         ,"Sequence":10
        }
       ,"Settings":{
          "Advanced":false
        }
       ,"Appearance":{
          "CSS Classes":[
            "t-MediaList--large"
           ,"force-fa-lg"
          ]
        }
       ,"Help":{
          "Help Text":"Increases the size of the text and icons in the list."
        }
      }
     ,{
        "id":"11414012163501820"
       ,"Identification":{
          "Name":"Show Badges"
         ,"Identifier":"SHOW_BADGES"
         ,"Sequence":30
        }
       ,"Settings":{
          "Advanced":false
        }
       ,"Appearance":{
          "CSS Classes":[
            "t-MediaList--showBadges"
          ]
        }
       ,"Help":{
          "Help Text":"Show a badge (Attribute 2) to the right of the list item."
        }
      }
     ,{
        "id":"11414194436501820"
       ,"Identification":{
          "Name":"Show Description"
         ,"Identifier":"SHOW_DESCRIPTION"
         ,"Sequence":20
        }
       ,"Settings":{
          "Advanced":false
        }
       ,"Appearance":{
          "CSS Classes":[
            "t-MediaList--showDesc"
          ]
        }
       ,"Help":{
          "Help Text":"Shows the description (Attribute 1) for each list item."
        }
      }
     ,{
        "id":"11414398781501820"
       ,"Identification":{
          "Name":"Show Icons"
         ,"Identifier":"SHOW_ICONS"
         ,"Sequence":10
        }
       ,"Settings":{
          "Advanced":false
        }
       ,"Appearance":{
          "CSS Classes":[
            "t-MediaList--showIcons"
          ]
        }
       ,"Help":{
          "Help Text":"Display an icon next to the list item."
        }
      }
     ,{
        "id":"11414676195501820"
       ,"Identification":{
          "Name":"Span Horizontal"
         ,"Identifier":"SPANHORIZONTAL"
         ,"Group":"Layout (11407990718501817)"
         ,"Sequence":50
        }
       ,"Settings":{
          "Advanced":false
        }
       ,"Appearance":{
          "CSS Classes":[
            "t-MediaList--horizontal"
          ]
        }
       ,"Help":{
          "Help Text":"Show all list items in one horizontal row."
        }
      }
    ]
  }
 ,{
    "id":"11414761255501820"
   ,"Identification":{
      "Name":"Side Navigation Menu"
     ,"Identifier":"SIDE_NAVIGATION_MENU"
     ,"Class":"Vertical Sidebar List"
    }
   ,"Subscription":{
      "Master":{
        "Referenced Id":"2466292414354694776"
      }
    }
   ,"Advanced":{
      "Translatable":false
    }
   ,"Template Options":{
      "Preset":[
        "t-TreeNav--styleA"
      ]
    }
   ,"List":{
      "Before Rows":"\u003Cdiv class=\"t-Body-nav\" id=\"t_Body_nav\" role=\"navigation\" aria-label=\"\u0026APP_TITLE!ATTR.\"\u003E\n\u003Cdiv class=\"t-TreeNav #COMPONENT_CSS_CLASSES#\" id=\"t_TreeNav\" data-id=\"#PARENT_STATIC_ID#_tree\" aria-label=\"\u0026APP_TITLE!ATTR.\"\u003E\u003Cul style=\"display:none\"\u003E"
    }
   ,"Entry":{
      "Current":"\u003Cli data-current=\"true\" data-id=\"#A01#\" data-disabled=\"#A02#\" data-icon=\"#ICON_CSS_CLASSES#\"\u003E\u003Ca href=\"#LINK#\" title=\"#A04#\"\u003E#TEXT_ESC_SC#\u003C\/a\u003E\u003C\/li\u003E"
     ,"Current with Sublist":"\u003Cli data-current=\"true\" data-id=\"#A01#\" data-disabled=\"#A02#\" data-icon=\"#ICON_CSS_CLASSES#\"\u003E\u003Ca href=\"#LINK#\" title=\"#A04#\"\u003E#TEXT_ESC_SC#\u003C\/a\u003E"
     ,"Noncurrent":"\u003Cli data-id=\"#A01#\" data-disabled=\"#A02#\" data-icon=\"#ICON_CSS_CLASSES#\"\u003E\u003Ca href=\"#LINK#\" title=\"#A04#\"\u003E#TEXT_ESC_SC#\u003C\/a\u003E\u003C\/li\u003E"
     ,"Noncurrent with Sublist":"\u003Cli data-id=\"#A01#\" data-disabled=\"#A02#\" data-icon=\"#ICON_CSS_CLASSES#\"\u003E\u003Ca href=\"#LINK#\" title=\"#A04#\"\u003E#TEXT_ESC_SC#\u003C\/a\u003E"
    }
   ,"SubList":{
      "Before Rows":"\u003Cul\u003E"
     ,"After Rows":"\u003C\/ul\u003E\u003C\/li\u003E"
    }
   ,"Sublist Entry":{
      "Current":"\u003Cli data-current=\"true\" data-id=\"#A01#\" data-disabled=\"#A02#\" data-icon=\"#ICON_CSS_CLASSES#\"\u003E\u003Ca href=\"#LINK#\" title=\"#A04#\"\u003E#TEXT_ESC_SC#\u003C\/a\u003E\u003C\/li\u003E"
     ,"Current with Sublist":"\u003Cli data-current=\"true\" data-id=\"#A01#\" data-disabled=\"#A02#\" data-icon=\"#ICON_CSS_CLASSES#\"\u003E\u003Ca href=\"#LINK#\" title=\"#A04#\"\u003E#TEXT_ESC_SC#\u003C\/a\u003E"
     ,"Noncurrent":"\u003Cli data-id=\"#A01#\" data-disabled=\"#A02#\" data-icon=\"#ICON_CSS_CLASSES#\"\u003E\u003Ca href=\"#LINK#\" title=\"#A04#\"\u003E#TEXT_ESC_SC#\u003C\/a\u003E\u003C\/li\u003E"
     ,"Noncurrent with Sublist Items":"\u003Cli data-id=\"#A01#\" data-disabled=\"#A02#\" data-icon=\"#ICON_CSS_CLASSES#\"\u003E\u003Ca href=\"#LINK#\" title=\"#A04#\"\u003E#TEXT_ESC_SC#\u003C\/a\u003E"
    }
   ,"After List Entry":{
      "After Rows":"\u003C\/ul\u003E\u003C\/div\u003E\u003C\/div\u003E"
    }
   ,"JavaScript":{
      "File URLs":[
        "#IMAGE_PREFIX#libraries\/apex\/#MIN_DIRECTORY#widget.treeView#MIN#.js?v=#APEX_VERSION#"
      ]
     ,"Execute when Page Loads":"apex.jQuery(\u0027body\u0027).addClass(\u0027t-PageBody--leftNav\u0027);"
    }
   ,"Attribute Descriptions":{
      "A01":"ID Attribute"
     ,"A02":"Disabled True\/False"
     ,"A04":"Title"
    }
   ,"Template Options":[
      {
        "id":"11415065009501820"
       ,"Identification":{
          "Name":"Collapsed by Default"
         ,"Identifier":"COLLAPSED_DEFAULT"
         ,"Sequence":10
        }
       ,"Settings":{
          "Advanced":false
        }
       ,"Appearance":{
          "CSS Classes":[
            "js-defaultCollapsed"
          ]
        }
       ,"Help":{
          "Help Text":"This option will load the side navigation menu in a collapsed state by default."
        }
      }
     ,{
        "id":"11415263123501821"
       ,"Identification":{
          "Name":"Style A"
         ,"Identifier":"STYLE_A"
         ,"Group":"Style (11409275965501818)"
         ,"Sequence":20
        }
       ,"Settings":{
          "Advanced":false
        }
       ,"Appearance":{
          "CSS Classes":[
            "t-TreeNav--styleA"
          ]
        }
       ,"Help":{
          "Help Text":"Style Variation A"
        }
      }
     ,{
        "id":"11415468441501821"
       ,"Identification":{
          "Name":"Style B"
         ,"Identifier":"STYLE_B"
         ,"Group":"Style (11409275965501818)"
         ,"Sequence":30
        }
       ,"Settings":{
          "Advanced":false
        }
       ,"Appearance":{
          "CSS Classes":[
            "t-TreeNav--styleB"
          ]
        }
       ,"Help":{
          "Help Text":"Style Variation B"
        }
      }
     ,{
        "id":"11415584332501821"
       ,"Identification":{
          "Name":"Classic"
         ,"Identifier":"STYLE_C"
         ,"Group":"Style (11409275965501818)"
         ,"Sequence":10
        }
       ,"Settings":{
          "Advanced":false
        }
       ,"Appearance":{
          "CSS Classes":[
            "t-TreeNav--classic"
          ]
        }
       ,"Help":{
          "Help Text":"Classic Style"
        }
      }
    ]
  }
 ,{
    "id":"11415728502501821"
   ,"Identification":{
      "Name":"Top Navigation Menu"
     ,"Identifier":"TOP_NAVIGATION_MENU"
     ,"Class":"Pull Down Menu"
    }
   ,"Subscription":{
      "Master":{
        "Referenced Id":"2525307901300239072"
      }
    }
   ,"Advanced":{
      "Translatable":false
    }
   ,"Template Options":{
      "Default":[
        "js-tabLike"
      ]
    }
   ,"List":{
      "Before Rows":"\u003Cdiv class=\"t-Header-nav-list #COMPONENT_CSS_CLASSES#\" id=\"#PARENT_STATIC_ID#_menubar\"\u003E\u003Cul style=\"display:none\"\u003E"
    }
   ,"Entry":{
      "Current":"\u003Cli data-current=\"true\" data-id=\"#A01#\" data-disabled=\"#A02#\" data-hide=\"#A03#\" data-shortcut=\"#A05#\" data-icon=\"#ICON_CSS_CLASSES#\"\u003E\u003Ca href=\"#LINK#\" title=\"#A04#\"\u003E#TEXT_ESC_SC#\u003C\/a\u003E\u003C\/li\u003E"
     ,"Current with Sublist":"\u003Cli data-current=\"true\" data-id=\"#A01#\" data-disabled=\"#A02#\" data-hide=\"#A03#\" data-shortcut=\"#A05#\" data-icon=\"#ICON_CSS_CLASSES#\"\u003E\u003Ca href=\"#LINK#\" title=\"#A04#\"\u003E#TEXT_ESC_SC#\u003C\/a\u003E"
     ,"Noncurrent":"\u003Cli data-id=\"#A01#\" data-disabled=\"#A02#\" data-hide=\"#A03#\" data-shortcut=\"#A05#\" data-icon=\"#ICON_CSS_CLASSES#\"\u003E\u003Ca href=\"#LINK#\" title=\"#A04#\"\u003E#TEXT_ESC_SC#\u003C\/a\u003E\u003C\/li\u003E"
     ,"Noncurrent with Sublist":"\u003Cli data-id=\"#A01#\" data-disabled=\"#A02#\" data-hide=\"#A03#\" data-shortcut=\"#A05#\" data-icon=\"#ICON_CSS_CLASSES#\"\u003E\u003Ca href=\"#LINK#\" title=\"#A04#\"\u003E#TEXT_ESC_SC#\u003C\/a\u003E"
    }
   ,"SubList":{
      "Before Rows":"\u003Cul\u003E"
     ,"After Rows":"\u003C\/ul\u003E\u003C\/li\u003E"
    }
   ,"Sublist Entry":{
      "Current":"\u003Cli data-current=\"true\" data-id=\"#A01#\" data-disabled=\"#A02#\" data-hide=\"#A03#\" data-shortcut=\"#A05#\" data-icon=\"#ICON_CSS_CLASSES#\"\u003E\u003Ca href=\"#LINK#\" title=\"#A04#\"\u003E#TEXT_ESC_SC#\u003C\/a\u003E\u003C\/li\u003E"
     ,"Current with Sublist":"\u003Cli data-current=\"true\" data-id=\"#A01#\" data-disabled=\"#A02#\" data-hide=\"#A03#\" data-shortcut=\"#A05#\" data-icon=\"#ICON_CSS_CLASSES#\"\u003E\u003Ca href=\"#LINK#\" title=\"#A04#\"\u003E#TEXT_ESC_SC#\u003C\/a\u003E"
     ,"Noncurrent":"\u003Cli data-id=\"#A01#\" data-disabled=\"#A02#\" data-hide=\"#A03#\" data-shortcut=\"#A05#\" data-icon=\"#ICON_CSS_CLASSES#\"\u003E\u003Ca href=\"#LINK#\" title=\"#A04#\"\u003E#TEXT_ESC_SC#\u003C\/a\u003E\u003C\/li\u003E"
     ,"Noncurrent with Sublist Items":"\u003Cli data-id=\"#A01#\" data-disabled=\"#A02#\" data-hide=\"#A03#\" data-shortcut=\"#A05#\" data-icon=\"#ICON_CSS_CLASSES#\"\u003E\u003Ca href=\"#LINK#\" title=\"#A04#\"\u003E#TEXT_ESC_SC#\u003C\/a\u003E"
    }
   ,"After List Entry":{
      "After Rows":"\u003C\/ul\u003E\u003C\/div\u003E"
    }
   ,"JavaScript":{
      "Execute when Page Loads":"var e = apex.jQuery(\"##PARENT_STATIC_ID#_menubar\", apex.gPageContext$);\nif (e.hasClass(\"js-addActions\")) {\n  if ( apex.actions ) {\n    apex.actions.addFromMarkup( e );\n  } else {\n    apex.debug.warn(\"Include actions.js to support menu shortcuts\");\n  }\n}\ne.menu({\n  behaveLikeTabs: e.hasClass(\"js-tabLike\"),\n  menubarShowSubMenuIcon: e.hasClass(\"js-showSubMenuIcons\") || null,\n  slide: e.hasClass(\"js-slide\"),\n  menubar: true,\n  menubarOverflow: true\n});"
    }
   ,"Attribute Descriptions":{
      "A01":"ID Attribute"
     ,"A02":"Disabled True \/ False"
     ,"A03":"Hide"
     ,"A04":"Title Attribute"
     ,"A05":"Shortcut Key"
    }
   ,"Template Options":[
      {
        "id":"11415985354501821"
       ,"Identification":{
          "Name":"Add Actions"
         ,"Identifier":"ADD_ACTIONS"
         ,"Sequence":1
        }
       ,"Settings":{
          "Advanced":false
        }
       ,"Appearance":{
          "CSS Classes":[
            "js-addActions"
          ]
        }
       ,"Help":{
          "Help Text":"Use this option to add shortcuts for menu items. Note that actions.js must be included on your page to support this functionality."
        }
      }
     ,{
        "id":"11416216715501821"
       ,"Identification":{
          "Name":"Behave Like Tabs"
         ,"Identifier":"BEHAVE_LIKE_TABS"
         ,"Sequence":1
        }
       ,"Settings":{
          "Advanced":false
        }
       ,"Appearance":{
          "CSS Classes":[
            "js-tabLike"
          ]
        }
      }
     ,{
        "id":"11416397973501821"
       ,"Identification":{
          "Name":"Enable Slide Animation"
         ,"Identifier":"ENABLE_SLIDE_ANIMATION"
         ,"Sequence":1
        }
       ,"Settings":{
          "Advanced":false
        }
       ,"Appearance":{
          "CSS Classes":[
            "js-slide"
          ]
        }
      }
     ,{
        "id":"11416602012501821"
       ,"Identification":{
          "Name":"Show Sub Menu Icons"
         ,"Identifier":"SHOW_SUB_MENU_ICONS"
         ,"Sequence":1
        }
       ,"Settings":{
          "Advanced":false
        }
       ,"Appearance":{
          "CSS Classes":[
            "js-showSubMenuIcons"
          ]
        }
      }
    ]
  }
 ,{
    "id":"11416688382501821"
   ,"Identification":{
      "Name":"Navigation Bar"
     ,"Identifier":"NAVIGATION_BAR"
     ,"Class":"Pull Down Menu"
    }
   ,"Subscription":{
      "Master":{
        "Referenced Id":"2846096252961119197"
      }
    }
   ,"Advanced":{
      "Translatable":false
    }
   ,"List":{
      "Before Rows":"\u003Cul class=\"t-NavigationBar #COMPONENT_CSS_CLASSES#\" id=\"#LIST_ID#\"\u003E"
    }
   ,"Entry":{
      "Current":"\u003Cli class=\"t-NavigationBar-item is-active #A02#\"\u003E\n  \u003Ca class=\"t-Button t-Button--icon t-Button--header t-Button--navBar\" href=\"#LINK#\"\u003E\n      \u003Cspan class=\"t-Icon #ICON_CSS_CLASSES#\"\u003E\u003C\/span\u003E\u003Cspan class=\"t-Button-label\"\u003E#TEXT_ESC_SC#\u003C\/span\u003E\u003Cspan class=\"t-Button-badge\"\u003E#A01#\u003C\/span\u003E\n  \u003C\/a\u003E\n\u003C\/li\u003E"
     ,"Current with Sublist":"\u003Cli class=\"t-NavigationBar-item is-active #A02#\"\u003E\n  \u003Cbutton class=\"t-Button t-Button--icon t-Button t-Button--header t-Button--navBar js-menuButton\" type=\"button\" id=\"#LIST_ITEM_ID#\" data-menu=\"menu_#LIST_ITEM_ID#\"\u003E\n      \u003Cspan class=\"t-Icon #ICON_CSS_CLASSES#\"\u003E\u003C\/span\u003E\u003Cspan class=\"t-Button-label\"\u003E#TEXT_ESC_SC#\u003C\/span\u003E\u003Cspan class=\"t-Button-badge\"\u003E#A01#\u003C\/span\u003E\u003Cspan class=\"a-Icon icon-down-arrow\"\u003E\u003C\/span\u003E\n  \u003C\/button\u003E"
     ,"Noncurrent":"\u003Cli class=\"t-NavigationBar-item #A02#\"\u003E\n  \u003Ca class=\"t-Button t-Button--icon t-Button--header t-Button--navBar\" href=\"#LINK#\"\u003E\n    \u003Cspan class=\"t-Icon #ICON_CSS_CLASSES#\"\u003E\u003C\/span\u003E\u003Cspan class=\"t-Button-label\"\u003E#TEXT_ESC_SC#\u003C\/span\u003E\u003Cspan class=\"t-Button-badge\"\u003E#A01#\u003C\/span\u003E\n  \u003C\/a\u003E\n\u003C\/li\u003E"
     ,"Noncurrent with Sublist":"\u003Cli class=\"t-NavigationBar-item #A02#\"\u003E\n  \u003Cbutton class=\"t-Button t-Button--icon t-Button t-Button--header t-Button--navBar js-menuButton\" type=\"button\" id=\"#LIST_ITEM_ID#\" data-menu=\"menu_#LIST_ITEM_ID#\"\u003E\n      \u003Cspan class=\"t-Icon #ICON_CSS_CLASSES#\"\u003E\u003C\/span\u003E\u003Cspan class=\"t-Button-label\"\u003E#TEXT_ESC_SC#\u003C\/span\u003E\u003Cspan class=\"t-Button-badge\"\u003E#A01#\u003C\/span\u003E\u003Cspan class=\"a-Icon icon-down-arrow\"\u003E\u003C\/span\u003E\n  \u003C\/button\u003E"
    }
   ,"SubList":{
      "Before Rows":"\u003Cdiv class=\"t-NavigationBar-menu\" style=\"display: none\" id=\"menu_#PARENT_LIST_ITEM_ID#\"\u003E\u003Cul\u003E"
     ,"After Rows":"\u003C\/ul\u003E\u003C\/div\u003E\u003C\/li\u003E"
    }
   ,"Sublist Entry":{
      "Current":"\u003Cli data-current=\"true\" data-icon=\"#ICON_CSS_CLASSES#\"\u003E\u003Ca href=\"#LINK#\"\u003E#TEXT_ESC_SC#\u003C\/a\u003E\u003C\/li\u003E"
     ,"Current with Sublist":"\u003Cli data-current=\"true\" data-icon=\"#ICON_CSS_CLASSES#\"\u003E\u003Ca href=\"#LINK#\"\u003E#TEXT_ESC_SC#\u003C\/a\u003E\u003C\/li\u003E"
     ,"Noncurrent":"\u003Cli data-current=\"false\" data-icon=\"#ICON_CSS_CLASSES#\"\u003E\u003Ca href=\"#LINK#\"\u003E#TEXT_ESC_SC#\u003C\/a\u003E\u003C\/li\u003E"
     ,"Noncurrent with Sublist Items":"\u003Cli data-current=\"false\" data-icon=\"#ICON_CSS_CLASSES#\"\u003E\u003Ca href=\"#LINK#\"\u003E#TEXT_ESC_SC#\u003C\/a\u003E\u003C\/li\u003E"
    }
   ,"After List Entry":{
      "After Rows":"\u003C\/ul\u003E"
    }
   ,"Attribute Descriptions":{
      "A01":"Badge Value"
     ,"A02":"List  Item CSS Classes"
    }
  }
 ,{
    "id":"11416922821501822"
   ,"Identification":{
      "Name":"Cards"
     ,"Identifier":"CARDS"
     ,"Class":"Horizontal Images with Label List"
    }
   ,"Subscription":{
      "Master":{
        "Referenced Id":"2885322685880632508"
      }
    }
   ,"Advanced":{
      "Translatable":false
    }
   ,"Template Options":{
      "Preset":[
        "t-Cards--animColorFill"
       ,"t-Cards--3cols"
       ,"t-Cards--basic"
      ]
    }
   ,"List":{
      "Before Rows":"\u003Cul class=\"t-Cards #COMPONENT_CSS_CLASSES#\"\u003E"
    }
   ,"Entry":{
      "Current":"\u003Cli class=\"t-Cards-item is-active #A04#\"\u003E\n  \u003Cdiv class=\"t-Card\"\u003E\n    \u003Ca href=\"#LINK#\" class=\"t-Card-wrap\" #A05#\u003E\n      \u003Cdiv class=\"t-Card-icon u-color #A06#\"\u003E\u003Cspan class=\"t-Icon #ICON_CSS_CLASSES#\"\u003E\u003Cspan class=\"t-Card-initials\" role=\"presentation\"\u003E#A03#\u003C\/span\u003E\u003C\/span\u003E\u003C\/div\u003E\n      \u003Cdiv class=\"t-Card-titleWrap\"\u003E\u003Ch3 class=\"t-Card-title\"\u003E#TEXT#\u003C\/h3\u003E\u003Ch4 class=\"t-Card-subtitle\"\u003E#A07#\u003C\/h4\u003E\u003C\/div\u003E\n      \u003Cdiv class=\"t-Card-body\"\u003E\n        \u003Cdiv class=\"t-Card-desc\"\u003E#A01#\u003C\/div\u003E\n        \u003Cdiv class=\"t-Card-info\"\u003E#A02#\u003C\/div\u003E\n      \u003C\/div\u003E\n      \u003Cspan class=\"t-Card-colorFill u-color #A06#\"\u003E\u003C\/span\u003E\n    \u003C\/a\u003E\n  \u003C\/div\u003E\n\u003C\/li\u003E"
     ,"Noncurrent":"\u003Cli class=\"t-Cards-item #A04#\"\u003E\n  \u003Cdiv class=\"t-Card\"\u003E\n    \u003Ca href=\"#LINK#\" class=\"t-Card-wrap\" #A05#\u003E\n      \u003Cdiv class=\"t-Card-icon u-color #A06#\"\u003E\u003Cspan class=\"t-Icon #ICON_CSS_CLASSES#\"\u003E\u003Cspan class=\"t-Card-initials\" role=\"presentation\"\u003E#A03#\u003C\/span\u003E\u003C\/span\u003E\u003C\/div\u003E\n      \u003Cdiv class=\"t-Card-titleWrap\"\u003E\u003Ch3 class=\"t-Card-title\"\u003E#TEXT#\u003C\/h3\u003E\u003Ch4 class=\"t-Card-subtitle\"\u003E#A07#\u003C\/h4\u003E\u003C\/div\u003E\n      \u003Cdiv class=\"t-Card-body\"\u003E\n        \u003Cdiv class=\"t-Card-desc\"\u003E#A01#\u003C\/div\u003E\n        \u003Cdiv class=\"t-Card-info\"\u003E#A02#\u003C\/div\u003E\n      \u003C\/div\u003E\n      \u003Cspan class=\"t-Card-colorFill u-color #A06#\"\u003E\u003C\/span\u003E\n    \u003C\/a\u003E\n  \u003C\/div\u003E\n\u003C\/li\u003E"
    }
   ,"After List Entry":{
      "After Rows":"\u003C\/ul\u003E"
    }
   ,"Attribute Descriptions":{
      "A01":"Description"
     ,"A02":"Secondary Information"
     ,"A03":"Initials"
     ,"A04":"List Item CSS Classes"
     ,"A05":"Link Attributes"
     ,"A06":"Card Color Class"
     ,"A07":"Subtitle"
    }
   ,"Template Options":[
      {
        "id":"11417263038501822"
       ,"Identification":{
          "Name":"2 Columns"
         ,"Identifier":"2_COLUMNS"
         ,"Group":"Layout (11407990718501817)"
         ,"Sequence":10
        }
       ,"Settings":{
          "Advanced":false
        }
       ,"Appearance":{
          "CSS Classes":[
            "t-Cards--cols"
          ]
        }
      }
     ,{
        "id":"11417617844501822"
       ,"Identification":{
          "Name":"2 Lines"
         ,"Identifier":"2_LINES"
         ,"Group":"Body Text (11417402442501822)"
         ,"Sequence":10
        }
       ,"Settings":{
          "Advanced":false
        }
       ,"Appearance":{
          "CSS Classes":[
            "t-Cards--desc-2ln"
          ]
        }
      }
     ,{
        "id":"11417869179501822"
       ,"Identification":{
          "Name":"3 Columns"
         ,"Identifier":"3_COLUMNS"
         ,"Group":"Layout (11407990718501817)"
         ,"Sequence":20
        }
       ,"Settings":{
          "Advanced":false
        }
       ,"Appearance":{
          "CSS Classes":[
            "t-Cards--3cols"
          ]
        }
      }
     ,{
        "id":"11418070968501823"
       ,"Identification":{
          "Name":"3 Lines"
         ,"Identifier":"3_LINES"
         ,"Group":"Body Text (11417402442501822)"
         ,"Sequence":20
        }
       ,"Settings":{
          "Advanced":false
        }
       ,"Appearance":{
          "CSS Classes":[
            "t-Cards--desc-3ln"
          ]
        }
      }
     ,{
        "id":"11418243012501823"
       ,"Identification":{
          "Name":"4 Columns"
         ,"Identifier":"4_COLUMNS"
         ,"Group":"Layout (11407990718501817)"
         ,"Sequence":30
        }
       ,"Settings":{
          "Advanced":false
        }
       ,"Appearance":{
          "CSS Classes":[
            "t-Cards--4cols"
          ]
        }
      }
     ,{
        "id":"11418439204501823"
       ,"Identification":{
          "Name":"4 Lines"
         ,"Identifier":"4_LINES"
         ,"Group":"Body Text (11417402442501822)"
         ,"Sequence":30
        }
       ,"Settings":{
          "Advanced":false
        }
       ,"Appearance":{
          "CSS Classes":[
            "t-Cards--desc-4ln"
          ]
        }
      }
     ,{
        "id":"11418642950501823"
       ,"Identification":{
          "Name":"5 Columns"
         ,"Identifier":"5_COLUMNS"
         ,"Group":"Layout (11407990718501817)"
         ,"Sequence":50
        }
       ,"Settings":{
          "Advanced":false
        }
       ,"Appearance":{
          "CSS Classes":[
            "t-Cards--5cols"
          ]
        }
      }
     ,{
        "id":"11418802294501823"
       ,"Identification":{
          "Name":"Basic"
         ,"Identifier":"BASIC"
         ,"Group":"Style (11409275965501818)"
         ,"Sequence":10
        }
       ,"Settings":{
          "Advanced":false
        }
       ,"Appearance":{
          "CSS Classes":[
            "t-Cards--basic"
          ]
        }
      }
     ,{
        "id":"11418997636501823"
       ,"Identification":{
          "Name":"Block"
         ,"Identifier":"BLOCK"
         ,"Group":"Style (11409275965501818)"
         ,"Sequence":40
        }
       ,"Settings":{
          "Advanced":false
        }
       ,"Appearance":{
          "CSS Classes":[
            "t-Cards--featured"
           ,"t-Cards--block"
           ,"force-fa-lg"
          ]
        }
      }
     ,{
        "id":"11419178878501823"
       ,"Identification":{
          "Name":"Stacked"
         ,"Identifier":"CARDS_STACKED"
         ,"Group":"Layout (11407990718501817)"
         ,"Sequence":5
        }
       ,"Settings":{
          "Advanced":false
        }
       ,"Appearance":{
          "CSS Classes":[
            "t-Cards--stacked"
          ]
        }
       ,"Help":{
          "Help Text":"Stacks the cards on top of each other."
        }
      }
     ,{
        "id":"11419643361501823"
       ,"Identification":{
          "Name":"Color Fill"
         ,"Identifier":"COLOR_FILL"
         ,"Group":"Animation (11419387355501823)"
         ,"Sequence":10
        }
       ,"Settings":{
          "Advanced":false
        }
       ,"Appearance":{
          "CSS Classes":[
            "t-Cards--animColorFill"
          ]
        }
       ,"Help":{
          "Help Text":"Fills the card background with the color of the icon or default link style."
        }
      }
     ,{
        "id":"11419813408501823"
       ,"Identification":{
          "Name":"Compact"
         ,"Identifier":"COMPACT"
         ,"Group":"Style (11409275965501818)"
         ,"Sequence":20
        }
       ,"Settings":{
          "Advanced":false
        }
       ,"Appearance":{
          "CSS Classes":[
            "t-Cards--compact"
          ]
        }
       ,"Help":{
          "Help Text":"Use this option when you want to show smaller cards."
        }
      }
     ,{
        "id":"11420217314501824"
       ,"Identification":{
          "Name":"Display Icons"
         ,"Identifier":"DISPLAY_ICONS"
         ,"Group":"Icons (11420051655501824)"
         ,"Sequence":10
        }
       ,"Settings":{
          "Advanced":false
        }
       ,"Appearance":{
          "CSS Classes":[
            "t-Cards--displayIcons"
          ]
        }
      }
     ,{
        "id":"11420404541501824"
       ,"Identification":{
          "Name":"Display Initials"
         ,"Identifier":"DISPLAY_INITIALS"
         ,"Group":"Icons (11420051655501824)"
         ,"Sequence":20
        }
       ,"Settings":{
          "Advanced":false
        }
       ,"Appearance":{
          "CSS Classes":[
            "t-Cards--displayInitials"
          ]
        }
       ,"Help":{
          "Help Text":"Initials come from List Attribute 3"
        }
      }
     ,{
        "id":"11420635704501824"
       ,"Identification":{
          "Name":"Display Subtitle"
         ,"Identifier":"DISPLAY_SUBTITLE"
         ,"Sequence":20
        }
       ,"Settings":{
          "Advanced":false
        }
       ,"Appearance":{
          "CSS Classes":[
            "t-Cards--displaySubtitle"
          ]
        }
      }
     ,{
        "id":"11420822652501824"
       ,"Identification":{
          "Name":"Featured"
         ,"Identifier":"FEATURED"
         ,"Group":"Style (11409275965501818)"
         ,"Sequence":30
        }
       ,"Settings":{
          "Advanced":false
        }
       ,"Appearance":{
          "CSS Classes":[
            "t-Cards--featured"
           ,"force-fa-lg"
          ]
        }
      }
     ,{
        "id":"11421040623501824"
       ,"Identification":{
          "Name":"Float"
         ,"Identifier":"FLOAT"
         ,"Group":"Layout (11407990718501817)"
         ,"Sequence":60
        }
       ,"Settings":{
          "Advanced":false
        }
       ,"Appearance":{
          "CSS Classes":[
            "t-Cards--float"
          ]
        }
      }
     ,{
        "id":"11421202724501824"
       ,"Identification":{
          "Name":"Hidden"
         ,"Identifier":"HIDDEN_BODY_TEXT"
         ,"Group":"Body Text (11417402442501822)"
         ,"Sequence":50
        }
       ,"Settings":{
          "Advanced":false
        }
       ,"Appearance":{
          "CSS Classes":[
            "t-Cards--hideBody"
          ]
        }
       ,"Help":{
          "Help Text":"This option hides the card body which contains description and subtext."
        }
      }
     ,{
        "id":"11421476123501824"
       ,"Identification":{
          "Name":"Rounded Corners"
         ,"Identifier":"ICONS_ROUNDED"
         ,"Group":"Icon Shape (11413052625501819)"
         ,"Sequence":10
        }
       ,"Settings":{
          "Advanced":false
        }
       ,"Appearance":{
          "CSS Classes":[
            "t-Cards--iconsRounded"
          ]
        }
       ,"Help":{
          "Help Text":"The icons are displayed within a square with rounded corners."
        }
      }
     ,{
        "id":"11421671306501824"
       ,"Identification":{
          "Name":"Square"
         ,"Identifier":"ICONS_SQUARE"
         ,"Group":"Icon Shape (11413052625501819)"
         ,"Sequence":20
        }
       ,"Settings":{
          "Advanced":false
        }
       ,"Appearance":{
          "CSS Classes":[
            "t-Cards--iconsSquare"
          ]
        }
       ,"Help":{
          "Help Text":"The icons are displayed within a square shape."
        }
      }
     ,{
        "id":"11421804482501824"
       ,"Identification":{
          "Name":"Raise Card"
         ,"Identifier":"RAISE_CARD"
         ,"Group":"Animation (11419387355501823)"
         ,"Sequence":20
        }
       ,"Settings":{
          "Advanced":false
        }
       ,"Appearance":{
          "CSS Classes":[
            "t-Cards--animRaiseCard"
          ]
        }
       ,"Help":{
          "Help Text":"Raises the card so it pops up."
        }
      }
     ,{
        "id":"11421981644501824"
       ,"Identification":{
          "Name":"Span Horizontally"
         ,"Identifier":"SPAN_HORIZONTALLY"
         ,"Group":"Layout (11407990718501817)"
         ,"Sequence":70
        }
       ,"Settings":{
          "Advanced":false
        }
       ,"Appearance":{
          "CSS Classes":[
            "t-Cards--spanHorizontally"
          ]
        }
      }
     ,{
        "id":"11422228851501824"
       ,"Identification":{
          "Name":"Apply Theme Colors"
         ,"Identifier":"USE_THEME_COLORS"
         ,"Sequence":10
        }
       ,"Settings":{
          "Advanced":false
        }
       ,"Appearance":{
          "CSS Classes":[
            "u-colors"
          ]
        }
       ,"Help":{
          "Help Text":"Applies the colors from the theme\u0027s color palette to the icons or initials within cards."
        }
      }
    ]
  }
 ,{
    "id":"11422337657501825"
   ,"Identification":{
      "Name":"Tabs"
     ,"Identifier":"TABS"
     ,"Class":"Tabbed Navigation List"
    }
   ,"Subscription":{
      "Master":{
        "Referenced Id":"3288206686691809997"
      }
    }
   ,"Advanced":{
      "Translatable":false
    }
   ,"Template Options":{
      "Preset":[
        "t-Tabs--simple"
      ]
    }
   ,"List":{
      "Before Rows":"\u003Cul class=\"t-Tabs #COMPONENT_CSS_CLASSES#\"\u003E"
    }
   ,"Entry":{
      "Current":"\u003Cli class=\"t-Tabs-item is-active\"\u003E\u003Ca href=\"#LINK#\" class=\"t-Tabs-link\"\u003E\u003Cspan class=\"t-Icon #ICON_CSS_CLASSES#\"\u003E\u003C\/span\u003E\u003Cspan class=\"t-Tabs-label\"\u003E#TEXT#\u003C\/span\u003E\u003C\/a\u003E\u003C\/li\u003E"
     ,"Noncurrent":"\u003Cli class=\"t-Tabs-item\"\u003E\u003Ca href=\"#LINK#\" class=\"t-Tabs-link\"\u003E\u003Cspan class=\"t-Icon #ICON_CSS_CLASSES#\"\u003E\u003C\/span\u003E\u003Cspan class=\"t-Tabs-label\"\u003E#TEXT#\u003C\/span\u003E\u003C\/a\u003E\u003C\/li\u003E"
    }
   ,"After List Entry":{
      "After Rows":"\u003C\/ul\u003E"
    }
   ,"JavaScript":{
      "File URLs":[
        "#IMAGE_PREFIX#libraries\/apex\/#MIN_DIRECTORY#widget.apexTabs#MIN#.js?v=#APEX_VERSION#"
      ]
    }
   ,"Template Options":[
      {
        "id":"11422639706501825"
       ,"Identification":{
          "Name":"Above Label"
         ,"Identifier":"ABOVE_LABEL"
         ,"Group":"Icons (11420051655501824)"
         ,"Sequence":20
        }
       ,"Settings":{
          "Advanced":false
        }
       ,"Appearance":{
          "CSS Classes":[
            "t-Tabs--iconsAbove"
          ]
        }
       ,"Help":{
          "Help Text":"Places icons above tab label."
        }
      }
     ,{
        "id":"11422791688501825"
       ,"Identification":{
          "Name":"Fill Labels"
         ,"Identifier":"FILL_LABELS"
         ,"Group":"Layout (11407990718501817)"
         ,"Sequence":1
        }
       ,"Settings":{
          "Advanced":false
        }
       ,"Appearance":{
          "CSS Classes":[
            "t-Tabs--fillLabels"
          ]
        }
       ,"Help":{
          "Help Text":"Stretch tabs to fill to the width of the tabs container."
        }
      }
     ,{
        "id":"11423028874501825"
       ,"Identification":{
          "Name":"Inline with Label"
         ,"Identifier":"INLINE_WITH_LABEL"
         ,"Group":"Icons (11420051655501824)"
         ,"Sequence":10
        }
       ,"Settings":{
          "Advanced":false
        }
       ,"Appearance":{
          "CSS Classes":[
            "t-Tabs--inlineIcons"
          ]
        }
      }
     ,{
        "id":"11423232294501825"
       ,"Identification":{
          "Name":"Large"
         ,"Identifier":"LARGE"
         ,"Group":"Size (11413668290501819)"
         ,"Sequence":10
        }
       ,"Settings":{
          "Advanced":false
        }
       ,"Appearance":{
          "CSS Classes":[
            "t-Tabs--large"
          ]
        }
       ,"Help":{
          "Help Text":"Increases font size and white space around tab items."
        }
      }
     ,{
        "id":"11423383077501825"
       ,"Identification":{
          "Name":"Pill"
         ,"Identifier":"PILL"
         ,"Group":"Style (11409275965501818)"
         ,"Sequence":20
        }
       ,"Settings":{
          "Advanced":false
        }
       ,"Appearance":{
          "CSS Classes":[
            "t-Tabs--pill"
          ]
        }
       ,"Help":{
          "Help Text":"Displays tabs in a pill container."
        }
      }
     ,{
        "id":"11423606397501825"
       ,"Identification":{
          "Name":"Simple"
         ,"Identifier":"SIMPLE"
         ,"Group":"Style (11409275965501818)"
         ,"Sequence":10
        }
       ,"Settings":{
          "Advanced":false
        }
       ,"Appearance":{
          "CSS Classes":[
            "t-Tabs--simple"
          ]
        }
       ,"Help":{
          "Help Text":"A very simplistic tab UI."
        }
      }
     ,{
        "id":"11423868302501825"
       ,"Identification":{
          "Name":"Small"
         ,"Identifier":"SMALL"
         ,"Group":"Size (11413668290501819)"
         ,"Sequence":5
        }
       ,"Settings":{
          "Advanced":false
        }
       ,"Appearance":{
          "CSS Classes":[
            "t-Tabs--small"
          ]
        }
      }
    ]
  }
 ,{
    "id":"11423963736501825"
   ,"Identification":{
      "Name":"Menu Popup"
     ,"Identifier":"MENU_POPUP"
     ,"Class":"Pull Down Menu"
    }
   ,"Subscription":{
      "Master":{
        "Referenced Id":"3492264004432431646"
      }
    }
   ,"Advanced":{
      "Translatable":false
    }
   ,"List":{
      "Before Rows":"\u003Cdiv id=\"#PARENT_STATIC_ID#_menu\" class=\"#COMPONENT_CSS_CLASSES#\" style=\"display:none;\"\u003E\u003Cul\u003E"
    }
   ,"Entry":{
      "Current":"\u003Cli data-id=\"#A01#\" data-disabled=\"#A02#\" data-hide=\"#A03#\" data-shortcut=\"#A05#\" data-icon=\"#ICON_CSS_CLASSES#\"\u003E\u003Ca href=\"#LINK#\" title=\"#A04#\"\u003E#TEXT_ESC_SC#\u003C\/a\u003E\u003C\/li\u003E\n"
     ,"Current with Sublist":"\u003Cli data-id=\"#A01#\" data-disabled=\"#A02#\" data-hide=\"#A03#\" data-shortcut=\"#A05#\" data-icon=\"#ICON_CSS_CLASSES#\"\u003E\u003Ca href=\"#LINK#\" title=\"#A04#\"\u003E#TEXT_ESC_SC#\u003C\/a\u003E"
     ,"Noncurrent":"\u003Cli data-id=\"#A01#\" data-disabled=\"#A02#\" data-hide=\"#A03#\" data-shortcut=\"#A05#\" data-icon=\"#ICON_CSS_CLASSES#\"\u003E\u003Ca href=\"#LINK#\" title=\"#A04#\"\u003E#TEXT_ESC_SC#\u003C\/a\u003E\u003C\/li\u003E\n"
     ,"Noncurrent with Sublist":"\u003Cli data-id=\"#A01#\" data-disabled=\"#A02#\" data-hide=\"#A03#\" data-shortcut=\"#A05#\" data-icon=\"#ICON_CSS_CLASSES#\"\u003E\u003Ca href=\"#LINK#\" title=\"#A04#\"\u003E#TEXT_ESC_SC#\u003C\/a\u003E"
    }
   ,"SubList":{
      "Before Rows":"\u003Cul\u003E"
     ,"After Rows":"\u003C\/ul\u003E\u003C\/li\u003E"
    }
   ,"Sublist Entry":{
      "Current":"\u003Cli data-id=\"#A01#\" data-disabled=\"#A02#\" data-hide=\"#A03#\" data-shortcut=\"#A05#\" data-icon=\"#ICON_CSS_CLASSES#\"\u003E\u003Ca href=\"#LINK#\" title=\"#A04#\"\u003E#TEXT_ESC_SC#\u003C\/a\u003E\u003C\/li\u003E"
     ,"Current with Sublist":"\u003Cli data-id=\"#A01#\" data-disabled=\"#A02#\" data-hide=\"#A03#\" data-shortcut=\"#A05#\" data-icon=\"#ICON_CSS_CLASSES#\"\u003E\u003Ca href=\"#LINK#\" title=\"#A04#\"\u003E#TEXT_ESC_SC#\u003C\/a\u003E"
     ,"Noncurrent":"\u003Cli data-id=\"#A01#\" data-disabled=\"#A02#\" data-hide=\"#A03#\" data-shortcut=\"#A05#\" data-icon=\"#ICON_CSS_CLASSES#\"\u003E\u003Ca href=\"#LINK#\" title=\"#A04#\"\u003E#TEXT_ESC_SC#\u003C\/a\u003E\u003C\/li\u003E"
     ,"Noncurrent with Sublist Items":"\u003Cli data-id=\"#A01#\" data-disabled=\"#A02#\" data-hide=\"#A03#\" data-shortcut=\"#A05#\" data-icon=\"#ICON_CSS_CLASSES#\"\u003E\u003Ca href=\"#LINK#\" title=\"#A04#\"\u003E#TEXT_ESC_SC#\u003C\/a\u003E"
    }
   ,"After List Entry":{
      "After Rows":"\u003C\/ul\u003E\u003C\/div\u003E"
    }
   ,"JavaScript":{
      "Execute when Page Loads":"var e = apex.jQuery(\"##PARENT_STATIC_ID#_menu\", apex.gPageContext$);\nif (e.hasClass(\"js-addActions\")) {\n  apex.actions.addFromMarkup( e );\n}\ne.menu({ slide: e.hasClass(\"js-slide\"), iconType: \u0027fa\u0027});"
    }
   ,"Attribute Descriptions":{
      "A01":"Data ID"
     ,"A02":"Disabled (True\/False)"
     ,"A03":"Hidden (True\/False)"
     ,"A04":"Title Attribute"
     ,"A05":"Shortcut"
    }
   ,"Template Options":[
      {
        "id":"11424273964501826"
       ,"Identification":{
          "Name":"Add Actions"
         ,"Identifier":"ADD_ACTIONS"
         ,"Sequence":10
        }
       ,"Settings":{
          "Advanced":false
        }
       ,"Appearance":{
          "CSS Classes":[
            "js-addActions"
          ]
        }
       ,"Help":{
          "Help Text":"Enables you to define a keyboard shortcut to activate the menu item."
        }
      }
    ]
  }
 ,{
    "id":"11424292704501826"
   ,"Identification":{
      "Name":"Links List"
     ,"Identifier":"LINKS_LIST"
     ,"Class":"Vertical Unordered List without Bullets"
    }
   ,"Subscription":{
      "Master":{
        "Referenced Id":"4070914341144059318"
      }
    }
   ,"Advanced":{
      "Translatable":false
    }
   ,"List":{
      "Before Rows":"\u003Cul class=\"t-LinksList #COMPONENT_CSS_CLASSES#\" id=\"#LIST_ID#\"\u003E"
    }
   ,"Entry":{
      "Current":"\u003Cli class=\"t-LinksList-item is-current #A03#\"\u003E\u003Ca href=\"#LINK#\" class=\"t-LinksList-link\" #A02#\u003E\u003Cspan class=\"t-LinksList-icon\"\u003E\u003Cspan class=\"t-Icon #ICON_CSS_CLASSES#\"\u003E\u003C\/span\u003E\u003C\/span\u003E\u003Cspan class=\"t-LinksList-label\"\u003E#TEXT#\u003C\/span\u003E\u003Cspan class=\"t-LinksList-badge\"\u003E#A01#\u003C\/span\u003E\u003C\/a\u003E\u003C\/li\u003E"
     ,"Current with Sublist":"\u003Cli class=\"t-LinksList-item is-current is-expanded #A03#\"\u003E\u003Ca href=\"#LINK#\" class=\"t-LinksList-link\" #A02#\u003E\u003Cspan class=\"t-LinksList-icon\"\u003E\u003Cspan class=\"t-Icon #ICON_CSS_CLASSES#\"\u003E\u003C\/span\u003E\u003C\/span\u003E\u003Cspan class=\"t-LinksList-label\"\u003E#TEXT#\u003C\/span\u003E\u003Cspan class=\"t-LinksList-badge\"\u003E#A01#\u003C\/span\u003E\u003C\/a\u003E#SUB_LISTS#\u003C\/li\u003E"
     ,"Noncurrent":"\u003Cli class=\"t-LinksList-item #A03#\"\u003E\u003Ca href=\"#LINK#\" class=\"t-LinksList-link\" #A02#\u003E\u003Cspan class=\"t-LinksList-icon\"\u003E\u003Cspan class=\"t-Icon #ICON_CSS_CLASSES#\"\u003E\u003C\/span\u003E\u003C\/span\u003E\u003Cspan class=\"t-LinksList-label\"\u003E#TEXT#\u003C\/span\u003E\u003Cspan class=\"t-LinksList-badge\"\u003E#A01#\u003C\/span\u003E\u003C\/a\u003E\u003C\/li\u003E"
     ,"Noncurrent with Sublist":"\u003Cli class=\"t-LinksList-item #A03#\"\u003E\u003Ca href=\"#LINK#\" class=\"t-LinksList-link\" #A02#\u003E\u003Cspan class=\"t-LinksList-icon\"\u003E\u003Cspan class=\"t-Icon #ICON_CSS_CLASSES#\"\u003E\u003C\/span\u003E\u003C\/span\u003E\u003Cspan class=\"t-LinksList-label\"\u003E#TEXT#\u003C\/span\u003E\u003Cspan class=\"t-LinksList-badge\"\u003E#A01#\u003C\/span\u003E\u003C\/a\u003E\u003C\/li\u003E"
    }
   ,"SubList":{
      "Before Rows":"\u003Cul class=\"t-LinksList-list\"\u003E"
     ,"After Rows":"\u003C\/ul\u003E"
    }
   ,"Sublist Entry":{
      "Current":"\u003Cli class=\"t-LinksList-item is-current #A03#\"\u003E\u003Ca href=\"#LINK#\" class=\"t-LinksList-link\" #A02#\u003E\u003Cspan class=\"t-LinksList-icon\"\u003E\u003Cspan class=\"t-Icon #ICON_CSS_CLASSES#\"\u003E\u003C\/span\u003E\u003C\/span\u003E\u003Cspan class=\"t-LinksList-label\"\u003E#TEXT#\u003C\/span\u003E\u003Cspan class=\"t-LinksList-badge\"\u003E#A01#\u003C\/span\u003E\u003C\/a\u003E\u003C\/li\u003E"
     ,"Noncurrent":"\u003Cli class=\"t-LinksList-item #A03#\"\u003E\u003Ca href=\"#LINK#\" class=\"t-LinksList-link\" #A02#\u003E\u003Cspan class=\"t-LinksList-icon\"\u003E\u003Cspan class=\"t-Icon #ICON_CSS_CLASSES#\"\u003E\u003C\/span\u003E\u003C\/span\u003E\u003Cspan class=\"t-LinksList-label\"\u003E#TEXT#\u003C\/span\u003E\u003Cspan class=\"t-LinksList-badge\"\u003E#A01#\u003C\/span\u003E\u003C\/a\u003E\u003C\/li\u003E"
    }
   ,"After List Entry":{
      "After Rows":"\u003C\/ul\u003E"
    }
   ,"Attribute Descriptions":{
      "A01":"Badge Value"
     ,"A02":"Link Attributes"
     ,"A03":"List Item CSS Classes"
    }
   ,"Template Options":[
      {
        "id":"11424587994501826"
       ,"Identification":{
          "Name":"Actions"
         ,"Identifier":"ACTIONS"
         ,"Group":"Style (11409275965501818)"
         ,"Sequence":10
        }
       ,"Settings":{
          "Advanced":false
        }
       ,"Appearance":{
          "CSS Classes":[
            "t-LinksList--actions"
          ]
        }
       ,"Help":{
          "Help Text":"Render as actions to be placed on the right side column."
        }
      }
     ,{
        "id":"11424788817501826"
       ,"Identification":{
          "Name":"Disable Text Wrapping"
         ,"Identifier":"DISABLETEXTWRAPPING"
         ,"Sequence":30
        }
       ,"Settings":{
          "Advanced":false
        }
       ,"Appearance":{
          "CSS Classes":[
            "t-LinksList--nowrap"
          ]
        }
       ,"Help":{
          "Help Text":"Do not allow link text to wrap to new lines. Truncate with ellipsis."
        }
      }
     ,{
        "id":"11425021121501826"
       ,"Identification":{
          "Name":"Show Badges"
         ,"Identifier":"SHOWBADGES"
         ,"Sequence":10
        }
       ,"Settings":{
          "Advanced":false
        }
       ,"Appearance":{
          "CSS Classes":[
            "t-LinksList--showBadge"
          ]
        }
       ,"Help":{
          "Help Text":"Show badge to right of link (requires Attribute 1 to be populated)"
        }
      }
     ,{
        "id":"11425227281501826"
       ,"Identification":{
          "Name":"Show Right Arrow"
         ,"Identifier":"SHOWGOTOARROW"
         ,"Sequence":20
        }
       ,"Settings":{
          "Advanced":false
        }
       ,"Appearance":{
          "CSS Classes":[
            "t-LinksList--showArrow"
          ]
        }
       ,"Help":{
          "Help Text":"Show arrow to the right of link"
        }
      }
     ,{
        "id":"11425665582501826"
       ,"Identification":{
          "Name":"For All Items"
         ,"Identifier":"SHOWICONS"
         ,"Group":"Display Icons (11425441470501826)"
         ,"Sequence":20
        }
       ,"Settings":{
          "Advanced":false
        }
       ,"Appearance":{
          "CSS Classes":[
            "t-LinksList--showIcons"
          ]
        }
      }
     ,{
        "id":"11425843106501827"
       ,"Identification":{
          "Name":"For Top Level Items Only"
         ,"Identifier":"SHOWTOPICONS"
         ,"Group":"Display Icons (11425441470501826)"
         ,"Sequence":10
        }
       ,"Settings":{
          "Advanced":false
        }
       ,"Appearance":{
          "CSS Classes":[
            "t-LinksList--showTopIcons"
          ]
        }
       ,"Help":{
          "Help Text":"This will show icons for top level items of the list only. It will not show icons for sub lists."
        }
      }
    ]
  }
]
