[
  {
    "id":"11342364808501771"
   ,"Identification":{
      "Name":"Alert"
     ,"Identifier":"ALERT"
     ,"Class":"Custom 1"
    }
   ,"Subscription":{
      "Master":{
        "Referenced Id":"2039236646100190748"
      }
    }
   ,"Advanced":{
      "Translatable":false
    }
   ,"Template Options":{
      "Preset":[
        "t-Alert--horizontal"
       ,"t-Alert--defaultIcons"
       ,"t-Alert--warning"
      ]
    }
   ,"Template":{
      "Template":"\u003Cdiv class=\"t-Alert #REGION_CSS_CLASSES#\" id=\"#REGION_STATIC_ID#\" #REGION_ATTRIBUTES#\u003E\n  \u003Cdiv class=\"t-Alert-wrap\"\u003E\n    \u003Cdiv class=\"t-Alert-icon\"\u003E\n      \u003Cspan class=\"t-Icon #ICON_CSS_CLASSES#\"\u003E\u003C\/span\u003E\n    \u003C\/div\u003E\n    \u003Cdiv class=\"t-Alert-content\"\u003E\n      \u003Cdiv class=\"t-Alert-header\"\u003E\n        \u003Ch2 class=\"t-Alert-title\" id=\"#REGION_STATIC_ID#_heading\"\u003E#TITLE#\u003C\/h2\u003E\n      \u003C\/div\u003E\n      \u003Cdiv class=\"t-Alert-body\"\u003E#BODY#\u003C\/div\u003E\n    \u003C\/div\u003E\n    \u003Cdiv class=\"t-Alert-buttons\"\u003E#PREVIOUS##CLOSE##CREATE##NEXT#\u003C\/div\u003E\n  \u003C\/div\u003E\n\u003C\/div\u003E"
    }
   ,"Comments":{
      "Comments":"Red Theme"
    }
   ,"Template Options":[
      {
        "id":"11342945815501776"
       ,"Identification":{
          "Name":"Highlight Background"
         ,"Identifier":"COLOREDBACKGROUND"
         ,"Sequence":1
        }
       ,"Settings":{
          "Advanced":false
        }
       ,"Appearance":{
          "CSS Classes":[
            "t-Alert--colorBG"
          ]
        }
       ,"Help":{
          "Help Text":"Set alert background color to that of the alert type (warning, success, etc.)"
        }
      }
     ,{
        "id":"11343289475501777"
       ,"Identification":{
          "Name":"Danger"
         ,"Identifier":"DANGER"
         ,"Group":"Alert Type (11343095441501777)"
         ,"Sequence":20
        }
       ,"Settings":{
          "Advanced":false
        }
       ,"Appearance":{
          "CSS Classes":[
            "t-Alert--danger"
          ]
        }
       ,"Help":{
          "Help Text":"Show an error or danger alert."
        }
      }
     ,{
        "id":"11343710203501777"
       ,"Identification":{
          "Name":"Hidden but Accessible"
         ,"Identifier":"HIDDENHEADER"
         ,"Group":"Alert Title (11343503033501777)"
         ,"Sequence":20
        }
       ,"Settings":{
          "Advanced":false
        }
       ,"Appearance":{
          "CSS Classes":[
            "t-Alert--accessibleHeading"
          ]
        }
       ,"Help":{
          "Help Text":"Visually hides the alert title, but assistive technologies can still read it."
        }
      }
     ,{
        "id":"11343973658501778"
       ,"Identification":{
          "Name":"Hidden"
         ,"Identifier":"HIDDENHEADERNOAT"
         ,"Group":"Alert Title (11343503033501777)"
         ,"Sequence":10
        }
       ,"Settings":{
          "Advanced":false
        }
       ,"Appearance":{
          "CSS Classes":[
            "t-Alert--removeHeading"
          ]
        }
       ,"Help":{
          "Help Text":"Hides the Alert Title from being displayed."
        }
      }
     ,{
        "id":"11344300106501778"
       ,"Identification":{
          "Name":"Hide Icons"
         ,"Identifier":"HIDE_ICONS"
         ,"Group":"Alert Icons (11344087626501778)"
         ,"Sequence":10
        }
       ,"Settings":{
          "Advanced":false
        }
       ,"Appearance":{
          "CSS Classes":[
            "t-Alert--noIcon"
          ]
        }
       ,"Help":{
          "Help Text":"Hides alert icons"
        }
      }
     ,{
        "id":"11344776856501778"
       ,"Identification":{
          "Name":"Horizontal"
         ,"Identifier":"HORIZONTAL"
         ,"Group":"Alert Display (11344541595501778)"
         ,"Sequence":10
        }
       ,"Settings":{
          "Advanced":false
        }
       ,"Appearance":{
          "CSS Classes":[
            "t-Alert--horizontal"
          ]
        }
       ,"Help":{
          "Help Text":"Show horizontal alert with buttons to the right."
        }
      }
     ,{
        "id":"11344975182501778"
       ,"Identification":{
          "Name":"Information"
         ,"Identifier":"INFORMATION"
         ,"Group":"Alert Type (11343095441501777)"
         ,"Sequence":30
        }
       ,"Settings":{
          "Advanced":false
        }
       ,"Appearance":{
          "CSS Classes":[
            "t-Alert--info"
          ]
        }
       ,"Help":{
          "Help Text":"Show informational alert."
        }
      }
     ,{
        "id":"11345096652501779"
       ,"Identification":{
          "Name":"Show Custom Icons"
         ,"Identifier":"SHOW_CUSTOM_ICONS"
         ,"Group":"Alert Icons (11344087626501778)"
         ,"Sequence":30
        }
       ,"Settings":{
          "Advanced":false
        }
       ,"Appearance":{
          "CSS Classes":[
            "t-Alert--customIcons"
          ]
        }
       ,"Help":{
          "Help Text":"Set custom icons by modifying the Alert Region\u0027s Icon CSS Classes property."
        }
      }
     ,{
        "id":"11345340266501779"
       ,"Identification":{
          "Name":"Success"
         ,"Identifier":"SUCCESS"
         ,"Group":"Alert Type (11343095441501777)"
         ,"Sequence":40
        }
       ,"Settings":{
          "Advanced":false
        }
       ,"Appearance":{
          "CSS Classes":[
            "t-Alert--success"
          ]
        }
       ,"Help":{
          "Help Text":"Show success alert."
        }
      }
     ,{
        "id":"11345507034501779"
       ,"Identification":{
          "Name":"Show Default Icons"
         ,"Identifier":"USEDEFAULTICONS"
         ,"Group":"Alert Icons (11344087626501778)"
         ,"Sequence":20
        }
       ,"Settings":{
          "Advanced":false
        }
       ,"Appearance":{
          "CSS Classes":[
            "t-Alert--defaultIcons"
          ]
        }
       ,"Help":{
          "Help Text":"Uses default icons for alert types."
        }
      }
     ,{
        "id":"11345732404501779"
       ,"Identification":{
          "Name":"Warning"
         ,"Identifier":"WARNING"
         ,"Group":"Alert Type (11343095441501777)"
         ,"Sequence":10
        }
       ,"Settings":{
          "Advanced":false
        }
       ,"Appearance":{
          "CSS Classes":[
            "t-Alert--warning"
          ]
        }
       ,"Help":{
          "Help Text":"Show a warning alert."
        }
      }
     ,{
        "id":"11345883970501779"
       ,"Identification":{
          "Name":"Wizard"
         ,"Identifier":"WIZARD"
         ,"Group":"Alert Display (11344541595501778)"
         ,"Sequence":20
        }
       ,"Settings":{
          "Advanced":false
        }
       ,"Appearance":{
          "CSS Classes":[
            "t-Alert--wizard"
          ]
        }
       ,"Help":{
          "Help Text":"Show the alert in a wizard style region."
        }
      }
    ]
  }
 ,{
    "id":"11346055432501779"
   ,"Identification":{
      "Name":"Blank with Attributes"
     ,"Identifier":"BLANK_WITH_ATTRIBUTES"
     ,"Class":"Borderless Region"
    }
   ,"Subscription":{
      "Master":{
        "Referenced Id":"4499993862448380551"
      }
    }
   ,"Advanced":{
      "Translatable":false
    }
   ,"Template":{
      "Template":"\u003Cdiv id=\"#REGION_STATIC_ID#\" #REGION_ATTRIBUTES# class=\"#REGION_CSS_CLASSES#\"\u003E \n#PREVIOUS##BODY##SUB_REGIONS##NEXT#\n\u003C\/div\u003E"
    }
  }
 ,{
    "id":"11346218049501779"
   ,"Identification":{
      "Name":"Blank with Attributes (No Grid)"
     ,"Identifier":"BLANK_WITH_ATTRIBUTES_NO_GRID"
     ,"Class":"Borderless Region"
    }
   ,"Subscription":{
      "Master":{
        "Referenced Id":"3369790999010910123"
      }
    }
   ,"Advanced":{
      "Translatable":false
    }
   ,"Template":{
      "Template":"\u003Cdiv id=\"#REGION_STATIC_ID#\" #REGION_ATTRIBUTES# class=\"#REGION_CSS_CLASSES#\"\u003E \n#PREVIOUS##BODY##SUB_REGIONS##NEXT#\n\u003C\/div\u003E"
    }
  }
 ,{
    "id":"11346984315501780"
   ,"Identification":{
      "Name":"Carousel Container"
     ,"Identifier":"CAROUSEL_CONTAINER"
     ,"Class":"Navigation Region"
    }
   ,"Subscription":{
      "Master":{
        "Referenced Id":"2865840475322558786"
      }
    }
   ,"Advanced":{
      "Translatable":false
    }
   ,"Template Options":{
      "Preset":[
        "t-Region--hiddenOverflow"
      ]
     ,"Default":[
        "t-Region--showCarouselControls"
      ]
    }
   ,"Template":{
      "Template":"\u003Cdiv class=\"t-Region t-Region--carousel #REGION_CSS_CLASSES#\" id=\"#REGION_STATIC_ID#\" #REGION_ATTRIBUTES#\u003E\n \u003Cdiv class=\"t-Region-header\"\u003E\n  \u003Cdiv class=\"t-Region-headerItems t-Region-headerItems--title\"\u003E\n    \u003Cspan class=\"t-Region-headerIcon\"\u003E\u003Cspan class=\"t-Icon #ICON_CSS_CLASSES#\" aria-hidden=\"true\"\u003E\u003C\/span\u003E\u003C\/span\u003E\n    \u003Ch2 class=\"t-Region-title\" id=\"#REGION_STATIC_ID#_heading\"\u003E#TITLE#\u003C\/h2\u003E\n  \u003C\/div\u003E\n  \u003Cdiv class=\"t-Region-headerItems t-Region-headerItems--buttons\"\u003E#COPY##EDIT#\u003Cspan class=\"js-maximizeButtonContainer\"\u003E\u003C\/span\u003E\u003C\/div\u003E\n \u003C\/div\u003E\n \u003Cdiv class=\"t-Region-bodyWrap\"\u003E\n   \u003Cdiv class=\"t-Region-buttons t-Region-buttons--top\"\u003E\n    \u003Cdiv class=\"t-Region-buttons-left\"\u003E#PREVIOUS#\u003C\/div\u003E\n    \u003Cdiv class=\"t-Region-buttons-right\"\u003E#NEXT#\u003C\/div\u003E\n   \u003C\/div\u003E\n   \u003Cdiv class=\"t-Region-body\"\u003E\n     #BODY#\n   \u003Cdiv class=\"t-Region-carouselRegions\"\u003E\n     #SUB_REGIONS#\n   \u003C\/div\u003E\n   \u003C\/div\u003E\n   \u003Cdiv class=\"t-Region-buttons t-Region-buttons--bottom\"\u003E\n    \u003Cdiv class=\"t-Region-buttons-left\"\u003E#CLOSE##HELP#\u003C\/div\u003E\n    \u003Cdiv class=\"t-Region-buttons-right\"\u003E#DELETE##CHANGE##CREATE#\u003C\/div\u003E\n   \u003C\/div\u003E\n \u003C\/div\u003E\n\u003C\/div\u003E"
    }
   ,"Sub Regions":{
      "Template":"\u003Cdiv data-label=\"#SUB_REGION_TITLE#\" id=\"SR_#SUB_REGION_ID#\"\u003E\n  #SUB_REGION#\n\u003C\/div\u003E"
    }
   ,"JavaScript":{
      "File URLs":[
        "#IMAGE_PREFIX#libraries\/apex\/#MIN_DIRECTORY#widget.apexTabs#MIN#.js?v=#APEX_VERSION#"
       ,"#IMAGE_PREFIX#plugins\/com.oracle.apex.carousel\/1.1\/com.oracle.apex.carousel#MIN#.js?v=#APEX_VERSION#"
      ]
    }
   ,"Template Options":[
      {
        "id":"11348119551501781"
       ,"Identification":{
          "Name":"10 Seconds"
         ,"Identifier":"10_SECONDS"
         ,"Group":"Timer (11347889199501781)"
         ,"Sequence":20
        }
       ,"Settings":{
          "Advanced":false
        }
       ,"Appearance":{
          "CSS Classes":[
            "js-cycle10s"
          ]
        }
      }
     ,{
        "id":"11348312404501781"
       ,"Identification":{
          "Name":"15 Seconds"
         ,"Identifier":"15_SECONDS"
         ,"Group":"Timer (11347889199501781)"
         ,"Sequence":30
        }
       ,"Settings":{
          "Advanced":false
        }
       ,"Appearance":{
          "CSS Classes":[
            "js-cycle15s"
          ]
        }
      }
     ,{
        "id":"11348542395501781"
       ,"Identification":{
          "Name":"20 Seconds"
         ,"Identifier":"20_SECONDS"
         ,"Group":"Timer (11347889199501781)"
         ,"Sequence":40
        }
       ,"Settings":{
          "Advanced":false
        }
       ,"Appearance":{
          "CSS Classes":[
            "js-cycle20s"
          ]
        }
      }
     ,{
        "id":"11348899127501782"
       ,"Identification":{
          "Name":"240px"
         ,"Identifier":"240PX"
         ,"Group":"Body Height (11348688243501782)"
         ,"Sequence":10
        }
       ,"Settings":{
          "Advanced":false
        }
       ,"Appearance":{
          "CSS Classes":[
            "i-h240"
          ]
        }
       ,"Help":{
          "Help Text":"Sets region body height to 240px."
        }
      }
     ,{
        "id":"11349177353501782"
       ,"Identification":{
          "Name":"320px"
         ,"Identifier":"320PX"
         ,"Group":"Body Height (11348688243501782)"
         ,"Sequence":20
        }
       ,"Settings":{
          "Advanced":false
        }
       ,"Appearance":{
          "CSS Classes":[
            "i-h320"
          ]
        }
       ,"Help":{
          "Help Text":"Sets region body height to 320px."
        }
      }
     ,{
        "id":"11349333432501782"
       ,"Identification":{
          "Name":"480px"
         ,"Identifier":"480PX"
         ,"Group":"Body Height (11348688243501782)"
         ,"Sequence":30
        }
       ,"Settings":{
          "Advanced":false
        }
       ,"Appearance":{
          "CSS Classes":[
            "i-h480"
          ]
        }
      }
     ,{
        "id":"11349552774501782"
       ,"Identification":{
          "Name":"5 Seconds"
         ,"Identifier":"5_SECONDS"
         ,"Group":"Timer (11347889199501781)"
         ,"Sequence":10
        }
       ,"Settings":{
          "Advanced":false
        }
       ,"Appearance":{
          "CSS Classes":[
            "js-cycle5s"
          ]
        }
      }
     ,{
        "id":"11349738559501782"
       ,"Identification":{
          "Name":"640px"
         ,"Identifier":"640PX"
         ,"Group":"Body Height (11348688243501782)"
         ,"Sequence":40
        }
       ,"Settings":{
          "Advanced":false
        }
       ,"Appearance":{
          "CSS Classes":[
            "i-h640"
          ]
        }
      }
     ,{
        "id":"11350146273501783"
       ,"Identification":{
          "Name":"Accent 1"
         ,"Identifier":"ACCENT_1"
         ,"Group":"Accent (11349884152501783)"
         ,"Sequence":10
        }
       ,"Settings":{
          "Advanced":false
        }
       ,"Appearance":{
          "CSS Classes":[
            "t-Region--accent1"
          ]
        }
      }
     ,{
        "id":"11350302147501783"
       ,"Identification":{
          "Name":"Accent 2"
         ,"Identifier":"ACCENT_2"
         ,"Group":"Accent (11349884152501783)"
         ,"Sequence":20
        }
       ,"Settings":{
          "Advanced":false
        }
       ,"Appearance":{
          "CSS Classes":[
            "t-Region--accent2"
          ]
        }
      }
     ,{
        "id":"11350512233501783"
       ,"Identification":{
          "Name":"Accent 3"
         ,"Identifier":"ACCENT_3"
         ,"Group":"Accent (11349884152501783)"
         ,"Sequence":30
        }
       ,"Settings":{
          "Advanced":false
        }
       ,"Appearance":{
          "CSS Classes":[
            "t-Region--accent3"
          ]
        }
      }
     ,{
        "id":"11350747547501783"
       ,"Identification":{
          "Name":"Accent 4"
         ,"Identifier":"ACCENT_4"
         ,"Group":"Accent (11349884152501783)"
         ,"Sequence":40
        }
       ,"Settings":{
          "Advanced":false
        }
       ,"Appearance":{
          "CSS Classes":[
            "t-Region--accent4"
          ]
        }
      }
     ,{
        "id":"11350953362501783"
       ,"Identification":{
          "Name":"Accent 5"
         ,"Identifier":"ACCENT_5"
         ,"Group":"Accent (11349884152501783)"
         ,"Sequence":50
        }
       ,"Settings":{
          "Advanced":false
        }
       ,"Appearance":{
          "CSS Classes":[
            "t-Region--accent5"
          ]
        }
      }
     ,{
        "id":"11351312934501783"
       ,"Identification":{
          "Name":"Hidden"
         ,"Identifier":"HIDDENHEADERNOAT"
         ,"Group":"Header (11351109974501783)"
         ,"Sequence":10
        }
       ,"Settings":{
          "Advanced":false
        }
       ,"Appearance":{
          "CSS Classes":[
            "t-Region--removeHeader"
          ]
        }
      }
     ,{
        "id":"11351744605501783"
       ,"Identification":{
          "Name":"Hide"
         ,"Identifier":"HIDEOVERFLOW"
         ,"Group":"Body Overflow (11351527785501783)"
         ,"Sequence":10
        }
       ,"Settings":{
          "Advanced":false
        }
       ,"Appearance":{
          "CSS Classes":[
            "t-Region--hiddenOverflow"
          ]
        }
      }
     ,{
        "id":"11351904438501784"
       ,"Identification":{
          "Name":"Hidden but accessible"
         ,"Identifier":"HIDEREGIONHEADER"
         ,"Group":"Header (11351109974501783)"
         ,"Sequence":20
        }
       ,"Settings":{
          "Advanced":false
        }
       ,"Appearance":{
          "CSS Classes":[
            "t-Region--hideHeader"
          ]
        }
       ,"Help":{
          "Help Text":"This option will hide the region header.  Note that the region title will still be audible for Screen Readers. Buttons placed in the region header will be hidden and inaccessible."
        }
      }
     ,{
        "id":"11352138038501784"
       ,"Identification":{
          "Name":"Remove Body Padding"
         ,"Identifier":"NOBODYPADDING"
         ,"Sequence":10
        }
       ,"Settings":{
          "Advanced":false
        }
       ,"Appearance":{
          "CSS Classes":[
            "t-Region--noPadding"
          ]
        }
       ,"Help":{
          "Help Text":"Removes padding from region body."
        }
      }
     ,{
        "id":"11352324297501784"
       ,"Identification":{
          "Name":"Show Maximize Button"
         ,"Identifier":"SHOW_MAXIMIZE_BUTTON"
         ,"Sequence":40
        }
       ,"Settings":{
          "Advanced":false
        }
       ,"Appearance":{
          "CSS Classes":[
            "js-showMaximizeButton"
          ]
        }
       ,"Help":{
          "Help Text":"Displays a button in the Region Header to maximize the region. Clicking this button will toggle the maximize state and stretch the region to fill the screen."
        }
      }
     ,{
        "id":"11352530550501784"
       ,"Identification":{
          "Name":"Show Next and Previous Buttons"
         ,"Identifier":"SHOW_NEXT_AND_PREVIOUS_BUTTONS"
         ,"Sequence":30
        }
       ,"Settings":{
          "Advanced":false
        }
       ,"Appearance":{
          "CSS Classes":[
            "t-Region--showCarouselControls"
          ]
        }
      }
     ,{
        "id":"11352956581501784"
       ,"Identification":{
          "Name":"Remove Borders"
         ,"Identifier":"NOBORDER"
         ,"Group":"Style (11352696081501784)"
         ,"Sequence":10
        }
       ,"Settings":{
          "Advanced":false
        }
       ,"Appearance":{
          "CSS Classes":[
            "t-Region--noBorder"
          ]
        }
       ,"Help":{
          "Help Text":"Removes borders from the region."
        }
      }
     ,{
        "id":"11353097888501784"
       ,"Identification":{
          "Name":"Remember Carousel Slide"
         ,"Identifier":"REMEMBER_CAROUSEL_SLIDE"
         ,"Sequence":20
        }
       ,"Settings":{
          "Advanced":false
        }
       ,"Appearance":{
          "CSS Classes":[
            "js-useLocalStorage"
          ]
        }
      }
     ,{
        "id":"11353374101501784"
       ,"Identification":{
          "Name":"Scroll"
         ,"Identifier":"SCROLLBODY"
         ,"Group":"Body Overflow (11351527785501783)"
         ,"Sequence":20
        }
       ,"Settings":{
          "Advanced":false
        }
       ,"Appearance":{
          "CSS Classes":[
            "t-Region--scrollBody"
          ]
        }
      }
     ,{
        "id":"11353513419501784"
       ,"Identification":{
          "Name":"Show Region Icon"
         ,"Identifier":"SHOW_REGION_ICON"
         ,"Sequence":50
        }
       ,"Settings":{
          "Advanced":false
        }
       ,"Appearance":{
          "CSS Classes":[
            "t-Region--showIcon"
          ]
        }
       ,"Help":{
          "Help Text":"Displays the region icon in the region header beside the region title"
        }
      }
     ,{
        "id":"11353919517501785"
       ,"Identification":{
          "Name":"Slide"
         ,"Identifier":"SLIDE"
         ,"Group":"Animation (11353714225501784)"
         ,"Sequence":10
        }
       ,"Settings":{
          "Advanced":false
        }
       ,"Appearance":{
          "CSS Classes":[
            "t-Region--carouselSlide"
          ]
        }
      }
     ,{
        "id":"11354153339501785"
       ,"Identification":{
          "Name":"Spin"
         ,"Identifier":"SPIN"
         ,"Group":"Animation (11353714225501784)"
         ,"Sequence":20
        }
       ,"Settings":{
          "Advanced":false
        }
       ,"Appearance":{
          "CSS Classes":[
            "t-Region--carouselSpin"
          ]
        }
      }
     ,{
        "id":"11354371193501785"
       ,"Identification":{
          "Name":"Stack Region"
         ,"Identifier":"STACKED"
         ,"Group":"Style (11352696081501784)"
         ,"Sequence":20
        }
       ,"Settings":{
          "Advanced":false
        }
       ,"Appearance":{
          "CSS Classes":[
            "t-Region--stacked"
          ]
        }
       ,"Help":{
          "Help Text":"Removes side borders and shadows, and can be useful for accordions and regions that need to be grouped together vertically."
        }
      }
    ]
  }
 ,{
    "id":"11354404291501785"
   ,"Identification":{
      "Name":"Hero"
     ,"Identifier":"HERO"
     ,"Class":"Custom 2"
    }
   ,"Subscription":{
      "Master":{
        "Referenced Id":"2672571031438297268"
      }
    }
   ,"Advanced":{
      "Translatable":false
    }
   ,"Template":{
      "Template":"\u003Cdiv class=\"t-HeroRegion #REGION_CSS_CLASSES#\" id=\"#REGION_STATIC_ID#\" #REGION_ATTRIBUTES#\u003E\n  \u003Cdiv class=\"t-HeroRegion-wrap\"\u003E\n    \u003Cdiv class=\"t-HeroRegion-col t-HeroRegion-col--left\"\u003E\u003Cspan class=\"t-HeroRegion-icon t-Icon #ICON_CSS_CLASSES#\"\u003E\u003C\/span\u003E\u003C\/div\u003E\n    \u003Cdiv class=\"t-HeroRegion-col t-HeroRegion-col--content\"\u003E\n      \u003Ch1 class=\"t-HeroRegion-title\"\u003E#TITLE#\u003C\/h1\u003E\n      #BODY#\n    \u003C\/div\u003E\n    \u003Cdiv class=\"t-HeroRegion-col t-HeroRegion-col--right\"\u003E\u003Cdiv class=\"t-HeroRegion-form\"\u003E#SUB_REGIONS#\u003C\/div\u003E\u003Cdiv class=\"t-HeroRegion-buttons\"\u003E#NEXT#\u003C\/div\u003E\u003C\/div\u003E\n  \u003C\/div\u003E\n\u003C\/div\u003E"
    }
   ,"Template Options":[
      {
        "id":"11355217254501785"
       ,"Identification":{
          "Name":"No"
         ,"Identifier":"DISPLAY_ICON_NO"
         ,"Group":"Display Icon (11355059230501785)"
         ,"Sequence":10
        }
       ,"Settings":{
          "Advanced":false
        }
       ,"Appearance":{
          "CSS Classes":[
            "t-HeroRegion--hideIcon"
          ]
        }
       ,"Help":{
          "Help Text":"Hide the Hero Region icon."
        }
      }
     ,{
        "id":"11355409400501785"
       ,"Identification":{
          "Name":"Featured"
         ,"Identifier":"FEATURED"
         ,"Group":"Style (11352696081501784)"
         ,"Sequence":10
        }
       ,"Settings":{
          "Advanced":false
        }
       ,"Appearance":{
          "CSS Classes":[
            "t-HeroRegion--featured"
          ]
        }
      }
     ,{
        "id":"11355831989501785"
       ,"Identification":{
          "Name":"Circle"
         ,"Identifier":"ICONS_CIRCULAR"
         ,"Group":"Icon Shape (11355656487501785)"
         ,"Sequence":10
        }
       ,"Settings":{
          "Advanced":false
        }
       ,"Appearance":{
          "CSS Classes":[
            "t-HeroRegion--iconsCircle"
          ]
        }
       ,"Help":{
          "Help Text":"The icons are displayed within a circle."
        }
      }
     ,{
        "id":"11356033979501786"
       ,"Identification":{
          "Name":"Square"
         ,"Identifier":"ICONS_SQUARE"
         ,"Group":"Icon Shape (11355656487501785)"
         ,"Sequence":20
        }
       ,"Settings":{
          "Advanced":false
        }
       ,"Appearance":{
          "CSS Classes":[
            "t-HeroRegion--iconsSquare"
          ]
        }
       ,"Help":{
          "Help Text":"The icons are displayed within a square."
        }
      }
     ,{
        "id":"11356256310501786"
       ,"Identification":{
          "Name":"Remove Body Padding"
         ,"Identifier":"REMOVE_BODY_PADDING"
         ,"Sequence":10
        }
       ,"Settings":{
          "Advanced":false
        }
       ,"Appearance":{
          "CSS Classes":[
            "t-HeroRegion--noPadding"
          ]
        }
       ,"Help":{
          "Help Text":"Removes the padding around the hero region."
        }
      }
     ,{
        "id":"11356450022501786"
       ,"Identification":{
          "Name":"Stacked Featured"
         ,"Identifier":"STACKED_FEATURED"
         ,"Group":"Style (11352696081501784)"
         ,"Sequence":20
        }
       ,"Settings":{
          "Advanced":false
        }
       ,"Appearance":{
          "CSS Classes":[
            "t-HeroRegion--featured"
           ,"t-HeroRegion--centered"
          ]
        }
      }
    ]
  }
 ,{
    "id":"11356543456501786"
   ,"Identification":{
      "Name":"Buttons Container"
     ,"Identifier":"BUTTONS_CONTAINER"
     ,"Class":"Button Region without Title"
    }
   ,"Subscription":{
      "Master":{
        "Referenced Id":"2124982336649579661"
      }
    }
   ,"Advanced":{
      "Translatable":false
    }
   ,"Template":{
      "Template":"\u003Cdiv class=\"t-ButtonRegion t-Form--floatLeft #REGION_CSS_CLASSES#\" id=\"#REGION_STATIC_ID#\" #REGION_ATTRIBUTES#\u003E\n  \u003Cdiv class=\"t-ButtonRegion-wrap\"\u003E\n    \u003Cdiv class=\"t-ButtonRegion-col t-ButtonRegion-col--left\"\u003E\u003Cdiv class=\"t-ButtonRegion-buttons\"\u003E#PREVIOUS##CLOSE##DELETE#\u003C\/div\u003E\u003C\/div\u003E\n    \u003Cdiv class=\"t-ButtonRegion-col t-ButtonRegion-col--content\"\u003E\n      \u003Ch2 class=\"t-ButtonRegion-title\" id=\"#REGION_STATIC_ID#_heading\"\u003E#TITLE#\u003C\/h2\u003E\n      #BODY#\n      \u003Cdiv class=\"t-ButtonRegion-buttons\"\u003E#CHANGE#\u003C\/div\u003E\n    \u003C\/div\u003E\n    \u003Cdiv class=\"t-ButtonRegion-col t-ButtonRegion-col--right\"\u003E\u003Cdiv class=\"t-ButtonRegion-buttons\"\u003E#EDIT##CREATE##NEXT#\u003C\/div\u003E\u003C\/div\u003E\n  \u003C\/div\u003E\n\u003C\/div\u003E"
    }
   ,"Comments":{
      "Comments":"Red Theme"
    }
   ,"Template Options":[
      {
        "id":"11357453100501786"
       ,"Identification":{
          "Name":"Borderless"
         ,"Identifier":"BORDERLESS"
         ,"Group":"Style (11352696081501784)"
         ,"Sequence":1
        }
       ,"Settings":{
          "Advanced":false
        }
       ,"Appearance":{
          "CSS Classes":[
            "t-ButtonRegion--noBorder"
          ]
        }
      }
     ,{
        "id":"11357792252501787"
       ,"Identification":{
          "Name":"No Padding"
         ,"Identifier":"NOPADDING"
         ,"Group":"Body Padding (11357665648501786)"
         ,"Sequence":3
        }
       ,"Settings":{
          "Advanced":false
        }
       ,"Appearance":{
          "CSS Classes":[
            "t-ButtonRegion--noPadding"
          ]
        }
      }
     ,{
        "id":"11358018114501787"
       ,"Identification":{
          "Name":"Remove UI Decoration"
         ,"Identifier":"REMOVEUIDECORATION"
         ,"Group":"Style (11352696081501784)"
         ,"Sequence":4
        }
       ,"Settings":{
          "Advanced":false
        }
       ,"Appearance":{
          "CSS Classes":[
            "t-ButtonRegion--noUI"
          ]
        }
      }
     ,{
        "id":"11358235081501787"
       ,"Identification":{
          "Name":"Slim Padding"
         ,"Identifier":"SLIMPADDING"
         ,"Group":"Body Padding (11357665648501786)"
         ,"Sequence":5
        }
       ,"Settings":{
          "Advanced":false
        }
       ,"Appearance":{
          "CSS Classes":[
            "t-ButtonRegion--slimPadding"
          ]
        }
      }
     ,{
        "id":"11358417785501787"
       ,"Identification":{
          "Name":"Stick to Bottom for Mobile"
         ,"Identifier":"STICK_TO_BOTTOM"
         ,"Sequence":10
        }
       ,"Settings":{
          "Advanced":false
        }
       ,"Appearance":{
          "CSS Classes":[
            "t-ButtonRegion--stickToBottom"
          ]
        }
       ,"Help":{
          "Help Text":"This will position the button container region to the bottom of the screen for small screens."
        }
      }
    ]
  }
 ,{
    "id":"11358559501501787"
   ,"Identification":{
      "Name":"Collapsible"
     ,"Identifier":"COLLAPSIBLE"
     ,"Class":"Hide and Show Region"
    }
   ,"Subscription":{
      "Master":{
        "Referenced Id":"2662888092628347716"
      }
    }
   ,"Advanced":{
      "Translatable":false
    }
   ,"Template Options":{
      "Preset":[
        "is-expanded"
       ,"t-Region--scrollBody"
      ]
    }
   ,"Template":{
      "Template":"\u003Cdiv class=\"t-Region t-Region--hideShow #REGION_CSS_CLASSES#\" id=\"#REGION_STATIC_ID#\" #REGION_ATTRIBUTES#\u003E\n \u003Cdiv class=\"t-Region-header\"\u003E\n  \u003Cdiv class=\"t-Region-headerItems  t-Region-headerItems--controls\"\u003E\u003Cbutton class=\"t-Button t-Button--icon t-Button--hideShow\" type=\"button\"\u003E\u003C\/button\u003E\u003C\/div\u003E\n  \u003Cdiv class=\"t-Region-headerItems t-Region-headerItems--title\"\u003E\n    \u003Ch2 class=\"t-Region-title\"\u003E#TITLE#\u003C\/h2\u003E\n  \u003C\/div\u003E\n  \u003Cdiv class=\"t-Region-headerItems t-Region-headerItems--buttons\"\u003E#EDIT#\u003C\/div\u003E\n \u003C\/div\u003E\n \u003Cdiv class=\"t-Region-bodyWrap\"\u003E\n   \u003Cdiv class=\"t-Region-buttons t-Region-buttons--top\"\u003E\n    \u003Cdiv class=\"t-Region-buttons-left\"\u003E#CLOSE#\u003C\/div\u003E\n    \u003Cdiv class=\"t-Region-buttons-right\"\u003E#CREATE#\u003C\/div\u003E\n   \u003C\/div\u003E\n   \u003Cdiv class=\"t-Region-body\"\u003E\n     #COPY#\n     #BODY#\n     #SUB_REGIONS#\n     #CHANGE#\n   \u003C\/div\u003E\n   \u003Cdiv class=\"t-Region-buttons t-Region-buttons--bottom\"\u003E\n    \u003Cdiv class=\"t-Region-buttons-left\"\u003E#PREVIOUS#\u003C\/div\u003E\n    \u003Cdiv class=\"t-Region-buttons-right\"\u003E#NEXT#\u003C\/div\u003E\n   \u003C\/div\u003E\n \u003C\/div\u003E\n\u003C\/div\u003E"
    }
   ,"Comments":{
      "Comments":"Red Theme"
    }
   ,"Template Options":[
      {
        "id":"11359459378501787"
       ,"Identification":{
          "Name":"240px"
         ,"Identifier":"240PX"
         ,"Group":"Body Height (11348688243501782)"
         ,"Sequence":10
        }
       ,"Settings":{
          "Advanced":false
        }
       ,"Appearance":{
          "CSS Classes":[
            "i-h240"
          ]
        }
       ,"Help":{
          "Help Text":"Sets region body height to 240px."
        }
      }
     ,{
        "id":"11359597683501787"
       ,"Identification":{
          "Name":"320px"
         ,"Identifier":"320PX"
         ,"Group":"Body Height (11348688243501782)"
         ,"Sequence":20
        }
       ,"Settings":{
          "Advanced":false
        }
       ,"Appearance":{
          "CSS Classes":[
            "i-h320"
          ]
        }
       ,"Help":{
          "Help Text":"Sets region body height to 320px."
        }
      }
     ,{
        "id":"11359853412501787"
       ,"Identification":{
          "Name":"480px"
         ,"Identifier":"480PX"
         ,"Group":"Body Height (11348688243501782)"
         ,"Sequence":30
        }
       ,"Settings":{
          "Advanced":false
        }
       ,"Appearance":{
          "CSS Classes":[
            "i-h480"
          ]
        }
       ,"Help":{
          "Help Text":"Sets body height to 480px."
        }
      }
     ,{
        "id":"11360077209501788"
       ,"Identification":{
          "Name":"640px"
         ,"Identifier":"640PX"
         ,"Group":"Body Height (11348688243501782)"
         ,"Sequence":40
        }
       ,"Settings":{
          "Advanced":false
        }
       ,"Appearance":{
          "CSS Classes":[
            "i-h640"
          ]
        }
       ,"Help":{
          "Help Text":"Sets body height to 640px."
        }
      }
     ,{
        "id":"11360272480501788"
       ,"Identification":{
          "Name":"Accent 1"
         ,"Identifier":"ACCENT_1"
         ,"Group":"Accent (11349884152501783)"
         ,"Sequence":10
        }
       ,"Settings":{
          "Advanced":false
        }
       ,"Appearance":{
          "CSS Classes":[
            "t-Region--accent1"
          ]
        }
      }
     ,{
        "id":"11360474369501788"
       ,"Identification":{
          "Name":"Accent 2"
         ,"Identifier":"ACCENT_2"
         ,"Group":"Accent (11349884152501783)"
         ,"Sequence":20
        }
       ,"Settings":{
          "Advanced":false
        }
       ,"Appearance":{
          "CSS Classes":[
            "t-Region--accent2"
          ]
        }
      }
     ,{
        "id":"11360626168501788"
       ,"Identification":{
          "Name":"Accent 3"
         ,"Identifier":"ACCENT_3"
         ,"Group":"Accent (11349884152501783)"
         ,"Sequence":30
        }
       ,"Settings":{
          "Advanced":false
        }
       ,"Appearance":{
          "CSS Classes":[
            "t-Region--accent3"
          ]
        }
      }
     ,{
        "id":"11360789792501788"
       ,"Identification":{
          "Name":"Accent 4"
         ,"Identifier":"ACCENT_4"
         ,"Group":"Accent (11349884152501783)"
         ,"Sequence":40
        }
       ,"Settings":{
          "Advanced":false
        }
       ,"Appearance":{
          "CSS Classes":[
            "t-Region--accent4"
          ]
        }
      }
     ,{
        "id":"11361006511501788"
       ,"Identification":{
          "Name":"Accent 5"
         ,"Identifier":"ACCENT_5"
         ,"Group":"Accent (11349884152501783)"
         ,"Sequence":50
        }
       ,"Settings":{
          "Advanced":false
        }
       ,"Appearance":{
          "CSS Classes":[
            "t-Region--accent5"
          ]
        }
      }
     ,{
        "id":"11361386358501788"
       ,"Identification":{
          "Name":"Collapsed"
         ,"Identifier":"COLLAPSED"
         ,"Group":"Default State (11361196230501788)"
         ,"Sequence":20
        }
       ,"Settings":{
          "Advanced":false
        }
       ,"Appearance":{
          "CSS Classes":[
            "is-collapsed"
          ]
        }
      }
     ,{
        "id":"11361835087501788"
       ,"Identification":{
          "Name":"End"
         ,"Identifier":"CONRTOLS_POSITION_END"
         ,"Group":"Collapsible Icon Position (11361667347501788)"
         ,"Sequence":1
        }
       ,"Settings":{
          "Advanced":false
        }
       ,"Appearance":{
          "CSS Classes":[
            "t-Region--controlsPosEnd"
          ]
        }
       ,"Help":{
          "Help Text":"Position the expand \/ collapse button to the end of the region header."
        }
      }
     ,{
        "id":"11361995927501788"
       ,"Identification":{
          "Name":"Expanded"
         ,"Identifier":"EXPANDED"
         ,"Group":"Default State (11361196230501788)"
         ,"Sequence":10
        }
       ,"Settings":{
          "Advanced":false
        }
       ,"Appearance":{
          "CSS Classes":[
            "is-expanded"
          ]
        }
      }
     ,{
        "id":"11362226569501788"
       ,"Identification":{
          "Name":"Hide"
         ,"Identifier":"HIDEOVERFLOW"
         ,"Group":"Body Overflow (11351527785501783)"
         ,"Sequence":20
        }
       ,"Settings":{
          "Advanced":false
        }
       ,"Appearance":{
          "CSS Classes":[
            "t-Region--hiddenOverflow"
          ]
        }
      }
     ,{
        "id":"11362665214501789"
       ,"Identification":{
          "Name":"Plus or Minus"
         ,"Identifier":"ICONS_PLUS_OR_MINUS"
         ,"Group":"Collapsible Button Icons (11362467837501788)"
         ,"Sequence":1
        }
       ,"Settings":{
          "Advanced":false
        }
       ,"Appearance":{
          "CSS Classes":[
            "t-Region--hideShowIconsMath"
          ]
        }
       ,"Help":{
          "Help Text":"Use the plus and minus icons for the expand and collapse button."
        }
      }
     ,{
        "id":"11362805959501789"
       ,"Identification":{
          "Name":"Remove Body Padding"
         ,"Identifier":"NOBODYPADDING"
         ,"Sequence":10
        }
       ,"Settings":{
          "Advanced":false
        }
       ,"Appearance":{
          "CSS Classes":[
            "t-Region--noPadding"
          ]
        }
       ,"Help":{
          "Help Text":"Removes padding from region body."
        }
      }
     ,{
        "id":"11363056321501789"
       ,"Identification":{
          "Name":"Remove Borders"
         ,"Identifier":"NOBORDER"
         ,"Group":"Style (11352696081501784)"
         ,"Sequence":10
        }
       ,"Settings":{
          "Advanced":false
        }
       ,"Appearance":{
          "CSS Classes":[
            "t-Region--noBorder"
          ]
        }
       ,"Help":{
          "Help Text":"Removes borders from the region."
        }
      }
     ,{
        "id":"11363203953501789"
       ,"Identification":{
          "Name":"Remember Collapsible State"
         ,"Identifier":"REMEMBER_COLLAPSIBLE_STATE"
         ,"Sequence":20
        }
       ,"Settings":{
          "Advanced":false
        }
       ,"Appearance":{
          "CSS Classes":[
            "js-useLocalStorage"
          ]
        }
       ,"Help":{
          "Help Text":"This option saves the current state of the collapsible region for the duration of the session."
        }
      }
     ,{
        "id":"11363439012501789"
       ,"Identification":{
          "Name":"Remove UI Decoration"
         ,"Identifier":"REMOVE_UI_DECORATION"
         ,"Group":"Style (11352696081501784)"
         ,"Sequence":30
        }
       ,"Settings":{
          "Advanced":false
        }
       ,"Appearance":{
          "CSS Classes":[
            "t-Region--noUI"
          ]
        }
       ,"Help":{
          "Help Text":"Removes UI decoration (borders, backgrounds, shadows, etc) from the region."
        }
      }
     ,{
        "id":"11363602757501789"
       ,"Identification":{
          "Name":"Scroll - Default"
         ,"Identifier":"SCROLLBODY"
         ,"Group":"Body Overflow (11351527785501783)"
         ,"Sequence":10
        }
       ,"Settings":{
          "Advanced":false
        }
       ,"Appearance":{
          "CSS Classes":[
            "t-Region--scrollBody"
          ]
        }
      }
     ,{
        "id":"11363807023501789"
       ,"Identification":{
          "Name":"Stack Region"
         ,"Identifier":"STACKED"
         ,"Group":"Style (11352696081501784)"
         ,"Sequence":20
        }
       ,"Settings":{
          "Advanced":false
        }
       ,"Appearance":{
          "CSS Classes":[
            "t-Region--stacked"
          ]
        }
       ,"Help":{
          "Help Text":"Removes side borders and shadows, and can be useful for accordions and regions that need to be grouped together vertically."
        }
      }
    ]
  }
 ,{
    "id":"11363891017501789"
   ,"Identification":{
      "Name":"Content Block"
     ,"Identifier":"CONTENT_BLOCK"
     ,"Class":"Custom 1"
    }
   ,"Subscription":{
      "Master":{
        "Referenced Id":"2320668864738842174"
      }
    }
   ,"Advanced":{
      "Translatable":false
    }
   ,"Template Options":{
      "Preset":[
        "t-ContentBlock--h1"
      ]
    }
   ,"Template":{
      "Template":"\u003Cdiv class=\"t-ContentBlock #REGION_CSS_CLASSES#\" id=\"#REGION_STATIC_ID#\" #REGION_ATTRIBUTES#\u003E\n  \u003Cdiv class=\"t-ContentBlock-header\"\u003E\n    \u003Cdiv class=\"t-ContentBlock-headerItems t-ContentBlock-headerItems--title\"\u003E\n      \u003Cspan class=\"t-ContentBlock-headerIcon\"\u003E\u003Cspan class=\"t-Icon #ICON_CSS_CLASSES#\" aria-hidden=\"true\"\u003E\u003C\/span\u003E\u003C\/span\u003E\n      \u003Ch1 class=\"t-ContentBlock-title\" id=\"#REGION_STATIC_ID#_heading\"\u003E#TITLE#\u003C\/h1\u003E\n      #EDIT#\n    \u003C\/div\u003E\n    \u003Cdiv class=\"t-ContentBlock-headerItems t-ContentBlock-headerItems--buttons\"\u003E#CHANGE#\u003C\/div\u003E\n  \u003C\/div\u003E\n  \u003Cdiv class=\"t-ContentBlock-body\"\u003E#BODY#\u003C\/div\u003E\n  \u003Cdiv class=\"t-ContentBlock-buttons\"\u003E#PREVIOUS##NEXT#\u003C\/div\u003E\n\u003C\/div\u003E\n"
    }
   ,"Template Options":[
      {
        "id":"11364264021501789"
       ,"Identification":{
          "Name":"Add Body Padding"
         ,"Identifier":"ADD_BODY_PADDING"
         ,"Sequence":10
        }
       ,"Settings":{
          "Advanced":false
        }
       ,"Appearance":{
          "CSS Classes":[
            "t-ContentBlock--padded"
          ]
        }
       ,"Help":{
          "Help Text":"Adds padding to the region\u0027s body container."
        }
      }
     ,{
        "id":"11364659534501789"
       ,"Identification":{
          "Name":"Heading Level 1"
         ,"Identifier":"CONTENT_TITLE_H1"
         ,"Group":"Region Title (11364419792501789)"
         ,"Sequence":10
        }
       ,"Settings":{
          "Advanced":false
        }
       ,"Appearance":{
          "CSS Classes":[
            "t-ContentBlock--h1"
          ]
        }
      }
     ,{
        "id":"11364844189501789"
       ,"Identification":{
          "Name":"Heading Level 2"
         ,"Identifier":"CONTENT_TITLE_H2"
         ,"Group":"Region Title (11364419792501789)"
         ,"Sequence":20
        }
       ,"Settings":{
          "Advanced":false
        }
       ,"Appearance":{
          "CSS Classes":[
            "t-ContentBlock--h2"
          ]
        }
      }
     ,{
        "id":"11364982734501790"
       ,"Identification":{
          "Name":"Heading Level 3"
         ,"Identifier":"CONTENT_TITLE_H3"
         ,"Group":"Region Title (11364419792501789)"
         ,"Sequence":30
        }
       ,"Settings":{
          "Advanced":false
        }
       ,"Appearance":{
          "CSS Classes":[
            "t-ContentBlock--h3"
          ]
        }
      }
     ,{
        "id":"11365428827501790"
       ,"Identification":{
          "Name":"Light Background"
         ,"Identifier":"LIGHT_BACKGROUND"
         ,"Group":"Body Style (11365210859501790)"
         ,"Sequence":20
        }
       ,"Settings":{
          "Advanced":false
        }
       ,"Appearance":{
          "CSS Classes":[
            "t-ContentBlock--lightBG"
          ]
        }
       ,"Help":{
          "Help Text":"Gives the region body a slightly lighter background."
        }
      }
     ,{
        "id":"11365602016501790"
       ,"Identification":{
          "Name":"Shadow Background"
         ,"Identifier":"SHADOW_BACKGROUND"
         ,"Group":"Body Style (11365210859501790)"
         ,"Sequence":10
        }
       ,"Settings":{
          "Advanced":false
        }
       ,"Appearance":{
          "CSS Classes":[
            "t-ContentBlock--shadowBG"
          ]
        }
       ,"Help":{
          "Help Text":"Gives the region body a slightly darker background."
        }
      }
     ,{
        "id":"11365864394501790"
       ,"Identification":{
          "Name":"Show Region Icon"
         ,"Identifier":"SHOW_REGION_ICON"
         ,"Sequence":30
        }
       ,"Settings":{
          "Advanced":false
        }
       ,"Appearance":{
          "CSS Classes":[
            "t-ContentBlock--showIcon"
          ]
        }
       ,"Help":{
          "Help Text":"Displays the region icon in the region header beside the region title"
        }
      }
    ]
  }
 ,{
    "id":"11365963537501790"
   ,"Identification":{
      "Name":"Inline Dialog"
     ,"Identifier":"INLINE_DIALOG"
     ,"Class":"Custom 4"
    }
   ,"Subscription":{
      "Master":{
        "Referenced Id":"2671226943886536762"
      }
    }
   ,"Advanced":{
      "Translatable":false
    }
   ,"Template Options":{
      "Preset":[
        "js-dialog-size600x400"
      ]
     ,"Default":[
        "js-modal"
       ,"js-draggable"
       ,"js-resizable"
      ]
    }
   ,"Template":{
      "Template":"\u003Cdiv id=\"#REGION_STATIC_ID#_parent\"\u003E\n\u003Cdiv id=\"#REGION_STATIC_ID#\"  class=\"t-DialogRegion #REGION_CSS_CLASSES# js-regionDialog\" #REGION_ATTRIBUTES# style=\"display:none\" title=\"#TITLE#\"\u003E\n  \u003Cdiv class=\"t-DialogRegion-wrap\"\u003E\n    \u003Cdiv class=\"t-DialogRegion-bodyWrapperOut\"\u003E\u003Cdiv class=\"t-DialogRegion-bodyWrapperIn\"\u003E\u003Cdiv class=\"t-DialogRegion-body\"\u003E#BODY#\u003C\/div\u003E\u003C\/div\u003E\u003C\/div\u003E\n    \u003Cdiv class=\"t-DialogRegion-buttons\"\u003E\n       \u003Cdiv class=\"t-ButtonRegion t-ButtonRegion--dialogRegion\"\u003E\n         \u003Cdiv class=\"t-ButtonRegion-wrap\"\u003E\n           \u003Cdiv class=\"t-ButtonRegion-col t-ButtonRegion-col--left\"\u003E\u003Cdiv class=\"t-ButtonRegion-buttons\"\u003E#PREVIOUS##DELETE##CLOSE#\u003C\/div\u003E\u003C\/div\u003E\n           \u003Cdiv class=\"t-ButtonRegion-col t-ButtonRegion-col--right\"\u003E\u003Cdiv class=\"t-ButtonRegion-buttons\"\u003E#EDIT##CREATE##NEXT#\u003C\/div\u003E\u003C\/div\u003E\n         \u003C\/div\u003E\n       \u003C\/div\u003E\n    \u003C\/div\u003E\n  \u003C\/div\u003E\n\u003C\/div\u003E\n\u003C\/div\u003E"
    }
   ,"Template Options":[
      {
        "id":"11366486598501790"
       ,"Identification":{
          "Name":"Auto Height"
         ,"Identifier":"AUTO_HEIGHT_INLINE_DIALOG"
         ,"Sequence":1
        }
       ,"Settings":{
          "Advanced":false
        }
       ,"Appearance":{
          "CSS Classes":[
            "js-dialog-autoheight"
          ]
        }
       ,"Help":{
          "Help Text":"This option will set the height of the dialog to fit its contents."
        }
      }
     ,{
        "id":"11366739804501790"
       ,"Identification":{
          "Name":"Draggable"
         ,"Identifier":"DRAGGABLE"
         ,"Sequence":20
        }
       ,"Settings":{
          "Advanced":false
        }
       ,"Appearance":{
          "CSS Classes":[
            "js-draggable"
          ]
        }
      }
     ,{
        "id":"11367119935501790"
       ,"Identification":{
          "Name":"Large (720x480)"
         ,"Identifier":"LARGE_720X480"
         ,"Group":"Dialog Size (11366899628501790)"
         ,"Sequence":30
        }
       ,"Settings":{
          "Advanced":false
        }
       ,"Appearance":{
          "CSS Classes":[
            "js-dialog-size720x480"
          ]
        }
      }
     ,{
        "id":"11367376453501791"
       ,"Identification":{
          "Name":"Medium (600x400)"
         ,"Identifier":"MEDIUM_600X400"
         ,"Group":"Dialog Size (11366899628501790)"
         ,"Sequence":20
        }
       ,"Settings":{
          "Advanced":false
        }
       ,"Appearance":{
          "CSS Classes":[
            "js-dialog-size600x400"
          ]
        }
      }
     ,{
        "id":"11367563128501791"
       ,"Identification":{
          "Name":"Modal"
         ,"Identifier":"MODAL"
         ,"Sequence":10
        }
       ,"Settings":{
          "Advanced":false
        }
       ,"Appearance":{
          "CSS Classes":[
            "js-modal"
          ]
        }
      }
     ,{
        "id":"11367769820501791"
       ,"Identification":{
          "Name":"Remove Body Padding"
         ,"Identifier":"REMOVE_BODY_PADDING"
         ,"Sequence":5
        }
       ,"Settings":{
          "Advanced":false
        }
       ,"Appearance":{
          "CSS Classes":[
            "t-DialogRegion--noPadding"
          ]
        }
       ,"Help":{
          "Help Text":"Removes the padding around the region body."
        }
      }
     ,{
        "id":"11367915131501791"
       ,"Identification":{
          "Name":"Resizable"
         ,"Identifier":"RESIZABLE"
         ,"Sequence":30
        }
       ,"Settings":{
          "Advanced":false
        }
       ,"Appearance":{
          "CSS Classes":[
            "js-resizable"
          ]
        }
      }
     ,{
        "id":"11368133156501792"
       ,"Identification":{
          "Name":"Small (480x320)"
         ,"Identifier":"SMALL_480X320"
         ,"Group":"Dialog Size (11366899628501790)"
         ,"Sequence":10
        }
       ,"Settings":{
          "Advanced":false
        }
       ,"Appearance":{
          "CSS Classes":[
            "js-dialog-size480x320"
          ]
        }
      }
    ]
  }
 ,{
    "id":"11368241560501792"
   ,"Identification":{
      "Name":"Inline Popup"
     ,"Identifier":"INLINE_POPUP"
     ,"Class":"Custom 4"
    }
   ,"Subscription":{
      "Master":{
        "Referenced Id":"1483922538999385230"
      }
    }
   ,"Advanced":{
      "Translatable":false
    }
   ,"Template Options":{
      "Preset":[
        "js-dialog-size600x400"
      ]
    }
   ,"Template":{
      "Template":"\u003Cdiv id=\"#REGION_STATIC_ID#_parent\"\u003E\n\u003Cdiv id=\"#REGION_STATIC_ID#\"  class=\"t-DialogRegion #REGION_CSS_CLASSES# js-regionPopup\" #REGION_ATTRIBUTES# style=\"display:none\" title=\"#TITLE#\"\u003E\n  \u003Cdiv class=\"t-DialogRegion-wrap\"\u003E\n    \u003Cdiv class=\"t-DialogRegion-bodyWrapperOut\"\u003E\u003Cdiv class=\"t-DialogRegion-bodyWrapperIn\"\u003E\u003Cdiv class=\"t-DialogRegion-body\"\u003E#BODY#\u003C\/div\u003E\u003C\/div\u003E\u003C\/div\u003E\n    \u003Cdiv class=\"t-DialogRegion-buttons\"\u003E\n       \u003Cdiv class=\"t-ButtonRegion t-ButtonRegion--dialogRegion\"\u003E\n         \u003Cdiv class=\"t-ButtonRegion-wrap\"\u003E\n           \u003Cdiv class=\"t-ButtonRegion-col t-ButtonRegion-col--left\"\u003E\u003Cdiv class=\"t-ButtonRegion-buttons\"\u003E#PREVIOUS##DELETE##CLOSE#\u003C\/div\u003E\u003C\/div\u003E\n           \u003Cdiv class=\"t-ButtonRegion-col t-ButtonRegion-col--right\"\u003E\u003Cdiv class=\"t-ButtonRegion-buttons\"\u003E#EDIT##CREATE##NEXT#\u003C\/div\u003E\u003C\/div\u003E\n         \u003C\/div\u003E\n       \u003C\/div\u003E\n    \u003C\/div\u003E\n  \u003C\/div\u003E\n\u003C\/div\u003E\n\u003C\/div\u003E"
    }
   ,"Template Options":[
      {
        "id":"11368817430501792"
       ,"Identification":{
          "Name":"Auto Height"
         ,"Identifier":"AUTO_HEIGHT_INLINE_DIALOG"
         ,"Sequence":1
        }
       ,"Settings":{
          "Advanced":false
        }
       ,"Appearance":{
          "CSS Classes":[
            "js-dialog-autoheight"
          ]
        }
       ,"Help":{
          "Help Text":"This option will set the height of the dialog to fit its contents."
        }
      }
     ,{
        "id":"11368982036501792"
       ,"Identification":{
          "Name":"Large (720x480)"
         ,"Identifier":"LARGE_720X480"
         ,"Group":"Dialog Size (11366899628501790)"
         ,"Sequence":30
        }
       ,"Settings":{
          "Advanced":false
        }
       ,"Appearance":{
          "CSS Classes":[
            "js-dialog-size720x480"
          ]
        }
      }
     ,{
        "id":"11369183539501792"
       ,"Identification":{
          "Name":"Medium (600x400)"
         ,"Identifier":"MEDIUM_600X400"
         ,"Group":"Dialog Size (11366899628501790)"
         ,"Sequence":20
        }
       ,"Settings":{
          "Advanced":false
        }
       ,"Appearance":{
          "CSS Classes":[
            "js-dialog-size600x400"
          ]
        }
      }
     ,{
        "id":"11369469895501792"
       ,"Identification":{
          "Name":"None"
         ,"Identifier":"NONE"
         ,"Group":"Dialog Size (11366899628501790)"
         ,"Sequence":1
        }
       ,"Settings":{
          "Advanced":false
        }
       ,"Appearance":{
          "CSS Classes":[
            "js-dialog-nosize"
          ]
        }
      }
     ,{
        "id":"11369598355501792"
       ,"Identification":{
          "Name":"Remove Body Padding"
         ,"Identifier":"REMOVE_BODY_PADDING"
         ,"Sequence":20
        }
       ,"Settings":{
          "Advanced":false
        }
       ,"Appearance":{
          "CSS Classes":[
            "t-DialogRegion--noPadding"
          ]
        }
       ,"Help":{
          "Help Text":"Removes the padding around the region body."
        }
      }
     ,{
        "id":"11369819872501792"
       ,"Identification":{
          "Name":"Remove Page Overlay"
         ,"Identifier":"REMOVE_PAGE_OVERLAY"
         ,"Sequence":30
        }
       ,"Settings":{
          "Advanced":false
        }
       ,"Appearance":{
          "CSS Classes":[
            "js-popup-noOverlay"
          ]
        }
       ,"Help":{
          "Help Text":"This option will display the inline dialog without an overlay on the background."
        }
      }
     ,{
        "id":"11370023309501792"
       ,"Identification":{
          "Name":"Small (480x320)"
         ,"Identifier":"SMALL_480X320"
         ,"Group":"Dialog Size (11366899628501790)"
         ,"Sequence":10
        }
       ,"Settings":{
          "Advanced":false
        }
       ,"Appearance":{
          "CSS Classes":[
            "js-dialog-size480x320"
          ]
        }
      }
    ]
  }
 ,{
    "id":"11370148915501792"
   ,"Identification":{
      "Name":"Interactive Report"
     ,"Identifier":"INTERACTIVE_REPORT"
     ,"Class":"Reports Region"
    }
   ,"Subscription":{
      "Master":{
        "Referenced Id":"2099079838218790610"
      }
    }
   ,"Advanced":{
      "Translatable":false
    }
   ,"Template":{
      "Template":"\u003Cdiv id=\"#REGION_STATIC_ID#\" #REGION_ATTRIBUTES# class=\"t-IRR-region #REGION_CSS_CLASSES#\"\u003E\n  \u003Ch2 class=\"u-VisuallyHidden\" id=\"#REGION_STATIC_ID#_heading\"\u003E#TITLE#\u003C\/h2\u003E\n#PREVIOUS##BODY##SUB_REGIONS##NEXT#\n\u003C\/div\u003E"
    }
   ,"Template Options":[
      {
        "id":"11370473575501793"
       ,"Identification":{
          "Name":"Remove Borders"
         ,"Identifier":"REMOVEBORDERS"
         ,"Sequence":10
        }
       ,"Settings":{
          "Advanced":false
        }
       ,"Appearance":{
          "CSS Classes":[
            "t-IRR-region--noBorders"
          ]
        }
       ,"Help":{
          "Help Text":"Removes borders around the Interactive Report"
        }
      }
     ,{
        "id":"11370593346501793"
       ,"Identification":{
          "Name":"Show Maximize Button"
         ,"Identifier":"SHOW_MAXIMIZE_BUTTON"
         ,"Sequence":20
        }
       ,"Settings":{
          "Advanced":false
        }
       ,"Appearance":{
          "CSS Classes":[
            "js-showMaximizeButton"
          ]
        }
       ,"Help":{
          "Help Text":"Displays a button in the Interactive Reports toolbar to maximize the report. Clicking this button will toggle the maximize state and stretch the report to fill the screen."
        }
      }
    ]
  }
 ,{
    "id":"11370751584501793"
   ,"Identification":{
      "Name":"Login"
     ,"Identifier":"LOGIN"
     ,"Class":"Custom 3"
    }
   ,"Subscription":{
      "Master":{
        "Referenced Id":"2672711194551076376"
      }
    }
   ,"Advanced":{
      "Translatable":false
    }
   ,"Template":{
      "Template":"\u003Cdiv class=\"t-Login-region t-Form--stretchInputs t-Form--labelsAbove #REGION_CSS_CLASSES#\" id=\"#REGION_ID#\" #REGION_ATTRIBUTES#\u003E\n  \u003Cdiv class=\"t-Login-header\"\u003E\n    \u003Cspan class=\"t-Login-logo #ICON_CSS_CLASSES#\"\u003E\u003C\/span\u003E\n    \u003Ch1 class=\"t-Login-title\" id=\"#REGION_STATIC_ID#_heading\"\u003E#TITLE#\u003C\/h1\u003E\n  \u003C\/div\u003E\n  \u003Cdiv class=\"t-Login-body\"\u003E\n    #BODY#\n  \u003C\/div\u003E\n  \u003Cdiv class=\"t-Login-buttons\"\u003E\n    #NEXT#\n  \u003C\/div\u003E\n  \u003Cdiv class=\"t-Login-links\"\u003E\n    #EDIT##CREATE#\n  \u003C\/div\u003E\n  #SUB_REGIONS#\n\u003C\/div\u003E"
    }
  }
 ,{
    "id":"11371245017501793"
   ,"Identification":{
      "Name":"Standard"
     ,"Identifier":"STANDARD"
     ,"Class":"Form Region"
    }
   ,"Subscription":{
      "Master":{
        "Referenced Id":"4070912133526059312"
      }
    }
   ,"Advanced":{
      "Translatable":false
    }
   ,"Template Options":{
      "Preset":[
        "t-Region--scrollBody"
      ]
    }
   ,"Template":{
      "Template":"\u003Cdiv class=\"t-Region #REGION_CSS_CLASSES#\" id=\"#REGION_STATIC_ID#\" #REGION_ATTRIBUTES#\u003E\n \u003Cdiv class=\"t-Region-header\"\u003E\n  \u003Cdiv class=\"t-Region-headerItems t-Region-headerItems--title\"\u003E\n    \u003Cspan class=\"t-Region-headerIcon\"\u003E\u003Cspan class=\"t-Icon #ICON_CSS_CLASSES#\" aria-hidden=\"true\"\u003E\u003C\/span\u003E\u003C\/span\u003E\n    \u003Ch2 class=\"t-Region-title\" id=\"#REGION_STATIC_ID#_heading\"\u003E#TITLE#\u003C\/h2\u003E\n  \u003C\/div\u003E\n  \u003Cdiv class=\"t-Region-headerItems t-Region-headerItems--buttons\"\u003E#COPY##EDIT#\u003Cspan class=\"js-maximizeButtonContainer\"\u003E\u003C\/span\u003E\u003C\/div\u003E\n \u003C\/div\u003E\n \u003Cdiv class=\"t-Region-bodyWrap\"\u003E\n   \u003Cdiv class=\"t-Region-buttons t-Region-buttons--top\"\u003E\n    \u003Cdiv class=\"t-Region-buttons-left\"\u003E#PREVIOUS#\u003C\/div\u003E\n    \u003Cdiv class=\"t-Region-buttons-right\"\u003E#NEXT#\u003C\/div\u003E\n   \u003C\/div\u003E\n   \u003Cdiv class=\"t-Region-body\"\u003E\n     #BODY#\n     #SUB_REGIONS#\n   \u003C\/div\u003E\n   \u003Cdiv class=\"t-Region-buttons t-Region-buttons--bottom\"\u003E\n    \u003Cdiv class=\"t-Region-buttons-left\"\u003E#CLOSE##HELP#\u003C\/div\u003E\n    \u003Cdiv class=\"t-Region-buttons-right\"\u003E#DELETE##CHANGE##CREATE#\u003C\/div\u003E\n   \u003C\/div\u003E\n \u003C\/div\u003E\n\u003C\/div\u003E\n"
    }
   ,"Template Options":[
      {
        "id":"11372139193501793"
       ,"Identification":{
          "Name":"240px"
         ,"Identifier":"240PX"
         ,"Group":"Body Height (11348688243501782)"
         ,"Sequence":10
        }
       ,"Settings":{
          "Advanced":false
        }
       ,"Appearance":{
          "CSS Classes":[
            "i-h240"
          ]
        }
       ,"Help":{
          "Help Text":"Sets region body height to 240px."
        }
      }
     ,{
        "id":"11372292190501794"
       ,"Identification":{
          "Name":"320px"
         ,"Identifier":"320PX"
         ,"Group":"Body Height (11348688243501782)"
         ,"Sequence":20
        }
       ,"Settings":{
          "Advanced":false
        }
       ,"Appearance":{
          "CSS Classes":[
            "i-h320"
          ]
        }
       ,"Help":{
          "Help Text":"Sets region body height to 320px."
        }
      }
     ,{
        "id":"11372567230501794"
       ,"Identification":{
          "Name":"480px"
         ,"Identifier":"480PX"
         ,"Group":"Body Height (11348688243501782)"
         ,"Sequence":30
        }
       ,"Settings":{
          "Advanced":false
        }
       ,"Appearance":{
          "CSS Classes":[
            "i-h480"
          ]
        }
      }
     ,{
        "id":"11372745200501794"
       ,"Identification":{
          "Name":"640px"
         ,"Identifier":"640PX"
         ,"Group":"Body Height (11348688243501782)"
         ,"Sequence":40
        }
       ,"Settings":{
          "Advanced":false
        }
       ,"Appearance":{
          "CSS Classes":[
            "i-h640"
          ]
        }
      }
     ,{
        "id":"11372907228501794"
       ,"Identification":{
          "Name":"Accent 1"
         ,"Identifier":"ACCENT_1"
         ,"Group":"Accent (11349884152501783)"
         ,"Sequence":10
        }
       ,"Settings":{
          "Advanced":false
        }
       ,"Appearance":{
          "CSS Classes":[
            "t-Region--accent1"
          ]
        }
      }
     ,{
        "id":"11373156510501794"
       ,"Identification":{
          "Name":"Accent 10"
         ,"Identifier":"ACCENT_10"
         ,"Group":"Accent (11349884152501783)"
         ,"Sequence":100
        }
       ,"Settings":{
          "Advanced":false
        }
       ,"Appearance":{
          "CSS Classes":[
            "t-Region--accent10"
          ]
        }
      }
     ,{
        "id":"11373305112501794"
       ,"Identification":{
          "Name":"Accent 11"
         ,"Identifier":"ACCENT_11"
         ,"Group":"Accent (11349884152501783)"
         ,"Sequence":110
        }
       ,"Settings":{
          "Advanced":false
        }
       ,"Appearance":{
          "CSS Classes":[
            "t-Region--accent11"
          ]
        }
      }
     ,{
        "id":"11373499855501794"
       ,"Identification":{
          "Name":"Accent 12"
         ,"Identifier":"ACCENT_12"
         ,"Group":"Accent (11349884152501783)"
         ,"Sequence":120
        }
       ,"Settings":{
          "Advanced":false
        }
       ,"Appearance":{
          "CSS Classes":[
            "t-Region--accent12"
          ]
        }
      }
     ,{
        "id":"11373748010501794"
       ,"Identification":{
          "Name":"Accent 13"
         ,"Identifier":"ACCENT_13"
         ,"Group":"Accent (11349884152501783)"
         ,"Sequence":130
        }
       ,"Settings":{
          "Advanced":false
        }
       ,"Appearance":{
          "CSS Classes":[
            "t-Region--accent13"
          ]
        }
      }
     ,{
        "id":"11373961157501794"
       ,"Identification":{
          "Name":"Accent 14"
         ,"Identifier":"ACCENT_14"
         ,"Group":"Accent (11349884152501783)"
         ,"Sequence":140
        }
       ,"Settings":{
          "Advanced":false
        }
       ,"Appearance":{
          "CSS Classes":[
            "t-Region--accent14"
          ]
        }
      }
     ,{
        "id":"11374140799501794"
       ,"Identification":{
          "Name":"Accent 15"
         ,"Identifier":"ACCENT_15"
         ,"Group":"Accent (11349884152501783)"
         ,"Sequence":150
        }
       ,"Settings":{
          "Advanced":false
        }
       ,"Appearance":{
          "CSS Classes":[
            "t-Region--accent15"
          ]
        }
      }
     ,{
        "id":"11374352256501794"
       ,"Identification":{
          "Name":"Accent 2"
         ,"Identifier":"ACCENT_2"
         ,"Group":"Accent (11349884152501783)"
         ,"Sequence":20
        }
       ,"Settings":{
          "Advanced":false
        }
       ,"Appearance":{
          "CSS Classes":[
            "t-Region--accent2"
          ]
        }
      }
     ,{
        "id":"11374550248501794"
       ,"Identification":{
          "Name":"Accent 3"
         ,"Identifier":"ACCENT_3"
         ,"Group":"Accent (11349884152501783)"
         ,"Sequence":30
        }
       ,"Settings":{
          "Advanced":false
        }
       ,"Appearance":{
          "CSS Classes":[
            "t-Region--accent3"
          ]
        }
      }
     ,{
        "id":"11374685103501794"
       ,"Identification":{
          "Name":"Accent 4"
         ,"Identifier":"ACCENT_4"
         ,"Group":"Accent (11349884152501783)"
         ,"Sequence":40
        }
       ,"Settings":{
          "Advanced":false
        }
       ,"Appearance":{
          "CSS Classes":[
            "t-Region--accent4"
          ]
        }
      }
     ,{
        "id":"11374911752501795"
       ,"Identification":{
          "Name":"Accent 5"
         ,"Identifier":"ACCENT_5"
         ,"Group":"Accent (11349884152501783)"
         ,"Sequence":50
        }
       ,"Settings":{
          "Advanced":false
        }
       ,"Appearance":{
          "CSS Classes":[
            "t-Region--accent5"
          ]
        }
      }
     ,{
        "id":"11375165077501795"
       ,"Identification":{
          "Name":"Accent 6"
         ,"Identifier":"ACCENT_6"
         ,"Group":"Accent (11349884152501783)"
         ,"Sequence":60
        }
       ,"Settings":{
          "Advanced":false
        }
       ,"Appearance":{
          "CSS Classes":[
            "t-Region--accent6"
          ]
        }
      }
     ,{
        "id":"11375342003501795"
       ,"Identification":{
          "Name":"Accent 7"
         ,"Identifier":"ACCENT_7"
         ,"Group":"Accent (11349884152501783)"
         ,"Sequence":70
        }
       ,"Settings":{
          "Advanced":false
        }
       ,"Appearance":{
          "CSS Classes":[
            "t-Region--accent7"
          ]
        }
      }
     ,{
        "id":"11375522076501795"
       ,"Identification":{
          "Name":"Accent 8"
         ,"Identifier":"ACCENT_8"
         ,"Group":"Accent (11349884152501783)"
         ,"Sequence":80
        }
       ,"Settings":{
          "Advanced":false
        }
       ,"Appearance":{
          "CSS Classes":[
            "t-Region--accent8"
          ]
        }
      }
     ,{
        "id":"11375739523501795"
       ,"Identification":{
          "Name":"Accent 9"
         ,"Identifier":"ACCENT_9"
         ,"Group":"Accent (11349884152501783)"
         ,"Sequence":90
        }
       ,"Settings":{
          "Advanced":false
        }
       ,"Appearance":{
          "CSS Classes":[
            "t-Region--accent9"
          ]
        }
      }
     ,{
        "id":"11375895199501795"
       ,"Identification":{
          "Name":"Hidden"
         ,"Identifier":"HIDDENHEADERNOAT"
         ,"Group":"Header (11351109974501783)"
         ,"Sequence":10
        }
       ,"Settings":{
          "Advanced":false
        }
       ,"Appearance":{
          "CSS Classes":[
            "t-Region--removeHeader"
          ]
        }
      }
     ,{
        "id":"11376118967501795"
       ,"Identification":{
          "Name":"Hide"
         ,"Identifier":"HIDEOVERFLOW"
         ,"Group":"Body Overflow (11351527785501783)"
         ,"Sequence":20
        }
       ,"Settings":{
          "Advanced":false
        }
       ,"Appearance":{
          "CSS Classes":[
            "t-Region--hiddenOverflow"
          ]
        }
      }
     ,{
        "id":"11376337717501795"
       ,"Identification":{
          "Name":"Hidden but accessible"
         ,"Identifier":"HIDEREGIONHEADER"
         ,"Group":"Header (11351109974501783)"
         ,"Sequence":20
        }
       ,"Settings":{
          "Advanced":false
        }
       ,"Appearance":{
          "CSS Classes":[
            "t-Region--hideHeader"
          ]
        }
       ,"Help":{
          "Help Text":"This option will hide the region header.  Note that the region title will still be audible for Screen Readers. Buttons placed in the region header will be hidden and inaccessible."
        }
      }
     ,{
        "id":"11376546793501795"
       ,"Identification":{
          "Name":"Remove Body Padding"
         ,"Identifier":"NOBODYPADDING"
         ,"Sequence":10
        }
       ,"Settings":{
          "Advanced":false
        }
       ,"Appearance":{
          "CSS Classes":[
            "t-Region--noPadding"
          ]
        }
       ,"Help":{
          "Help Text":"Removes padding from region body."
        }
      }
     ,{
        "id":"11376693475501795"
       ,"Identification":{
          "Name":"Remove Borders"
         ,"Identifier":"NOBORDER"
         ,"Group":"Style (11352696081501784)"
         ,"Sequence":10
        }
       ,"Settings":{
          "Advanced":false
        }
       ,"Appearance":{
          "CSS Classes":[
            "t-Region--noBorder"
          ]
        }
       ,"Help":{
          "Help Text":"Removes borders from the region."
        }
      }
     ,{
        "id":"11376892960501795"
       ,"Identification":{
          "Name":"Remove UI Decoration"
         ,"Identifier":"REMOVE_UI_DECORATION"
         ,"Group":"Style (11352696081501784)"
         ,"Sequence":30
        }
       ,"Settings":{
          "Advanced":false
        }
       ,"Appearance":{
          "CSS Classes":[
            "t-Region--noUI"
          ]
        }
       ,"Help":{
          "Help Text":"Removes UI decoration (borders, backgrounds, shadows, etc) from the region."
        }
      }
     ,{
        "id":"11377126387501795"
       ,"Identification":{
          "Name":"Scroll - Default"
         ,"Identifier":"SCROLLBODY"
         ,"Group":"Body Overflow (11351527785501783)"
         ,"Sequence":10
        }
       ,"Settings":{
          "Advanced":false
        }
       ,"Appearance":{
          "CSS Classes":[
            "t-Region--scrollBody"
          ]
        }
      }
     ,{
        "id":"11377325140501795"
       ,"Identification":{
          "Name":"Show Maximize Button"
         ,"Identifier":"SHOW_MAXIMIZE_BUTTON"
         ,"Sequence":20
        }
       ,"Settings":{
          "Advanced":false
        }
       ,"Appearance":{
          "CSS Classes":[
            "js-showMaximizeButton"
          ]
        }
       ,"Help":{
          "Help Text":"Displays a button in the Region Header to maximize the region. Clicking this button will toggle the maximize state and stretch the region to fill the screen."
        }
      }
     ,{
        "id":"11377553470501796"
       ,"Identification":{
          "Name":"Show Region Icon"
         ,"Identifier":"SHOW_REGION_ICON"
         ,"Sequence":30
        }
       ,"Settings":{
          "Advanced":false
        }
       ,"Appearance":{
          "CSS Classes":[
            "t-Region--showIcon"
          ]
        }
       ,"Help":{
          "Help Text":"Displays the region icon in the region header beside the region title"
        }
      }
     ,{
        "id":"11377753500501796"
       ,"Identification":{
          "Name":"Stack Region"
         ,"Identifier":"STACKED"
         ,"Group":"Style (11352696081501784)"
         ,"Sequence":20
        }
       ,"Settings":{
          "Advanced":false
        }
       ,"Appearance":{
          "CSS Classes":[
            "t-Region--stacked"
          ]
        }
       ,"Help":{
          "Help Text":"Removes side borders and shadows, and can be useful for accordions and regions that need to be grouped together vertically."
        }
      }
     ,{
        "id":"11377902974501796"
       ,"Identification":{
          "Name":"Text Content"
         ,"Identifier":"TEXT_CONTENT"
         ,"Group":"Style (11352696081501784)"
         ,"Sequence":40
        }
       ,"Settings":{
          "Advanced":false
        }
       ,"Appearance":{
          "CSS Classes":[
            "t-Region--textContent"
          ]
        }
       ,"Help":{
          "Help Text":"Useful for displaying primarily text-based content, such as FAQs and more."
        }
      }
    ]
  }
 ,{
    "id":"11378060083501796"
   ,"Identification":{
      "Name":"Tabs Container"
     ,"Identifier":"TABS_CONTAINER"
     ,"Class":"Navigation Region"
    }
   ,"Subscription":{
      "Master":{
        "Referenced Id":"3221725015618492759"
      }
    }
   ,"Advanced":{
      "Translatable":false
    }
   ,"Template Options":{
      "Preset":[
        "t-TabsRegion-mod--simple"
      ]
    }
   ,"Template":{
      "Template":"\u003Cdiv class=\"t-TabsRegion #REGION_CSS_CLASSES# apex-tabs-region\" #REGION_ATTRIBUTES# id=\"#REGION_STATIC_ID#\"\u003E\n  #BODY#\n  \u003Cdiv class=\"t-TabsRegion-items\"\u003E\n    #SUB_REGIONS#\n  \u003C\/div\u003E\n\u003C\/div\u003E"
    }
   ,"Sub Regions":{
      "Template":"\u003Cdiv data-label=\"#SUB_REGION_TITLE#\" id=\"SR_#SUB_REGION_ID#\"\u003E\n  #SUB_REGION#\n\u003C\/div\u003E"
    }
   ,"JavaScript":{
      "File URLs":[
        "#IMAGE_PREFIX#libraries\/apex\/#MIN_DIRECTORY#widget.apexTabs#MIN#.js?v=#APEX_VERSION#"
      ]
    }
   ,"Template Options":[
      {
        "id":"11379083868501796"
       ,"Identification":{
          "Name":"Fill Tab Labels"
         ,"Identifier":"FILL_TAB_LABELS"
         ,"Group":"Layout (11378889601501796)"
         ,"Sequence":10
        }
       ,"Settings":{
          "Advanced":false
        }
       ,"Appearance":{
          "CSS Classes":[
            "t-TabsRegion-mod--fillLabels"
          ]
        }
      }
     ,{
        "id":"11379561762501796"
       ,"Identification":{
          "Name":"Pill"
         ,"Identifier":"PILL"
         ,"Group":"Tab Style (11379312264501796)"
         ,"Sequence":20
        }
       ,"Settings":{
          "Advanced":false
        }
       ,"Appearance":{
          "CSS Classes":[
            "t-TabsRegion-mod--pill"
          ]
        }
      }
     ,{
        "id":"11379726171501796"
       ,"Identification":{
          "Name":"Remember Active Tab"
         ,"Identifier":"REMEMBER_ACTIVE_TAB"
         ,"Sequence":10
        }
       ,"Settings":{
          "Advanced":false
        }
       ,"Appearance":{
          "CSS Classes":[
            "js-useLocalStorage"
          ]
        }
      }
     ,{
        "id":"11379937787501797"
       ,"Identification":{
          "Name":"Simple"
         ,"Identifier":"SIMPLE"
         ,"Group":"Tab Style (11379312264501796)"
         ,"Sequence":10
        }
       ,"Settings":{
          "Advanced":false
        }
       ,"Appearance":{
          "CSS Classes":[
            "t-TabsRegion-mod--simple"
          ]
        }
      }
     ,{
        "id":"11380283212501797"
       ,"Identification":{
          "Name":"Large"
         ,"Identifier":"TABSLARGE"
         ,"Group":"Tabs Size (11380169318501797)"
         ,"Sequence":20
        }
       ,"Settings":{
          "Advanced":false
        }
       ,"Appearance":{
          "CSS Classes":[
            "t-TabsRegion-mod--large"
          ]
        }
      }
     ,{
        "id":"11380537459501797"
       ,"Identification":{
          "Name":"Small"
         ,"Identifier":"TABS_SMALL"
         ,"Group":"Tabs Size (11380169318501797)"
         ,"Sequence":10
        }
       ,"Settings":{
          "Advanced":false
        }
       ,"Appearance":{
          "CSS Classes":[
            "t-TabsRegion-mod--small"
          ]
        }
      }
    ]
  }
 ,{
    "id":"11380653829501797"
   ,"Identification":{
      "Name":"Title Bar"
     ,"Identifier":"TITLE_BAR"
     ,"Class":"Breadcrumb Region"
    }
   ,"Subscription":{
      "Master":{
        "Referenced Id":"2530016523834132090"
      }
    }
   ,"Advanced":{
      "Translatable":false
    }
   ,"Template Options":{
      "Preset":[
        "t-BreadcrumbRegion--useBreadcrumbTitle"
      ]
     ,"Default":[
        "t-BreadcrumbRegion--showBreadcrumb"
      ]
    }
   ,"Template":{
      "Template":"\u003Cdiv id=\"#REGION_STATIC_ID#\" #REGION_ATTRIBUTES# class=\"t-BreadcrumbRegion #REGION_CSS_CLASSES#\"\u003E \n  \u003Cdiv class=\"t-BreadcrumbRegion-body\"\u003E\n    \u003Cdiv class=\"t-BreadcrumbRegion-breadcrumb\"\u003E\n      #BODY#\n    \u003C\/div\u003E\n    \u003Cdiv class=\"t-BreadcrumbRegion-title\"\u003E\n      \u003Ch1 class=\"t-BreadcrumbRegion-titleText\"\u003E#TITLE#\u003C\/h1\u003E\n    \u003C\/div\u003E\n  \u003C\/div\u003E\n  \u003Cdiv class=\"t-BreadcrumbRegion-buttons\"\u003E#PREVIOUS##CLOSE##DELETE##HELP##CHANGE##EDIT##COPY##CREATE##NEXT#\u003C\/div\u003E\n\u003C\/div\u003E"
    }
   ,"Template Options":[
      {
        "id":"11380917756501797"
       ,"Identification":{
          "Name":"Use Current Breadcrumb Entry"
         ,"Identifier":"GET_TITLE_FROM_BREADCRUMB"
         ,"Group":"Region Title (11364419792501789)"
         ,"Sequence":1
        }
       ,"Settings":{
          "Advanced":false
        }
       ,"Appearance":{
          "CSS Classes":[
            "t-BreadcrumbRegion--useBreadcrumbTitle"
          ]
        }
      }
     ,{
        "id":"11381084428501797"
       ,"Identification":{
          "Name":"Show Breadcrumbs"
         ,"Identifier":"HIDE_BREADCRUMB"
         ,"Sequence":1
        }
       ,"Settings":{
          "Advanced":false
        }
       ,"Appearance":{
          "CSS Classes":[
            "t-BreadcrumbRegion--showBreadcrumb"
          ]
        }
      }
     ,{
        "id":"11381366335501797"
       ,"Identification":{
          "Name":"Use Region Title"
         ,"Identifier":"REGION_HEADER_VISIBLE"
         ,"Group":"Region Title (11364419792501789)"
         ,"Sequence":1
        }
       ,"Settings":{
          "Advanced":false
        }
       ,"Appearance":{
          "CSS Classes":[
            "t-BreadcrumbRegion--useRegionTitle"
          ]
        }
      }
     ,{
        "id":"11381523403501797"
       ,"Identification":{
          "Name":"Use Compact Style"
         ,"Identifier":"USE_COMPACT_STYLE"
         ,"Sequence":10
        }
       ,"Settings":{
          "Advanced":false
        }
       ,"Appearance":{
          "CSS Classes":[
            "t-BreadcrumbRegion--compactTitle"
          ]
        }
       ,"Help":{
          "Help Text":"Uses a compact style for the breadcrumbs."
        }
      }
    ]
  }
 ,{
    "id":"11381615906501797"
   ,"Identification":{
      "Name":"Wizard Container"
     ,"Identifier":"WIZARD_CONTAINER"
     ,"Class":"Form Region"
    }
   ,"Subscription":{
      "Master":{
        "Referenced Id":"2117602213152591491"
      }
    }
   ,"Advanced":{
      "Translatable":false
    }
   ,"Template Options":{
      "Preset":[
        "t-Wizard--hideStepsXSmall"
      ]
    }
   ,"Template":{
      "Template":"\u003Cdiv class=\"t-Wizard #REGION_CSS_CLASSES#\" id=\"#REGION_STATIC_ID#\" #REGION_ATTRIBUTES#\u003E\n  \u003Cdiv class=\"t-Wizard-header\"\u003E\n    \u003Ch1 class=\"t-Wizard-title\"\u003E#TITLE#\u003C\/h1\u003E\n    \u003Cdiv class=\"u-Table t-Wizard-controls\"\u003E\n      \u003Cdiv class=\"u-Table-fit t-Wizard-buttons\"\u003E#PREVIOUS##CLOSE#\u003C\/div\u003E\n      \u003Cdiv class=\"u-Table-fill t-Wizard-steps\"\u003E\n        #BODY#\n      \u003C\/div\u003E\n      \u003Cdiv class=\"u-Table-fit t-Wizard-buttons\"\u003E#NEXT#\u003C\/div\u003E\n    \u003C\/div\u003E\n  \u003C\/div\u003E\n  \u003Cdiv class=\"t-Wizard-body\"\u003E\n    #SUB_REGIONS#\n  \u003C\/div\u003E\n\u003C\/div\u003E"
    }
   ,"Template Options":[
      {
        "id":"11382394326501798"
       ,"Identification":{
          "Name":"Small Screens (Tablet)"
         ,"Identifier":"HIDESMALLSCREENS"
         ,"Group":"Hide Steps For (11382256078501798)"
         ,"Sequence":20
        }
       ,"Settings":{
          "Advanced":false
        }
       ,"Appearance":{
          "CSS Classes":[
            "t-Wizard--hideStepsSmall"
          ]
        }
       ,"Help":{
          "Help Text":"Hides the wizard progress steps for screens that are smaller than 768px wide."
        }
      }
     ,{
        "id":"11382625788501798"
       ,"Identification":{
          "Name":"X Small Screens (Mobile)"
         ,"Identifier":"HIDEXSMALLSCREENS"
         ,"Group":"Hide Steps For (11382256078501798)"
         ,"Sequence":10
        }
       ,"Settings":{
          "Advanced":false
        }
       ,"Appearance":{
          "CSS Classes":[
            "t-Wizard--hideStepsXSmall"
          ]
        }
       ,"Help":{
          "Help Text":"Hides the wizard progress steps for screens that are smaller than 768px wide."
        }
      }
     ,{
        "id":"11382815494501798"
       ,"Identification":{
          "Name":"Show Title"
         ,"Identifier":"SHOW_TITLE"
         ,"Sequence":10
        }
       ,"Settings":{
          "Advanced":false
        }
       ,"Appearance":{
          "CSS Classes":[
            "t-Wizard--showTitle"
          ]
        }
      }
    ]
  }
]
