[
  {
    "id":"11343095441501777"
   ,"Identification":{
      "Template Type":"Region"
     ,"Name":"Alert Type"
     ,"Identifier":"ALERT_TYPE"
     ,"Sequence":3
    }
   ,"Help":{
      "Help Text":"Sets the type of alert which can be used to determine the icon, icon color, and the background color."
    }
   ,"Settings":{
      "Advanced":false
    }
  }
 ,{
    "id":"11343503033501777"
   ,"Identification":{
      "Template Type":"Region"
     ,"Name":"Alert Title"
     ,"Identifier":"ALERT_TITLE"
     ,"Sequence":40
    }
   ,"Help":{
      "Help Text":"Determines how the title of the alert is displayed."
    }
   ,"Settings":{
      "Null Text":"Visible - Default"
     ,"Advanced":false
    }
  }
 ,{
    "id":"11344087626501778"
   ,"Identification":{
      "Template Type":"Region"
     ,"Name":"Alert Icons"
     ,"Identifier":"ALERT_ICONS"
     ,"Sequence":2
    }
   ,"Help":{
      "Help Text":"Sets how icons are handled for the Alert Region."
    }
   ,"Settings":{
      "Null Text":"Default"
     ,"Advanced":false
    }
  }
 ,{
    "id":"11344541595501778"
   ,"Identification":{
      "Template Type":"Region"
     ,"Name":"Alert Display"
     ,"Identifier":"ALERT_DISPLAY"
     ,"Sequence":1
    }
   ,"Help":{
      "Help Text":"Sets the layout of the Alert Region."
    }
   ,"Settings":{
      "Advanced":false
    }
  }
 ,{
    "id":"11347889199501781"
   ,"Identification":{
      "Template Type":"Region"
     ,"Name":"Timer"
     ,"Identifier":"TIMER"
     ,"Sequence":2
    }
   ,"Help":{
      "Help Text":"Sets the timer for when to automatically navigate to the next region within the Carousel Region."
    }
   ,"Settings":{
      "Null Text":"No Timer"
     ,"Advanced":false
    }
  }
 ,{
    "id":"11348688243501782"
   ,"Identification":{
      "Template Type":"Region"
     ,"Name":"Body Height"
     ,"Identifier":"BODY_HEIGHT"
     ,"Sequence":10
    }
   ,"Help":{
      "Help Text":"Sets the Region Body height. You can also specify a custom height by modifying the Region\u0027s CSS Classes and using the height helper classes \"i-hXXX\" where XXX is any increment of 10 from 100 to 800."
    }
   ,"Settings":{
      "Null Text":"Auto - Default"
     ,"Advanced":false
    }
  }
 ,{
    "id":"11349884152501783"
   ,"Identification":{
      "Template Type":"Region"
     ,"Name":"Accent"
     ,"Identifier":"ACCENT"
     ,"Sequence":30
    }
   ,"Help":{
      "Help Text":"Set the Region\u0027s accent. This accent corresponds to a Theme-Rollable color and sets the background of the Region\u0027s Header."
    }
   ,"Settings":{
      "Null Text":"Default"
     ,"Advanced":false
    }
  }
 ,{
    "id":"11351109974501783"
   ,"Identification":{
      "Template Type":"Region"
     ,"Name":"Header"
     ,"Identifier":"HEADER"
     ,"Sequence":20
    }
   ,"Help":{
      "Help Text":"Determines the display of the Region Header which also contains the Region Title."
    }
   ,"Settings":{
      "Null Text":"Visible - Default"
     ,"Advanced":false
    }
  }
 ,{
    "id":"11351527785501783"
   ,"Identification":{
      "Template Type":"Region"
     ,"Name":"Body Overflow"
     ,"Identifier":"BODY_OVERFLOW"
     ,"Sequence":1
    }
   ,"Help":{
      "Help Text":"Determines the scroll behavior when the region contents are larger than their container."
    }
   ,"Settings":{
      "Advanced":true
    }
  }
 ,{
    "id":"11352696081501784"
   ,"Identification":{
      "Template Type":"Region"
     ,"Name":"Style"
     ,"Identifier":"STYLE"
     ,"Sequence":40
    }
   ,"Help":{
      "Help Text":"Determines how the region is styled. Use the \"Remove Borders\" template option to remove the region\u0027s borders and shadows."
    }
   ,"Settings":{
      "Null Text":"Default"
     ,"Advanced":false
    }
  }
 ,{
    "id":"11353714225501784"
   ,"Identification":{
      "Template Type":"Region"
     ,"Name":"Animation"
     ,"Identifier":"ANIMATION"
     ,"Sequence":10
    }
   ,"Help":{
      "Help Text":"Sets the animation when navigating within the Carousel Region."
    }
   ,"Settings":{
      "Null Text":"Fade"
     ,"Advanced":false
    }
  }
 ,{
    "id":"11355059230501785"
   ,"Identification":{
      "Template Type":"Region"
     ,"Name":"Display Icon"
     ,"Identifier":"DISPLAY_ICON"
     ,"Sequence":50
    }
   ,"Help":{
      "Help Text":"Display the Hero Region icon."
    }
   ,"Settings":{
      "Null Text":"Yes (Default)"
     ,"Advanced":false
    }
  }
 ,{
    "id":"11355656487501785"
   ,"Identification":{
      "Template Type":"Region"
     ,"Name":"Icon Shape"
     ,"Identifier":"ICON_SHAPE"
     ,"Sequence":60
    }
   ,"Help":{
      "Help Text":"Determines the shape of the icon."
    }
   ,"Settings":{
      "Null Text":"Rounded Corners"
     ,"Advanced":false
    }
  }
 ,{
    "id":"11357665648501786"
   ,"Identification":{
      "Template Type":"Region"
     ,"Name":"Body Padding"
     ,"Identifier":"BODY_PADDING"
     ,"Sequence":1
    }
   ,"Help":{
      "Help Text":"Sets the Region Body padding for the region."
    }
   ,"Settings":{
      "Null Text":"Default"
     ,"Advanced":false
    }
  }
 ,{
    "id":"11361196230501788"
   ,"Identification":{
      "Template Type":"Region"
     ,"Name":"Default State"
     ,"Identifier":"DEFAULT_STATE"
     ,"Sequence":1
    }
   ,"Help":{
      "Help Text":"Sets the default state of the region."
    }
   ,"Settings":{
      "Advanced":false
    }
  }
 ,{
    "id":"11361667347501788"
   ,"Identification":{
      "Template Type":"Region"
     ,"Name":"Collapsible Icon Position"
     ,"Identifier":"COLLAPSIBLE_ICON_POSITION"
     ,"Sequence":1
    }
   ,"Help":{
      "Help Text":"Determines the position of the expand and collapse toggle for the region."
    }
   ,"Settings":{
      "Null Text":"Start"
     ,"Advanced":false
    }
  }
 ,{
    "id":"11362467837501788"
   ,"Identification":{
      "Template Type":"Region"
     ,"Name":"Collapsible Button Icons"
     ,"Identifier":"COLLAPSIBLE_BUTTON_ICONS"
     ,"Sequence":1
    }
   ,"Help":{
      "Help Text":"Determines which arrows to use to represent the icons for the collapse and expand button."
    }
   ,"Settings":{
      "Null Text":"Arrows"
     ,"Advanced":false
    }
  }
 ,{
    "id":"11364419792501789"
   ,"Identification":{
      "Template Type":"Region"
     ,"Name":"Region Title"
     ,"Identifier":"REGION_TITLE"
     ,"Sequence":1
    }
   ,"Help":{
      "Help Text":"Sets the source of the Title Bar region\u0027s title."
    }
   ,"Settings":{
      "Advanced":false
    }
  }
 ,{
    "id":"11365210859501790"
   ,"Identification":{
      "Template Type":"Region"
     ,"Name":"Body Style"
     ,"Identifier":"BODY_STYLE"
     ,"Sequence":20
    }
   ,"Help":{
      "Help Text":"Controls the display of the region\u0027s body container."
    }
   ,"Settings":{
      "Null Text":"Default"
     ,"Advanced":false
    }
  }
 ,{
    "id":"11366899628501790"
   ,"Identification":{
      "Template Type":"Region"
     ,"Name":"Dialog Size"
     ,"Identifier":"DIALOG_SIZE"
     ,"Sequence":1
    }
   ,"Settings":{
      "Advanced":false
    }
  }
 ,{
    "id":"11378889601501796"
   ,"Identification":{
      "Template Type":"Region"
     ,"Name":"Layout"
     ,"Identifier":"LAYOUT"
     ,"Sequence":1
    }
   ,"Settings":{
      "Null Text":"Default"
     ,"Advanced":false
    }
  }
 ,{
    "id":"11379312264501796"
   ,"Identification":{
      "Template Type":"Region"
     ,"Name":"Tab Style"
     ,"Identifier":"TAB_STYLE"
     ,"Sequence":1
    }
   ,"Settings":{
      "Null Text":"Default"
     ,"Advanced":false
    }
  }
 ,{
    "id":"11380169318501797"
   ,"Identification":{
      "Template Type":"Region"
     ,"Name":"Tabs Size"
     ,"Identifier":"TABS_SIZE"
     ,"Sequence":1
    }
   ,"Settings":{
      "Null Text":"Default"
     ,"Advanced":false
    }
  }
 ,{
    "id":"11382256078501798"
   ,"Identification":{
      "Template Type":"Region"
     ,"Name":"Hide Steps For"
     ,"Identifier":"HIDE_STEPS_FOR"
     ,"Sequence":1
    }
   ,"Settings":{
      "Advanced":false
    }
  }
 ,{
    "id":"11383240541501799"
   ,"Identification":{
      "Template Type":"Report"
     ,"Name":"Style"
     ,"Identifier":"STYLE"
     ,"Sequence":10
    }
   ,"Help":{
      "Help Text":"Determines the overall style for the component."
    }
   ,"Settings":{
      "Null Text":"Default"
     ,"Advanced":false
    }
  }
 ,{
    "id":"11383871328501800"
   ,"Identification":{
      "Template Type":"Report"
     ,"Name":"Layout"
     ,"Identifier":"LAYOUT"
     ,"Sequence":30
    }
   ,"Help":{
      "Help Text":"Determines the layout of Cards in the report."
    }
   ,"Settings":{
      "Advanced":false
    }
  }
 ,{
    "id":"11385067263501801"
   ,"Identification":{
      "Template Type":"Report"
     ,"Name":"Icon Shape"
     ,"Identifier":"ICON_SHAPE"
     ,"Sequence":60
    }
   ,"Help":{
      "Help Text":"Determines the shape of the icon."
    }
   ,"Settings":{
      "Null Text":"Circle"
     ,"Advanced":false
    }
  }
 ,{
    "id":"11385641854501801"
   ,"Identification":{
      "Template Type":"Report"
     ,"Name":"Size"
     ,"Identifier":"SIZE"
     ,"Sequence":35
    }
   ,"Settings":{
      "Null Text":"Default"
     ,"Advanced":false
    }
  }
 ,{
    "id":"11387195905501802"
   ,"Identification":{
      "Template Type":"Report"
     ,"Name":"Label Width"
     ,"Identifier":"LABEL_WIDTH"
     ,"Sequence":10
    }
   ,"Settings":{
      "Null Text":"Default"
     ,"Advanced":false
    }
  }
 ,{
    "id":"11391052055501803"
   ,"Identification":{
      "Template Type":"Report"
     ,"Name":"Badge Size"
     ,"Identifier":"BADGE_SIZE"
     ,"Sequence":10
    }
   ,"Settings":{
      "Advanced":false
    }
  }
 ,{
    "id":"11394648407501806"
   ,"Identification":{
      "Template Type":"Report"
     ,"Name":"Alternating Rows"
     ,"Identifier":"ALTERNATING_ROWS"
     ,"Sequence":10
    }
   ,"Help":{
      "Help Text":"Shades alternate rows in the report with slightly different background colors."
    }
   ,"Settings":{
      "Advanced":false
    }
  }
 ,{
    "id":"11395244848501806"
   ,"Identification":{
      "Template Type":"Report"
     ,"Name":"Row Highlighting"
     ,"Identifier":"ROW_HIGHLIGHTING"
     ,"Sequence":20
    }
   ,"Help":{
      "Help Text":"Determines whether you want the row to be highlighted on hover."
    }
   ,"Settings":{
      "Advanced":false
    }
  }
 ,{
    "id":"11395586003501806"
   ,"Identification":{
      "Template Type":"Report"
     ,"Name":"Report Border"
     ,"Identifier":"REPORT_BORDER"
     ,"Sequence":30
    }
   ,"Help":{
      "Help Text":"Controls the display of the Report\u0027s borders."
    }
   ,"Settings":{
      "Null Text":"Default"
     ,"Advanced":false
    }
  }
 ,{
    "id":"11397265157501807"
   ,"Identification":{
      "Template Type":"Report"
     ,"Name":"Comments Style"
     ,"Identifier":"COMMENTS_STYLE"
     ,"Sequence":10
    }
   ,"Help":{
      "Help Text":"Determines the style in which comments are displayed."
    }
   ,"Settings":{
      "Null Text":"Default"
     ,"Advanced":false
    }
  }
 ,{
    "id":"11398812082501808"
   ,"Identification":{
      "Template Type":"Report"
     ,"Name":"Body Text"
     ,"Identifier":"BODY_TEXT"
     ,"Sequence":40
    }
   ,"Help":{
      "Help Text":"Determines the height of the card body."
    }
   ,"Settings":{
      "Null Text":"Auto"
     ,"Advanced":false
    }
  }
 ,{
    "id":"11400632038501808"
   ,"Identification":{
      "Template Type":"Report"
     ,"Name":"Animation"
     ,"Identifier":"ANIMATION"
     ,"Sequence":70
    }
   ,"Help":{
      "Help Text":"Sets the hover and focus animation."
    }
   ,"Settings":{
      "Null Text":"Default"
     ,"Advanced":false
    }
  }
 ,{
    "id":"11401472304501809"
   ,"Identification":{
      "Template Type":"Report"
     ,"Name":"Icons"
     ,"Identifier":"ICONS"
     ,"Sequence":20
    }
   ,"Help":{
      "Help Text":"Controls how to handle icons in the report."
    }
   ,"Settings":{
      "Null Text":"No Icons"
     ,"Advanced":false
    }
  }
 ,{
    "id":"11404000220501814"
   ,"Identification":{
      "Template Type":"List"
     ,"Name":"Mobile"
     ,"Identifier":"MOBILE"
     ,"Sequence":100
    }
   ,"Help":{
      "Help Text":"Determines the display for a mobile-sized screen"
    }
   ,"Settings":{
      "Null Text":"Default"
     ,"Advanced":false
    }
  }
 ,{
    "id":"11404580450501814"
   ,"Identification":{
      "Template Type":"List"
     ,"Name":"Desktop"
     ,"Identifier":"DESKTOP"
     ,"Sequence":90
    }
   ,"Help":{
      "Help Text":"Determines the display for a desktop-sized screen"
    }
   ,"Settings":{
      "Null Text":"Default"
     ,"Advanced":false
    }
  }
 ,{
    "id":"11405594458501815"
   ,"Identification":{
      "Template Type":"List"
     ,"Name":"Label Display"
     ,"Identifier":"LABEL_DISPLAY"
     ,"Sequence":50
    }
   ,"Settings":{
      "Advanced":false
    }
  }
 ,{
    "id":"11407990718501817"
   ,"Identification":{
      "Template Type":"List"
     ,"Name":"Layout"
     ,"Identifier":"LAYOUT"
     ,"Sequence":30
    }
   ,"Settings":{
      "Null Text":"Default"
     ,"Advanced":false
    }
  }
 ,{
    "id":"11409275965501818"
   ,"Identification":{
      "Template Type":"List"
     ,"Name":"Style"
     ,"Identifier":"STYLE"
     ,"Sequence":10
    }
   ,"Settings":{
      "Null Text":"Default"
     ,"Advanced":false
    }
  }
 ,{
    "id":"11410421672501818"
   ,"Identification":{
      "Template Type":"List"
     ,"Name":"Badge Size"
     ,"Identifier":"BADGE_SIZE"
     ,"Sequence":70
    }
   ,"Settings":{
      "Advanced":false
    }
  }
 ,{
    "id":"11413052625501819"
   ,"Identification":{
      "Template Type":"List"
     ,"Name":"Icon Shape"
     ,"Identifier":"ICON_SHAPE"
     ,"Sequence":60
    }
   ,"Help":{
      "Help Text":"Determines the shape of the icon."
    }
   ,"Settings":{
      "Null Text":"Circle"
     ,"Advanced":false
    }
  }
 ,{
    "id":"11413668290501819"
   ,"Identification":{
      "Template Type":"List"
     ,"Name":"Size"
     ,"Identifier":"SIZE"
     ,"Sequence":1
    }
   ,"Settings":{
      "Null Text":"Default"
     ,"Advanced":false
    }
  }
 ,{
    "id":"11417402442501822"
   ,"Identification":{
      "Template Type":"List"
     ,"Name":"Body Text"
     ,"Identifier":"BODY_TEXT"
     ,"Sequence":40
    }
   ,"Help":{
      "Help Text":"Determines the height of the card body."
    }
   ,"Settings":{
      "Null Text":"Auto"
     ,"Advanced":false
    }
  }
 ,{
    "id":"11419387355501823"
   ,"Identification":{
      "Template Type":"List"
     ,"Name":"Animation"
     ,"Identifier":"ANIMATION"
     ,"Sequence":80
    }
   ,"Help":{
      "Help Text":"Sets the hover and focus animation."
    }
   ,"Settings":{
      "Null Text":"Default"
     ,"Advanced":false
    }
  }
 ,{
    "id":"11420051655501824"
   ,"Identification":{
      "Template Type":"List"
     ,"Name":"Icons"
     ,"Identifier":"ICONS"
     ,"Sequence":20
    }
   ,"Settings":{
      "Null Text":"No Icons"
     ,"Advanced":false
    }
  }
 ,{
    "id":"11425441470501826"
   ,"Identification":{
      "Template Type":"List"
     ,"Name":"Display Icons"
     ,"Identifier":"DISPLAY_ICONS"
     ,"Sequence":30
    }
   ,"Settings":{
      "Null Text":"No Icons"
     ,"Advanced":false
    }
  }
 ,{
    "id":"11426858884501830"
   ,"Identification":{
      "Template Type":"Button"
     ,"Name":"Icon Hover Animation"
     ,"Identifier":"ICON_HOVER_ANIMATION"
     ,"Sequence":55
    }
   ,"Settings":{
      "Null Text":"Default"
     ,"Advanced":false
    }
  }
 ,{
    "id":"11427861122501831"
   ,"Identification":{
      "Template Type":"Button"
     ,"Name":"Icon Position"
     ,"Identifier":"ICON_POSITION"
     ,"Sequence":50
    }
   ,"Help":{
      "Help Text":"Sets the position of the icon relative to the label."
    }
   ,"Settings":{
      "Advanced":false
    }
  }
 ,{
    "id":"11430298482501845"
   ,"Identification":{
      "Template Type":"Item"
     ,"Name":"Bottom Margin"
     ,"Identifier":"BOTTOM_MARGIN"
     ,"Sequence":220
    }
   ,"Help":{
      "Help Text":"Set the bottom margin for this field."
    }
   ,"Settings":{
      "Null Text":"Default"
     ,"Advanced":true
    }
  }
 ,{
    "id":"11430698652501845"
   ,"Identification":{
      "Template Type":"Region"
     ,"Name":"Bottom Margin"
     ,"Identifier":"REGION_BOTTOM_MARGIN"
     ,"Sequence":210
    }
   ,"Help":{
      "Help Text":"Set the bottom margin for this region."
    }
   ,"Settings":{
      "Null Text":"Default"
     ,"Advanced":true
    }
  }
 ,{
    "id":"11432286754501846"
   ,"Identification":{
      "Template Type":"Item"
     ,"Name":"Left Margin"
     ,"Identifier":"LEFT_MARGIN"
     ,"Sequence":220
    }
   ,"Help":{
      "Help Text":"Set the left margin for this field."
    }
   ,"Settings":{
      "Null Text":"Default"
     ,"Advanced":true
    }
  }
 ,{
    "id":"11432728528501846"
   ,"Identification":{
      "Template Type":"Region"
     ,"Name":"Left Margin"
     ,"Identifier":"REGION_LEFT_MARGIN"
     ,"Sequence":220
    }
   ,"Help":{
      "Help Text":"Set the left margin for this region."
    }
   ,"Settings":{
      "Null Text":"Default"
     ,"Advanced":true
    }
  }
 ,{
    "id":"11434335615501847"
   ,"Identification":{
      "Template Type":"Item"
     ,"Name":"Right Margin"
     ,"Identifier":"RIGHT_MARGIN"
     ,"Sequence":230
    }
   ,"Help":{
      "Help Text":"Set the right margin for this field."
    }
   ,"Settings":{
      "Null Text":"Default"
     ,"Advanced":true
    }
  }
 ,{
    "id":"11434704904501847"
   ,"Identification":{
      "Template Type":"Region"
     ,"Name":"Right Margin"
     ,"Identifier":"REGION_RIGHT_MARGIN"
     ,"Sequence":230
    }
   ,"Help":{
      "Help Text":"Set the right margin for this region."
    }
   ,"Settings":{
      "Null Text":"Default"
     ,"Advanced":true
    }
  }
 ,{
    "id":"11436353480501848"
   ,"Identification":{
      "Template Type":"Item"
     ,"Name":"Top Margin"
     ,"Identifier":"TOP_MARGIN"
     ,"Sequence":200
    }
   ,"Help":{
      "Help Text":"Set the top margin for this field."
    }
   ,"Settings":{
      "Null Text":"Default"
     ,"Advanced":true
    }
  }
 ,{
    "id":"11436746843501848"
   ,"Identification":{
      "Template Type":"Region"
     ,"Name":"Top Margin"
     ,"Identifier":"REGION_TOP_MARGIN"
     ,"Sequence":200
    }
   ,"Help":{
      "Help Text":"Set the top margin for this region."
    }
   ,"Settings":{
      "Null Text":"Default"
     ,"Advanced":true
    }
  }
 ,{
    "id":"11438354660501849"
   ,"Identification":{
      "Template Type":"Button"
     ,"Name":"Type"
     ,"Identifier":"TYPE"
     ,"Sequence":20
    }
   ,"Settings":{
      "Null Text":"Normal"
     ,"Advanced":false
    }
  }
 ,{
    "id":"11438695618501849"
   ,"Identification":{
      "Template Type":"Button"
     ,"Name":"Spacing Bottom"
     ,"Identifier":"SPACING_BOTTOM"
     ,"Sequence":100
    }
   ,"Help":{
      "Help Text":"Controls the spacing to the bottom of the button."
    }
   ,"Settings":{
      "Null Text":"Default"
     ,"Advanced":true
    }
  }
 ,{
    "id":"11439112729501849"
   ,"Identification":{
      "Template Type":"Button"
     ,"Name":"Spacing Left"
     ,"Identifier":"SPACING_LEFT"
     ,"Sequence":70
    }
   ,"Help":{
      "Help Text":"Controls the spacing to the left of the button."
    }
   ,"Settings":{
      "Null Text":"Default"
     ,"Advanced":true
    }
  }
 ,{
    "id":"11439556750501849"
   ,"Identification":{
      "Template Type":"Button"
     ,"Name":"Spacing Right"
     ,"Identifier":"SPACING_RIGHT"
     ,"Sequence":80
    }
   ,"Help":{
      "Help Text":"Controls the spacing to the right of the button."
    }
   ,"Settings":{
      "Null Text":"Default"
     ,"Advanced":true
    }
  }
 ,{
    "id":"11439879279501849"
   ,"Identification":{
      "Template Type":"Button"
     ,"Name":"Spacing Top"
     ,"Identifier":"SPACING_TOP"
     ,"Sequence":90
    }
   ,"Help":{
      "Help Text":"Controls the spacing to the top of the button."
    }
   ,"Settings":{
      "Null Text":"Default"
     ,"Advanced":true
    }
  }
 ,{
    "id":"11440326692501849"
   ,"Identification":{
      "Template Type":"Button"
     ,"Name":"Size"
     ,"Identifier":"SIZE"
     ,"Sequence":10
    }
   ,"Help":{
      "Help Text":"Sets the size of the button."
    }
   ,"Settings":{
      "Null Text":"Default"
     ,"Advanced":false
    }
  }
 ,{
    "id":"11440772411501850"
   ,"Identification":{
      "Template Type":"Button"
     ,"Name":"Style"
     ,"Identifier":"STYLE"
     ,"Sequence":30
    }
   ,"Help":{
      "Help Text":"Sets the style of the button. Use the \"Simple\" option for secondary actions or sets of buttons. Use the \"Remove UI Decoration\" option to make the button appear as text."
    }
   ,"Settings":{
      "Null Text":"Default"
     ,"Advanced":false
    }
  }
 ,{
    "id":"11442110008501850"
   ,"Identification":{
      "Template Type":"Button"
     ,"Name":"Button Set"
     ,"Identifier":"BUTTON_SET"
     ,"Sequence":40
    }
   ,"Help":{
      "Help Text":"Enables you to group many buttons together into a pill. You can use this option to specify where the button is within this set. Set the option to Default if this button is not part of a button set."
    }
   ,"Settings":{
      "Null Text":"Default"
     ,"Advanced":true
    }
  }
 ,{
    "id":"11443488422501851"
   ,"Identification":{
      "Template Type":"Button"
     ,"Name":"Width"
     ,"Identifier":"WIDTH"
     ,"Sequence":60
    }
   ,"Help":{
      "Help Text":"Sets the width of the button."
    }
   ,"Settings":{
      "Null Text":"Auto - Default"
     ,"Advanced":true
    }
  }
 ,{
    "id":"11444551878501852"
   ,"Identification":{
      "Template Type":"Region"
     ,"Name":"Label Position"
     ,"Identifier":"LABEL_POSITION"
     ,"Sequence":140
    }
   ,"Help":{
      "Help Text":"Sets the position of the label relative to the form item."
    }
   ,"Settings":{
      "Null Text":"Inline - Default"
     ,"Advanced":true
    }
  }
 ,{
    "id":"11444894359501853"
   ,"Identification":{
      "Template Type":"Region"
     ,"Name":"Item Size"
     ,"Identifier":"ITEM_SIZE"
     ,"Sequence":110
    }
   ,"Help":{
      "Help Text":"Sets the size of the form items within this region."
    }
   ,"Settings":{
      "Null Text":"Default"
     ,"Advanced":true
    }
  }
 ,{
    "id":"11445374160501853"
   ,"Identification":{
      "Template Type":"Region"
     ,"Name":"Label Alignment"
     ,"Identifier":"LABEL_ALIGNMENT"
     ,"Sequence":130
    }
   ,"Help":{
      "Help Text":"Set the label text alignment for items within this region."
    }
   ,"Settings":{
      "Null Text":"Right"
     ,"Advanced":true
    }
  }
 ,{
    "id":"11445722881501853"
   ,"Identification":{
      "Template Type":"Region"
     ,"Name":"Item Padding"
     ,"Identifier":"ITEM_PADDING"
     ,"Sequence":100
    }
   ,"Help":{
      "Help Text":"Sets the padding around items within this region."
    }
   ,"Settings":{
      "Null Text":"Default"
     ,"Advanced":true
    }
  }
 ,{
    "id":"11446332446501854"
   ,"Identification":{
      "Template Type":"Region"
     ,"Name":"Item Width"
     ,"Identifier":"ITEM_WIDTH"
     ,"Sequence":120
    }
   ,"Help":{
      "Help Text":"Sets the width of the form items within this region."
    }
   ,"Settings":{
      "Null Text":"Default"
     ,"Advanced":true
    }
  }
 ,{
    "id":"11446935647501854"
   ,"Identification":{
      "Template Type":"Item"
     ,"Name":"Size"
     ,"Identifier":"SIZE"
     ,"Sequence":10
    }
   ,"Settings":{
      "Null Text":"Default"
     ,"Advanced":false
    }
  }
 ,{
    "id":"11447367892501854"
   ,"Identification":{
      "Template Type":"Item"
     ,"Name":"Item Post Text"
     ,"Identifier":"ITEM_POST_TEXT"
     ,"Sequence":30
    }
   ,"Help":{
      "Help Text":"Adjust the display of the Item Post Text"
    }
   ,"Settings":{
      "Null Text":"Default"
     ,"Advanced":true
    }
  }
 ,{
    "id":"11447759380501854"
   ,"Identification":{
      "Template Type":"Item"
     ,"Name":"Item Pre Text"
     ,"Identifier":"ITEM_PRE_TEXT"
     ,"Sequence":20
    }
   ,"Help":{
      "Help Text":"Adjust the display of the Item Pre Text"
    }
   ,"Settings":{
      "Null Text":"Default"
     ,"Advanced":true
    }
  }
 ,{
    "id":"11448132455501854"
   ,"Identification":{
      "Template Type":"Item"
     ,"Name":"Item Group Display"
     ,"Identifier":"RADIO_GROUP_DISPLAY"
     ,"Sequence":300
    }
   ,"Help":{
      "Help Text":"Determines the display style for radio and check box items."
    }
   ,"Settings":{
      "Null Text":"Default"
     ,"Advanced":true
    }
  }
 ,{
    "id":"11448925327501855"
   ,"Identification":{
      "Template Type":"Report"
     ,"Name":"Pagination Display"
     ,"Identifier":"PAGINATION_DISPLAY"
     ,"Sequence":10
    }
   ,"Help":{
      "Help Text":"Controls the display of pagination for this region."
    }
   ,"Settings":{
      "Null Text":"Default"
     ,"Advanced":true
    }
  }
]
