{
  "id":"42"
 ,"Identification":{
    "Theme Number":42
   ,"Name":"Universal Theme"
   ,"Identifier":"UNIVERSAL_THEME"
  }
 ,"Navigation":{
    "Type":"List"
   ,"Navigation Bar Type":"List"
  }
 ,"JavaScript":{
    "File URLs":[
      "#IMAGE_PREFIX#libraries\/apex\/#MIN_DIRECTORY#widget.stickyWidget#MIN#.js?v=#APEX_VERSION#"
     ,"#THEME_IMAGES#js\/theme42#MIN#.js?v=#APEX_VERSION#"
    ]
  }
 ,"CSS":{
    "File URLs":[
      "#THEME_IMAGES#css\/Core#MIN#.css?v=#APEX_VERSION#"
    ]
  }
 ,"Component Defaults":{
    "Page":"Standard (11339797020501766)"
   ,"Navigation Bar List":"Navigation Bar (11416688382501821)"
   ,"Navigation Menu List Position":"Side"
   ,"Navigation Menu List (Top)":"Top Navigation Menu (11415728502501821)"
   ,"Navigation Menu List (Side)":"Side Navigation Menu (11414761255501820)"
   ,"Login Page":"Login (11326372024501753)"
   ,"Error Page":"Login (11326372024501753)"
   ,"Printer Friendly Page":"Standard (11339797020501766)"
   ,"Breadcrumb":"11428688633501831"
   ,"Button":"Text (11427348859501830)"
   ,"Legacy Calendar":"Calendar (11428827181501833)"
   ,"Default Label":"Optional - Floating (11426260554501828)"
   ,"Optional Label":"Optional - Floating (11426260554501828)"
   ,"Required Label":"Required - Floating (11426491132501829)"
   ,"List":"Links List (11424292704501826)"
   ,"Region":"Standard (11371245017501793)"
   ,"Classic Report":"Standard (11394305043501805)"
  }
 ,"Region Defaults":{
    "Breadcrumbs":"Title Bar (11380653829501797)"
   ,"Charts":"Standard (11371245017501793)"
   ,"Forms":"Standard (11371245017501793)"
   ,"Lists":"Standard (11371245017501793)"
   ,"Reports":"Standard (11371245017501793)"
   ,"Wizards":"Standard (11371245017501793)"
   ,"Interactive Reports":"Interactive Report (11370148915501792)"
  }
 ,"Dialog Defaults":{
    "Dialog Content Region":"Blank with Attributes (11346055432501779)"
   ,"Dialog Button Region":"Buttons Container (11356543456501786)"
   ,"Dialog Page":"Modal Dialog (11324829054501752)"
  }
 ,"Icons":{
    "Library":"Font APEX"
  }
 ,"Files":{
    "File Prefix":"#IMAGE_PREFIX#themes\/theme_42\/1.3\/"
  }
 ,"Styles":[
    {
      "id":"11429155822501837"
     ,"Identification":{
        "Name":"Vista"
      }
     ,"Settings":{
        "Is Current":false
       ,"Is Public":true
       ,"Accessibility Tested":false
      }
     ,"CSS":{
        "File URLs":[
          "#THEME_IMAGES#css\/Vista#MIN#.css?v=#APEX_VERSION#"
        ]
      }
     ,"Theme Roller Attributes":{
        "Read Only":true
      }
    }
   ,{
      "id":"11429280028501837"
     ,"Identification":{
        "Name":"Vita"
      }
     ,"Settings":{
        "Is Current":false
       ,"Is Public":true
       ,"Accessibility Tested":true
      }
     ,"Theme Roller Attributes":{
        "Read Only":true
       ,"Input Parameter File URLs":"#THEME_IMAGES#less\/theme\/Vita.less"
       ,"Output CSS File URL":"#THEME_IMAGES#css\/Vita#MIN#.css?v=#APEX_VERSION#"
      }
    }
   ,{
      "id":"11429534447501837"
     ,"Identification":{
        "Name":"Vita - Dark"
      }
     ,"Settings":{
        "Is Current":false
       ,"Is Public":true
       ,"Accessibility Tested":false
      }
     ,"Theme Roller Attributes":{
        "Read Only":true
       ,"Input Parameter File URLs":"#THEME_IMAGES#less\/theme\/Vita-Dark.less"
       ,"Output CSS File URL":"#THEME_IMAGES#css\/Vita-Dark#MIN#.css?v=#APEX_VERSION#"
      }
    }
   ,{
      "id":"11429688030501837"
     ,"Identification":{
        "Name":"Vita - Red"
      }
     ,"Settings":{
        "Is Current":false
       ,"Is Public":true
       ,"Accessibility Tested":false
      }
     ,"Theme Roller Attributes":{
        "Read Only":true
       ,"Input Parameter File URLs":"#THEME_IMAGES#less\/theme\/Vita-Red.less"
       ,"Output CSS File URL":"#THEME_IMAGES#css\/Vita-Red#MIN#.css?v=#APEX_VERSION#"
      }
    }
   ,{
      "id":"11429900292501837"
     ,"Identification":{
        "Name":"Vita - Slate"
      }
     ,"Settings":{
        "Is Current":false
       ,"Is Public":true
       ,"Accessibility Tested":false
      }
     ,"Theme Roller Attributes":{
        "Read Only":true
       ,"Input Parameter File URLs":"#THEME_IMAGES#less\/theme\/Vita-Slate.less"
       ,"Output CSS File URL":"#THEME_IMAGES#css\/Vita-Slate#MIN#.css?v=#APEX_VERSION#"
      }
    }
   ,{
      "id":"11833252801224612"
     ,"Identification":{
        "Name":"Vita - Dark (copy_1)"
      }
     ,"Settings":{
        "Is Current":false
       ,"Is Public":true
       ,"Accessibility Tested":false
      }
     ,"Theme Roller Attributes":{
        "Read Only":false
       ,"Input Parameter File URLs":"#THEME_IMAGES#less\/theme\/Vita-Dark.less"
       ,"Output CSS File URL":"#THEME_DB_FILES#11833252801224612.css"
       ,"JSON Configuration":"{\"classes\":[],\"vars\":{\"@g_Container-BorderRadius\":\"20px\",\"@g_Header-BG\":\"#dbcccc\",\"@g_Header-FG\":\"#404040\",\"@g_Button-BorderRadius\":\"4px\",\"@l_Button-Hot-BG\":\"#323336\",\"@l_Button-Hot-Text\":\"#ffffff\"},\"customCSS\":\"\",\"useCustomLess\":\"N\"}"
      }
    }
   ,{
      "id":"13416884963366439"
     ,"Identification":{
        "Name":"Vita - Slate (copy_1)"
      }
     ,"Settings":{
        "Is Current":true
       ,"Is Public":true
       ,"Accessibility Tested":false
      }
     ,"Theme Roller Attributes":{
        "Read Only":false
       ,"Input Parameter File URLs":"#THEME_IMAGES#less\/theme\/Vita-Slate.less"
       ,"Output CSS File URL":"#THEME_DB_FILES#13416884963366439.css"
       ,"JSON Configuration":"{\"classes\":[],\"vars\":{},\"customCSS\":\".imagen-centrada img {\u005Cn    display: block;\u005Cn    margin-left: auto;\u005Cn    margin-right: auto;\u005Cn}\u005Cn\",\"useCustomLess\":\"N\"}"
      }
    }
  ]
 ,"Files":[
    {
      "id":"11833654042224618"
     ,"Identification":{
        "File Name":"11833252801224612.css"
      }
     ,"Attributes":{
        "Mime Type":"text\/css"
       ,"File Character Set":"Unicode UTF-8"
      }
    }
   ,{
      "id":"13417291076366448"
     ,"Identification":{
        "File Name":"13416884963366439.css"
      }
     ,"Attributes":{
        "Mime Type":"text\/css"
       ,"File Character Set":"Unicode UTF-8"
      }
    }
  ]
}
