[
  {
    "id":"8240339909545236"
   ,"Identification":{
      "File Name":"Lucia"
    }
   ,"Attributes":{
      "Mime Type":"application\/octet-stream"
     ,"File Character Set":"Unicode UTF-8"
    }
  }
 ,{
    "id":"8255706933845089"
   ,"Identification":{
      "File Name":"Alex.jpg"
    }
   ,"Attributes":{
      "Mime Type":"image\/jpeg"
     ,"File Character Set":"Unicode UTF-8"
    }
  }
 ,{
    "id":"8264280033106657"
   ,"Identification":{
      "File Name":"PDP"
    }
   ,"Attributes":{
      "Mime Type":"application\/octet-stream"
     ,"File Character Set":"Unicode UTF-8"
    }
  }
 ,{
    "id":"11450814333501869"
   ,"Identification":{
      "File Name":"app-icon.svg"
    }
   ,"Attributes":{
      "Mime Type":"image\/svg+xml"
     ,"File Character Set":"Unicode UTF-8"
    }
  }
 ,{
    "id":"11451095927501871"
   ,"Identification":{
      "File Name":"app-icon.css"
    }
   ,"Attributes":{
      "Mime Type":"text\/css"
     ,"File Character Set":"Unicode UTF-8"
    }
  }
 ,{
    "id":"13038584143413601"
   ,"Identification":{
      "File Name":"risk.jpg"
    }
   ,"Attributes":{
      "Mime Type":"image\/jpeg"
     ,"File Character Set":"Unicode UTF-8"
    }
  }
]
