[
  {
    "id":"11319064283310028"
   ,"Identification":{
      "Name":"COD_EMPRESA"
     ,"Scope":"Application"
    }
   ,"Security":{
      "Session State Protection":"Restricted - May not be set from browser"
     ,"Escape special characters":true
    }
   ,"Subscription":{
      "Version Number":2791711147
    }
  }
 ,{
    "id":"13065869118906078"
   ,"Identification":{
      "Name":"RISK"
     ,"Scope":"Application"
    }
   ,"Security":{
      "Session State Protection":"Restricted - May not be set from browser"
     ,"Escape special characters":true
    }
   ,"Subscription":{
      "Version Number":2983326452
    }
  }
 ,{
    "id":"13750310054468138"
   ,"Identification":{
      "Name":"CAT_ID"
     ,"Scope":"Application"
    }
   ,"Security":{
      "Session State Protection":"Restricted - May not be set from browser"
     ,"Escape special characters":true
    }
   ,"Subscription":{
      "Version Number":3193632868
    }
  }
]
