[
  {
    "id":"11320946023501739"
   ,"Identification":{
      "Name":"Breadcrumb"
    }
   ,"Entries":[
      {
        "id":"9402707930445817"
       ,"Identification":{
          "Name":"Dashboard"
         ,"Page Number":"3"
        }
       ,"Execution":{
          "Sequence":10
        }
       ,"Link":{
          "Target":{
            "url":"f?p=\u0026APP_ID.:3:\u0026APP_SESSION.::\u0026DEBUG.:::"
           ,"Page":"3"
          }
        }
      }
     ,{
        "id":"10556060418318164"
       ,"Identification":{
          "Name":"Respuestas"
         ,"Page Number":"7"
        }
       ,"Execution":{
          "Sequence":10
        }
       ,"Link":{
          "Target":{
            "url":"f?p=\u0026APP_ID.:7:\u0026APP_SESSION.::\u0026DEBUG.:::"
           ,"Page":"7"
          }
        }
      }
     ,{
        "id":"11047990364319259"
       ,"Identification":{
          "Name":"Dashboard General"
         ,"Page Number":"17"
        }
       ,"Execution":{
          "Sequence":10
        }
       ,"Link":{
          "Target":{
            "url":"f?p=\u0026APP_ID.:17:\u0026APP_SESSION.::\u0026DEBUG.:::"
           ,"Page":"17"
          }
        }
      }
     ,{
        "id":"11071778918376895"
       ,"Identification":{
          "Name":"Dashboard Gesti\u00F3n de Riesgos"
         ,"Page Number":"19"
        }
       ,"Execution":{
          "Sequence":10
        }
       ,"Link":{
          "Target":{
            "url":"f?p=\u0026APP_ID.:19:\u0026APP_SESSION.::\u0026DEBUG.:::"
           ,"Page":"19"
          }
        }
      }
     ,{
        "id":"11698166138754108"
       ,"Identification":{
          "Name":"Categorias"
         ,"Page Number":"12"
        }
       ,"Execution":{
          "Sequence":10
        }
       ,"Link":{
          "Target":{
            "url":"f?p=\u0026APP_ID.:12:\u0026APP_SESSION.::\u0026DEBUG.:::"
           ,"Page":"12"
          }
        }
      }
     ,{
        "id":"11998203486488041"
       ,"Identification":{
          "Name":"Prueba"
         ,"Page Number":"27"
        }
       ,"Execution":{
          "Sequence":10
        }
       ,"Link":{
          "Target":{
            "url":"f?p=\u0026APP_ID.:27:\u0026APP_SESSION.::\u0026DEBUG.:::"
           ,"Page":"27"
          }
        }
      }
     ,{
        "id":"12021689039628727"
       ,"Identification":{
          "Name":"Principios de Protecci\u00F3n de Datos"
         ,"Page Number":"2"
        }
       ,"Execution":{
          "Sequence":10
        }
       ,"Link":{
          "Target":{
            "url":"f?p=\u0026APP_ID.:2:\u0026APP_SESSION.::\u0026DEBUG.:::"
           ,"Page":"2"
          }
        }
      }
     ,{
        "id":"12070548693649975"
       ,"Identification":{
          "Name":"Autorizacion y Consentimiento"
         ,"Page Number":"8"
        }
       ,"Execution":{
          "Sequence":10
        }
       ,"Link":{
          "Target":{
            "url":"f?p=\u0026APP_ID.:8:\u0026APP_SESSION.::\u0026DEBUG.:::"
           ,"Page":"8"
          }
        }
      }
     ,{
        "id":"12118327569655252"
       ,"Identification":{
          "Name":"Derechos de los Titulares"
         ,"Page Number":"28"
        }
       ,"Execution":{
          "Sequence":10
        }
       ,"Link":{
          "Target":{
            "url":"f?p=\u0026APP_ID.:28:\u0026APP_SESSION.::\u0026DEBUG.:::"
           ,"Page":"28"
          }
        }
      }
     ,{
        "id":"12213870808668202"
       ,"Identification":{
          "Name":"Historia Clinica"
         ,"Page Number":"9"
        }
       ,"Execution":{
          "Sequence":10
        }
       ,"Link":{
          "Target":{
            "url":"f?p=\u0026APP_ID.:9:\u0026APP_SESSION.::\u0026DEBUG.:::"
           ,"Page":"9"
          }
        }
      }
     ,{
        "id":"12328847892700261"
       ,"Identification":{
          "Name":"Seguridad de nformaci\u00F3n"
         ,"Page Number":"32"
        }
       ,"Execution":{
          "Sequence":10
        }
       ,"Link":{
          "Target":{
            "url":"f?p=\u0026APP_ID.:32:\u0026APP_SESSION.::\u0026DEBUG.:::"
           ,"Page":"32"
          }
        }
      }
     ,{
        "id":"12381477410757900"
       ,"Identification":{
          "Name":"Tratamiento de Datos"
         ,"Page Number":"33"
        }
       ,"Execution":{
          "Sequence":10
        }
       ,"Link":{
          "Target":{
            "url":"f?p=\u0026APP_ID.:33:\u0026APP_SESSION.::\u0026DEBUG.:::"
           ,"Page":"33"
          }
        }
      }
     ,{
        "id":"12776000427138950"
       ,"Identification":{
          "Name":"Resultados Principios de la Protecci\u00F3n de Datos"
         ,"Page Number":"39"
        }
       ,"Execution":{
          "Sequence":10
        }
       ,"Link":{
          "Target":{
            "url":"f?p=\u0026APP_ID.:39:\u0026APP_SESSION.::\u0026DEBUG.:::"
           ,"Page":"39"
          }
        }
      }
     ,{
        "id":"12776905898144623"
       ,"Identification":{
          "Name":"Resultados Autorizaci\u00F3n y Transferencia"
         ,"Page Number":"11"
        }
       ,"Execution":{
          "Sequence":10
        }
       ,"Link":{
          "Target":{
            "url":"f?p=\u0026APP_ID.:11:\u0026APP_SESSION.::\u0026DEBUG.:::"
           ,"Page":"11"
          }
        }
      }
     ,{
        "id":"12778761628153680"
       ,"Identification":{
          "Name":"Resultados Seguridad de la Informaci\u00F3n"
         ,"Page Number":"22"
        }
       ,"Execution":{
          "Sequence":10
        }
       ,"Link":{
          "Target":{
            "url":"f?p=\u0026APP_ID.:22:\u0026APP_SESSION.::\u0026DEBUG.:::"
           ,"Page":"22"
          }
        }
      }
     ,{
        "id":"12779661732159593"
       ,"Identification":{
          "Name":"Resultados Tratamiento de Datos"
         ,"Page Number":"24"
        }
       ,"Execution":{
          "Sequence":10
        }
       ,"Link":{
          "Target":{
            "url":"f?p=\u0026APP_ID.:24:\u0026APP_SESSION.::\u0026DEBUG.:::"
           ,"Page":"24"
          }
        }
      }
     ,{
        "id":"12780520050164186"
       ,"Identification":{
          "Name":"Historia Clinica"
         ,"Page Number":"26"
        }
       ,"Execution":{
          "Sequence":10
        }
       ,"Link":{
          "Target":{
            "url":"f?p=\u0026APP_ID.:26:\u0026APP_SESSION.::\u0026DEBUG.:::"
           ,"Page":"26"
          }
        }
      }
     ,{
        "id":"12790934969177677"
       ,"Identification":{
          "Name":"An\u00E1lisis de Riesgos"
         ,"Page Number":"31"
        }
       ,"Execution":{
          "Sequence":10
        }
       ,"Link":{
          "Target":{
            "url":"f?p=\u0026APP_ID.:31:\u0026APP_SESSION.::\u0026DEBUG.:::"
           ,"Page":"31"
          }
        }
      }
     ,{
        "id":"12872222894250998"
       ,"Identification":{
          "Name":"Resultados An\u00E1lisis de Riesgos"
         ,"Page Number":"29"
        }
       ,"Execution":{
          "Sequence":10
        }
       ,"Link":{
          "Target":{
            "url":"f?p=\u0026APP_ID.:29:\u0026APP_SESSION.::\u0026DEBUG.:::"
           ,"Page":"29"
          }
        }
      }
     ,{
        "id":"12873964074285588"
       ,"Identification":{
          "Name":"Resultados Derechos de los Titulares"
         ,"Page Number":"40"
        }
       ,"Execution":{
          "Sequence":10
        }
       ,"Link":{
          "Target":{
            "url":"f?p=\u0026APP_ID.:40:\u0026APP_SESSION.::\u0026DEBUG.:::"
           ,"Page":"40"
          }
        }
      }
     ,{
        "id":"12924469796815994"
       ,"Identification":{
          "Name":"Resultados Historia Clinica"
         ,"Page Number":"30"
        }
       ,"Execution":{
          "Sequence":10
        }
       ,"Link":{
          "Target":{
            "url":"f?p=\u0026APP_ID.:30:\u0026APP_SESSION.::\u0026DEBUG.:::"
           ,"Page":"30"
          }
        }
      }
     ,{
        "id":"12941751114995705"
       ,"Identification":{
          "Name":"Metodolog\u00EDas Sugeridas"
         ,"Page Number":"35"
        }
       ,"Execution":{
          "Sequence":10
        }
       ,"Link":{
          "Target":{
            "url":"f?p=\u0026APP_ID.:35:\u0026APP_SESSION.::\u0026DEBUG.:::"
           ,"Page":"35"
          }
        }
      }
    ]
  }
]
