[
  {
    "id":"7930337071796264"
   ,"Identification":{
      "Name":"Feature: Theme Style Selection"
    }
   ,"Status":{
      "Status":"Include"
     ,"Default on Export":"Same as Current Status"
     ,"On Upgrade Keep Status":false
    }
   ,"Comments":{
      "Comments":"Allow administrators to select a default color scheme (theme style) for the application. Administrators can also choose to allow end users to choose their own theme style. "
    }
   ,"Subscription":{
      "Version Number":1864642330
    }
  }
 ,{
    "id":"7939203697806545"
   ,"Identification":{
      "Name":"Feature: Activity Reporting"
    }
   ,"Status":{
      "Status":"Include"
     ,"Default on Export":"Same as Current Status"
     ,"On Upgrade Keep Status":false
    }
   ,"Comments":{
      "Comments":"Include numerous reports and charts on end user activity."
    }
   ,"Subscription":{
      "Version Number":1864667049
    }
  }
]
