[
  {
    "id":"7937477556796282"
   ,"Identification":{
      "Name":"User Interface"
    }
   ,"Source":{
      "Type":"Static Values"
    }
   ,"Configuration":{
      "Build Option":"Feature: Theme Style Selection (7930337071796264)"
    }
   ,"Entries":[
      {
        "id":"7937881498796282"
       ,"Label":{
          "Label":"Theme Style Selection"
        }
       ,"Icon":{
          "Image\/Icon CSS Classes":"fa-paint-brush"
        }
       ,"Layout":{
          "Sequence":10
        }
       ,"Is Current":{
          "Type":"Target Page"
        }
       ,"Link":{
          "Target":{
            "url":"f?p=\u0026APP_ID.:10010:\u0026APP_SESSION.::\u0026DEBUG.:10010::"
           ,"Page":"10010"
           ,"Clear Cache":"10010"
          }
        }
       ,"Click Counting":{
          "Count Clicks":false
        }
       ,"User Defined Attributes":{
          "Translatable":false
         ,"1.":"Set the default application look and feel"
        }
      }
    ]
  }
 ,{
    "id":"8021785733807129"
   ,"Identification":{
      "Name":"Activity Reports"
    }
   ,"Source":{
      "Type":"Static Values"
    }
   ,"Configuration":{
      "Build Option":"Feature: Activity Reporting (7939203697806545)"
    }
   ,"Entries":[
      {
        "id":"8022168103807130"
       ,"Label":{
          "Label":"Dashboard"
        }
       ,"Icon":{
          "Image\/Icon CSS Classes":"fa-area-chart"
        }
       ,"Layout":{
          "Sequence":10
        }
       ,"Is Current":{
          "Type":"Target Page"
        }
       ,"Link":{
          "Target":{
            "url":"f?p=\u0026APP_ID.:10020:\u0026APP_SESSION.::\u0026DEBUG.:10020::"
           ,"Page":"10020"
           ,"Clear Cache":"10020"
          }
        }
       ,"Click Counting":{
          "Count Clicks":false
        }
       ,"User Defined Attributes":{
          "Translatable":false
         ,"1.":"View application activity metrics"
        }
      }
     ,{
        "id":"8022553145807130"
       ,"Label":{
          "Label":"Top Users"
        }
       ,"Icon":{
          "Image\/Icon CSS Classes":"fa-user-chart"
        }
       ,"Layout":{
          "Sequence":20
        }
       ,"Is Current":{
          "Type":"Target Page"
        }
       ,"Link":{
          "Target":{
            "url":"f?p=\u0026APP_ID.:10021:\u0026APP_SESSION.::\u0026DEBUG.:10021::"
           ,"Page":"10021"
           ,"Clear Cache":"10021"
          }
        }
       ,"Click Counting":{
          "Count Clicks":false
        }
       ,"User Defined Attributes":{
          "Translatable":false
         ,"1.":"Report of page views aggregated by user"
        }
      }
     ,{
        "id":"8022945688807130"
       ,"Label":{
          "Label":"Application Error Log"
        }
       ,"Icon":{
          "Image\/Icon CSS Classes":"fa-exclamation"
        }
       ,"Layout":{
          "Sequence":30
        }
       ,"Is Current":{
          "Type":"Target Page"
        }
       ,"Link":{
          "Target":{
            "url":"f?p=\u0026APP_ID.:10022:\u0026APP_SESSION.::\u0026DEBUG.:10022::"
           ,"Page":"10022"
           ,"Clear Cache":"10022"
          }
        }
       ,"Click Counting":{
          "Count Clicks":false
        }
       ,"User Defined Attributes":{
          "Translatable":false
         ,"1.":"Report of errors logged by this application"
        }
      }
     ,{
        "id":"8023395157807130"
       ,"Label":{
          "Label":"Page Performance"
        }
       ,"Icon":{
          "Image\/Icon CSS Classes":"fa-file-chart"
        }
       ,"Layout":{
          "Sequence":40
        }
       ,"Is Current":{
          "Type":"Target Page"
        }
       ,"Link":{
          "Target":{
            "url":"f?p=\u0026APP_ID.:10023:\u0026APP_SESSION.::\u0026DEBUG.:10023::"
           ,"Page":"10023"
           ,"Clear Cache":"10023"
          }
        }
       ,"Click Counting":{
          "Count Clicks":false
        }
       ,"User Defined Attributes":{
          "Translatable":false
         ,"1.":"Report of activity and performance by application page"
        }
      }
     ,{
        "id":"8023751429807130"
       ,"Label":{
          "Label":"Page Views"
        }
       ,"Icon":{
          "Image\/Icon CSS Classes":"fa-file-search"
        }
       ,"Layout":{
          "Sequence":50
        }
       ,"Is Current":{
          "Type":"Target Page"
        }
       ,"Link":{
          "Target":{
            "url":"f?p=\u0026APP_ID.:10024:\u0026APP_SESSION.::\u0026DEBUG.:RR,10024::"
           ,"Page":"10024"
           ,"Clear Cache":"RR,10024"
          }
        }
       ,"Click Counting":{
          "Count Clicks":false
        }
       ,"User Defined Attributes":{
          "Translatable":false
         ,"1.":"Report of each page view by user including date of access and elapsed time"
        }
      }
     ,{
        "id":"8024195978807131"
       ,"Label":{
          "Label":"Automations Log"
        }
       ,"Icon":{
          "Image\/Icon CSS Classes":"fa-gears"
        }
       ,"Layout":{
          "Sequence":60
        }
       ,"Is Current":{
          "Type":"Target Page"
        }
       ,"Link":{
          "Target":{
            "url":"f?p=\u0026APP_ID.:10025:\u0026APP_SESSION.::\u0026DEBUG.:RR,10025::"
           ,"Page":"10025"
           ,"Clear Cache":"RR,10025"
          }
        }
       ,"Click Counting":{
          "Count Clicks":false
        }
       ,"User Defined Attributes":{
          "Translatable":false
         ,"1.":"Report of automation executions and messages logged by this application"
        }
       ,"Server-side Condition":{
          "Type":"Rows returned"
         ,"SQL Query":"select 1\nfrom apex_appl_automations a, apex_automation_log l\nwhere a.automation_id = l.automation_id\nand l.application_id = :APP_ID"
        }
      }
    ]
  }
 ,{
    "id":"11033400788867320"
   ,"Identification":{
      "Name":"HOME 2"
    }
   ,"Source":{
      "Type":"Static Values"
    }
   ,"Entries":[
      {
        "id":"11038863314115122"
       ,"Label":{
          "Label":"DASHBOARDS"
        }
       ,"Layout":{
          "Sequence":10
        }
       ,"Is Current":{
          "Type":"Target Page"
        }
       ,"Link":{
          "Target":{
            "url":"f?p=\u0026APP_ID.:3:\u0026SESSION.::\u0026DEBUG.::::"
           ,"Page":"3"
          }
        }
       ,"Click Counting":{
          "Count Clicks":false
        }
       ,"User Defined Attributes":{
          "Translatable":false
        }
      }
     ,{
        "id":"11039108392119803"
       ,"Label":{
          "Label":"EVALUACION DE PROTECCION DE DATOS PERSONALES"
        }
       ,"Layout":{
          "Sequence":20
        }
       ,"Is Current":{
          "Type":"Target Page"
        }
       ,"Link":{
          "Target":{
            "url":"f?p=\u0026APP_ID.:4:\u0026SESSION.::\u0026DEBUG.::::"
           ,"Page":"4"
          }
        }
       ,"Click Counting":{
          "Count Clicks":false
        }
       ,"User Defined Attributes":{
          "Translatable":false
        }
      }
    ]
  }
 ,{
    "id":"11043886966234213"
   ,"Identification":{
      "Name":"DASHBOARD"
    }
   ,"Source":{
      "Type":"Static Values"
    }
  }
 ,{
    "id":"11045845869255871"
   ,"Identification":{
      "Name":"MENU PRINCIPAL"
    }
   ,"Source":{
      "Type":"Static Values"
    }
   ,"Entries":[
      {
        "id":"11046065967255872"
       ,"Label":{
          "Label":"MENU PRINCIPAL"
        }
       ,"Layout":{
          "Sequence":10
        }
       ,"Is Current":{
          "Type":"Target Page"
        }
       ,"Link":{
          "Target":{
            "url":"f?p=\u0026APP_ID.:1:\u0026SESSION.::\u0026DEBUG.::::"
           ,"Page":"1"
          }
        }
       ,"Click Counting":{
          "Count Clicks":false
        }
       ,"User Defined Attributes":{
          "Translatable":false
        }
      }
    ]
  }
 ,{
    "id":"11321436402501740"
   ,"Identification":{
      "Name":"Desktop Navigation Menu"
    }
   ,"Source":{
      "Type":"Static Values"
    }
   ,"Entries":[
      {
        "id":"11459805171501905"
       ,"Label":{
          "Label":"Home"
        }
       ,"Icon":{
          "Image\/Icon CSS Classes":"fa-home"
        }
       ,"Layout":{
          "Sequence":10
        }
       ,"Is Current":{
          "Type":"Target Page"
        }
       ,"Link":{
          "Target":{
            "url":"f?p=\u0026APP_ID.:1:\u0026APP_SESSION.::\u0026DEBUG.:"
           ,"Page":"1"
          }
        }
       ,"Click Counting":{
          "Count Clicks":false
        }
       ,"User Defined Attributes":{
          "Translatable":false
        }
      }
     ,{
        "id":"11481531186283970"
       ,"Label":{
          "Label":"Documentos Generales"
        }
       ,"Layout":{
          "Sequence":30
        }
       ,"Is Current":{
          "Type":"Pages"
         ,"Pages":[
            "5"
          ]
        }
       ,"Link":{
          "Target":{
            "url":"f?p=\u0026APP_ID.:5:\u0026SESSION.::\u0026DEBUG.::::"
           ,"Page":"5"
          }
        }
       ,"Click Counting":{
          "Count Clicks":false
        }
       ,"User Defined Attributes":{
          "Translatable":false
        }
      }
     ,{
        "id":"11502741101001529"
       ,"Label":{
          "Label":"Evaluaci\u00F3n de Protecci\u00F3n de datos Personales"
        }
       ,"Layout":{
          "Sequence":40
        }
       ,"Is Current":{
          "Type":"Target Page"
        }
       ,"Link":{
          "Target":{
            "url":"f?p=\u0026APP_ID.:12:\u0026SESSION.::\u0026DEBUG.::::"
           ,"Page":"12"
          }
        }
       ,"Click Counting":{
          "Count Clicks":false
        }
       ,"User Defined Attributes":{
          "Translatable":false
        }
      }
     ,{
        "id":"11503029117006995"
       ,"Label":{
          "Label":"Dashboard"
        }
       ,"Layout":{
          "Sequence":50
        }
       ,"Is Current":{
          "Type":"Target Page"
        }
       ,"Link":{
          "Target":{
            "url":"f?p=\u0026APP_ID.:3:\u0026SESSION.::\u0026DEBUG.::::"
           ,"Page":"3"
          }
        }
       ,"Click Counting":{
          "Count Clicks":false
        }
       ,"User Defined Attributes":{
          "Translatable":false
        }
      }
     ,{
        "id":"11997340566488040"
       ,"Label":{
          "Label":"Evaluaci\u00F3n X Categorias"
        }
       ,"Icon":{
          "Image\/Icon CSS Classes":"fa-cards"
        }
       ,"Layout":{
          "Sequence":80
         ,"Parent Entry":"Evaluaci\u00F3n de Protecci\u00F3n de datos Personales (11502741101001529)"
        }
       ,"Is Current":{
          "Type":"Pages"
         ,"Pages":[
            "27"
          ]
        }
       ,"Link":{
          "Target":{
            "url":"f?p=\u0026APP_ID.:27:\u0026SESSION.::\u0026DEBUG.::::"
           ,"Page":"27"
          }
        }
       ,"Click Counting":{
          "Count Clicks":false
        }
       ,"User Defined Attributes":{
          "Translatable":false
        }
      }
     ,{
        "id":"12436620845872374"
       ,"Label":{
          "Label":"Evaluaci\u00F3n Completa"
        }
       ,"Layout":{
          "Sequence":90
         ,"Parent Entry":"Evaluaci\u00F3n de Protecci\u00F3n de datos Personales (11502741101001529)"
        }
       ,"Is Current":{
          "Type":"Target Page"
        }
       ,"Link":{
          "Target":{
            "url":"f?p=\u0026APP_ID.:34:\u0026SESSION.::\u0026DEBUG.::::"
           ,"Page":"34"
          }
        }
       ,"Click Counting":{
          "Count Clicks":false
        }
       ,"User Defined Attributes":{
          "Translatable":false
        }
      }
     ,{
        "id":"12940846814995696"
       ,"Label":{
          "Label":"Metodolog\u00EDas Sugeridas"
        }
       ,"Icon":{
          "Image\/Icon CSS Classes":"fa-file-o"
        }
       ,"Layout":{
          "Sequence":100
        }
       ,"Is Current":{
          "Type":"Pages"
         ,"Pages":[
            "35"
          ]
        }
       ,"Link":{
          "Target":{
            "url":"f?p=\u0026APP_ID.:35:\u0026APP_SESSION.::\u0026DEBUG.:::"
           ,"Page":"35"
          }
        }
       ,"Click Counting":{
          "Count Clicks":false
        }
       ,"User Defined Attributes":{
          "Translatable":false
        }
      }
    ]
  }
 ,{
    "id":"11449505958501859"
   ,"Identification":{
      "Name":"Desktop Navigation Bar"
    }
   ,"Source":{
      "Type":"Static Values"
    }
   ,"Entries":[
      {
        "id":"11461345529501920"
       ,"Label":{
          "Label":"\u0026APP_USER."
        }
       ,"Icon":{
          "Image\/Icon CSS Classes":"fa-user"
        }
       ,"Layout":{
          "Sequence":10
        }
       ,"Is Current":{
          "Type":"Target Page"
        }
       ,"Link":{
          "Target":"#"
        }
       ,"Click Counting":{
          "Count Clicks":false
        }
       ,"User Defined Attributes":{
          "Translatable":false
         ,"2.":"has-username"
        }
      }
     ,{
        "id":"11461877383501921"
       ,"Label":{
          "Label":"---"
        }
       ,"Layout":{
          "Sequence":20
         ,"Parent Entry":"\u0026APP_USER. (11461345529501920)"
        }
       ,"Is Current":{
          "Type":"Target Page"
        }
       ,"Link":{
          "Target":"separator"
        }
       ,"Click Counting":{
          "Count Clicks":false
        }
       ,"User Defined Attributes":{
          "Translatable":false
        }
      }
     ,{
        "id":"11462257524501921"
       ,"Label":{
          "Label":"Sign Out"
        }
       ,"Icon":{
          "Image\/Icon CSS Classes":"fa-sign-out"
        }
       ,"Layout":{
          "Sequence":30
         ,"Parent Entry":"\u0026APP_USER. (11461345529501920)"
        }
       ,"Is Current":{
          "Type":"Target Page"
        }
       ,"Link":{
          "Target":"\u0026LOGOUT_URL."
        }
       ,"Click Counting":{
          "Count Clicks":false
        }
       ,"User Defined Attributes":{
          "Translatable":false
        }
      }
    ]
  }
]
