[
  {
    "id":"7933896392796270"
   ,"Identification":{
      "Name":"DESKTOP THEME STYLES"
    }
   ,"Source":{
      "Location":"Local Database"
     ,"Type":"SQL Query"
     ,"SQL Query":"select s.name d,\n       s.theme_style_id r\n  from apex_application_theme_styles s,\n       apex_application_themes t\n where s.application_id = :app_id\n   and t.application_id = s.application_id\n   and t.theme_number   = s.theme_number\n   and t.is_current     = \u0027Yes\u0027\n order by 1"
    }
   ,"Column Mapping":{
      "Return":"R"
     ,"Display":"D"
     ,"Default Sort":"Use Order By from Query"
    }
  }
 ,{
    "id":"7934542096796276"
   ,"Identification":{
      "Name":"USER_THEME_PREFERENCE"
    }
   ,"Source":{
      "Location":"Static Values"
    }
   ,"Entries":[
      {
        "id":"7934836016796276"
       ,"Entry":{
          "Sequence":1
         ,"Display":"Allow End Users to choose Theme Style"
         ,"Return":"Yes"
        }
      }
    ]
  }
 ,{
    "id":"7956668778807036"
   ,"Identification":{
      "Name":"TIMEFRAME (4 WEEKS)"
    }
   ,"Source":{
      "Location":"Local Database"
     ,"Type":"SQL Query"
     ,"SQL Query":"select disp,\n       val as seconds\n  from table( apex_util.get_timeframe_lov_data )\n order by insert_order"
    }
   ,"Column Mapping":{
      "Return":"SECONDS"
     ,"Display":"DISP"
     ,"Default Sort":"Use Order By from Query"
    }
  }
 ,{
    "id":"8003048703807103"
   ,"Identification":{
      "Name":"VIEW_AS_REPORT_CHART"
    }
   ,"Source":{
      "Location":"Static Values"
    }
   ,"Entries":[
      {
        "id":"8003347336807103"
       ,"Entry":{
          "Sequence":1
         ,"Display":"Add Report Page"
         ,"Return":"REPORT"
        }
       ,"Globalization":{
          "Template":"\u003Cspan class=\"fa fa-table\" aria-hidden=\"true\"\u003E\u003C\/span\u003E\u003Cspan class=\"u-VisuallyHidden\"\u003E#DISPLAY_VALUE#\u003C\/span\u003E"
        }
      }
     ,{
        "id":"8003720477807104"
       ,"Entry":{
          "Sequence":2
         ,"Display":"Add Chart Page"
         ,"Return":"CHART"
        }
       ,"Globalization":{
          "Template":"\u003Cspan class=\"fa fa-pie-chart\" aria-hidden=\"true\"\u003E\u003C\/span\u003E\u003Cspan class=\"u-VisuallyHidden\"\u003E#DISPLAY_VALUE#\u003C\/span\u003E"
        }
      }
    ]
  }
 ,{
    "id":"9564032946170131"
   ,"Identification":{
      "Name":"OPCIONESRESPUESTA"
    }
   ,"Source":{
      "Location":"Local Database"
     ,"Type":"Table \/ View"
     ,"Table Owner":"Parsing Schema"
     ,"Table Name":"PREGUNTAS"
    }
   ,"Column Mapping":{
      "Return":"PREGUNTA_ID"
     ,"Display":"OPCIONRESPUESTA"
     ,"Default Sort":"OPCIONRESPUESTA"
     ,"Sort Direction":"Ascending (Nulls Last)"
    }
  }
 ,{
    "id":"9564260198175030"
   ,"Identification":{
      "Name":"OPCIONESRESPUESTA1"
    }
   ,"Source":{
      "Location":"Static Values"
    }
   ,"Entries":[
      {
        "id":"9564507548175031"
       ,"Entry":{
          "Sequence":1
         ,"Display":"SI"
         ,"Return":"SI"
        }
      }
     ,{
        "id":"9564999596175031"
       ,"Entry":{
          "Sequence":2
         ,"Display":"NO"
         ,"Return":"NO"
        }
      }
    ]
  }
 ,{
    "id":"11019796493515382"
   ,"Identification":{
      "Name":"EMPRESAS"
    }
   ,"Source":{
      "Location":"Static Values"
    }
   ,"Entries":[
      {
        "id":"11020047266515386"
       ,"Entry":{
          "Sequence":1
         ,"Display":"RADIOFAM"
         ,"Return":"RADIOFAM"
        }
      }
     ,{
        "id":"11020451866515387"
       ,"Entry":{
          "Sequence":2
         ,"Display":"EVALUADOR 1"
         ,"Return":"EVALUADOR 1"
        }
      }
     ,{
        "id":"11020885149515387"
       ,"Entry":{
          "Sequence":3
         ,"Display":"EVALUADOR 2"
         ,"Return":"EVALUADOR 2"
        }
      }
     ,{
        "id":"11021247595515387"
       ,"Entry":{
          "Sequence":4
         ,"Display":"EVALUADOR 3"
         ,"Return":"EVALUADOR 3"
        }
      }
     ,{
        "id":"11021657852515388"
       ,"Entry":{
          "Sequence":5
         ,"Display":"EVALUADOR 4"
         ,"Return":"EVALUADOR 4"
        }
      }
    ]
  }
 ,{
    "id":"11455007964501892"
   ,"Identification":{
      "Name":"LOGIN_REMEMBER_USERNAME"
    }
   ,"Source":{
      "Location":"Static Values"
    }
   ,"Entries":[
      {
        "id":"11455420147501893"
       ,"Entry":{
          "Sequence":10
         ,"Display":"Remember username"
         ,"Return":"Y"
        }
      }
    ]
  }
]
