{
  "id":"21"
 ,"Identification":{
    "Name":"\u00A1Gracias por finalizar!"
   ,"Alias":"FINALIZAR-CUESTIONARIO"
   ,"Title":"\u00A1Gracias por finalizar!"
  }
 ,"Appearance":{
    "Page Mode":"Modal Dialog"
   ,"Dialog Template":"Theme Default"
   ,"Template Options":[
      "#DEFAULT#"
    ]
  }
 ,"Dialog":{
    "Chained":true
  }
 ,"Navigation Menu":{
    "Override User Interface Level":false
  }
 ,"Navigation":{
    "Cursor Focus":"Do not focus cursor"
   ,"Warn on Unsaved Changes":true
  }
 ,"Security":{
    "Authentication":"Page Requires Authentication"
   ,"Deep Linking":"Application Default"
   ,"Page Access Protection":"Arguments Must Have Checksum"
   ,"Form Auto Complete":"Off"
   ,"Browser Cache":"Application Default"
  }
 ,"Session Management":{
    "Rejoin Sessions":"Application Default"
  }
 ,"Advanced":{
    "Enable duplicate page submissions":"Yes - Enable page to be re-posted"
   ,"Reload on Submit":"Only for Success"
  }
 ,"Server Cache":{
    "Caching":"Disabled"
  }
 ,"Regions":[
    {
      "id":"10919876800502015"
     ,"Identification":{
        "Title":"Puede dirigirse al Menu Principal o Conocer sus Recomendaciones."
       ,"Type":"Breadcrumb"
      }
     ,"Source":{
        "Breadcrumb":"Breadcrumb (11320946023501739)"
      }
     ,"Layout":{
        "Sequence":30
       ,"Parent Region":"No Parent"
       ,"Position":"BODY"
       ,"Start New Layout":false
       ,"Start New Row":false
       ,"Column":"Automatic"
       ,"New Column":true
       ,"Column Span":"Automatic"
      }
     ,"Appearance":{
        "Template":"Standard (11371245017501793)"
       ,"Template Options":[
          "#DEFAULT#"
         ,"t-Region--scrollBody"
        ]
       ,"Render Components":"Below Content"
      }
     ,"Advanced":{
        "Region Display Selector":false
       ,"Exclude Title from Translation":false
      }
     ,"Server Cache":{
        "Caching":"Disabled"
      }
     ,"Customization":{
        "Customizable":"Not Customizable By End Users"
      }
     ,"Attributes":{
        "Appearance":{
          "Breadcrumb Template":"Breadcrumb (11428688633501831)"
         ,"Template Options":[
            "#DEFAULT#"
          ]
        }
      }
    }
  ]
 ,"Buttons":[
    {
      "id":"10920291851502019"
     ,"Identification":{
        "Button Name":"New"
       ,"Label":"Recomendaciones"
      }
     ,"Layout":{
        "Sequence":30
       ,"Region":"Puede dirigirse al Menu Principal o Conocer sus Recomendaciones. (10919876800502015)"
       ,"Position":"BODY"
       ,"Start New Layout":false
       ,"Start New Row":false
       ,"Column":"Automatic"
       ,"New Column":true
       ,"Column Span":"Automatic"
       ,"Alignment":"Left center"
      }
     ,"Appearance":{
        "Button Template":"Text with Icon (11427387085501831)"
       ,"Hot":true
       ,"Template Options":[
          "#DEFAULT#"
         ,"t-Button--iconRight"
        ]
       ,"Icon":"fa-stock-chart"
      }
     ,"Behavior":{
        "Action":"Redirect to Page in this Application"
       ,"Target":{
          "url":"f?p=\u0026APP_ID.:20:\u0026SESSION.::\u0026DEBUG.:::"
         ,"Page":"20"
        }
       ,"Warn on Unsaved Changes":"Do Not Check"
      }
    }
   ,{
      "id":"10920350310502020"
     ,"Identification":{
        "Button Name":"New_1"
       ,"Label":"Dashboard"
      }
     ,"Layout":{
        "Sequence":20
       ,"Region":"Puede dirigirse al Menu Principal o Conocer sus Recomendaciones. (10919876800502015)"
       ,"Position":"BODY"
       ,"Start New Layout":false
       ,"Start New Row":true
       ,"Column":"Automatic"
       ,"New Column":true
       ,"Column Span":"Automatic"
       ,"Alignment":"Left center"
      }
     ,"Appearance":{
        "Button Template":"Text with Icon (11427387085501831)"
       ,"Hot":true
       ,"Template Options":[
          "#DEFAULT#"
         ,"t-Button--iconRight"
        ]
       ,"Icon":"fa-home"
      }
     ,"Behavior":{
        "Action":"Redirect to Page in this Application"
       ,"Target":{
          "url":"f?p=\u0026APP_ID.:3:\u0026SESSION.::\u0026DEBUG.:::"
         ,"Page":"3"
        }
       ,"Warn on Unsaved Changes":"Do Not Check"
      }
    }
  ]
}
