{
  "id":"31"
 ,"Identification":{
    "Name":"An\u00E1lisis de Riesgos"
   ,"Alias":"AN\u00C1LISIS-DE-RIESGOS"
   ,"Title":"An\u00E1lisis de Riesgos"
  }
 ,"Appearance":{
    "Page Mode":"Normal"
   ,"Page Template":"Theme Default"
   ,"Template Options":[
      "#DEFAULT#"
    ]
  }
 ,"Navigation Menu":{
    "Override User Interface Level":false
  }
 ,"Navigation":{
    "Cursor Focus":"Do not focus cursor"
   ,"Warn on Unsaved Changes":true
  }
 ,"Security":{
    "Authentication":"Page Requires Authentication"
   ,"Deep Linking":"Application Default"
   ,"Page Access Protection":"Arguments Must Have Checksum"
   ,"Form Auto Complete":"Off"
   ,"Browser Cache":"Application Default"
  }
 ,"Session Management":{
    "Rejoin Sessions":"Application Default"
  }
 ,"Advanced":{
    "Enable duplicate page submissions":"Yes - Enable page to be re-posted"
   ,"Reload on Submit":"Only for Success"
  }
 ,"Server Cache":{
    "Caching":"Disabled"
  }
 ,"Regions":[
    {
      "id":"12790477853177676"
     ,"Identification":{
        "Title":"Breadcrumb"
       ,"Type":"Breadcrumb"
      }
     ,"Source":{
        "Breadcrumb":"Breadcrumb (11320946023501739)"
      }
     ,"Layout":{
        "Sequence":10
       ,"Parent Region":"No Parent"
       ,"Position":"REGION_POSITION_01"
       ,"Start New Layout":false
       ,"Start New Row":true
       ,"Column":"Automatic"
       ,"New Column":true
       ,"Column Span":"Automatic"
      }
     ,"Appearance":{
        "Template":"Title Bar (11380653829501797)"
       ,"Template Options":[
          "#DEFAULT#"
         ,"t-BreadcrumbRegion--useBreadcrumbTitle"
        ]
       ,"Render Components":"Above Content"
      }
     ,"Advanced":{
        "Region Display Selector":false
       ,"Exclude Title from Translation":false
      }
     ,"Server Cache":{
        "Caching":"Disabled"
      }
     ,"Customization":{
        "Customizable":"Not Customizable By End Users"
      }
     ,"Attributes":{
        "Appearance":{
          "Breadcrumb Template":"Breadcrumb (11428688633501831)"
         ,"Template Options":[
            "#DEFAULT#"
          ]
        }
      }
    }
   ,{
      "id":"12791140790177761"
     ,"Identification":{
        "Title":"An\u00E1lisis de Riesgos"
       ,"Type":"Form"
      }
     ,"Source":{
        "Location":"Local Database"
       ,"Type":"Table \/ View"
       ,"Table Owner":"Parsing Schema"
       ,"Table Name":"RESPUESTAS"
       ,"Include ROWID Column":false
      }
     ,"Layout":{
        "Sequence":10
       ,"Parent Region":"No Parent"
       ,"Position":"BODY"
       ,"Start New Layout":false
       ,"Start New Row":true
       ,"Column":"Automatic"
       ,"New Column":true
       ,"Column Span":"Automatic"
      }
     ,"Appearance":{
        "Template":"Standard (11371245017501793)"
       ,"Template Options":[
          "#DEFAULT#"
         ,"t-Region--scrollBody"
        ]
       ,"Render Components":"Above Content"
      }
     ,"Advanced":{
        "Region Display Selector":false
       ,"Exclude Title from Translation":false
      }
     ,"Server Cache":{
        "Caching":"Disabled"
      }
     ,"Customization":{
        "Customizable":"Not Customizable By End Users"
      }
     ,"Attributes":{
        "Edit":{
          "Enabled":true
         ,"Allowed Operations":[
            "Add Row"
           ,"Update Row"
           ,"Delete Row"
          ]
         ,"Lost Update Type":"Row Values"
        }
      }
    }
  ]
 ,"Page Items":[
    {
      "id":"12791467073177761"
     ,"Identification":{
        "Name":"P31_RESPUESTA_ID"
       ,"Type":"Hidden"
      }
     ,"Settings":{
        "Value Protected":true
      }
     ,"Layout":{
        "Sequence":10
       ,"Region":"An\u00E1lisis de Riesgos (12791140790177761)"
       ,"Position":"BODY"
      }
     ,"Advanced":{
        "Warn on Unsaved Changes":"Page Default"
      }
     ,"Source":{
        "Form Region":"An\u00E1lisis de Riesgos (12791140790177761)"
       ,"Column":"RESPUESTA_ID"
       ,"Data Type":"NUMBER"
       ,"Query Only":true
       ,"Primary Key":true
      }
     ,"Session State":{
        "Data Type":"VARCHAR2"
       ,"Storage":"Per Request (Memory Only)"
      }
     ,"Security":{
        "Session State Protection":"Checksum Required - Session Level"
       ,"Store value encrypted in session state":true
       ,"Restricted Characters":"All characters can be saved."
      }
    }
   ,{
      "id":"12791840801177762"
     ,"Identification":{
        "Name":"P31_EMPRESA_ID"
       ,"Type":"Hidden"
      }
     ,"Settings":{
        "Value Protected":true
      }
     ,"Layout":{
        "Sequence":30
       ,"Region":"An\u00E1lisis de Riesgos (12791140790177761)"
       ,"Position":"BODY"
      }
     ,"Advanced":{
        "Warn on Unsaved Changes":"Page Default"
      }
     ,"Source":{
        "Form Region":"An\u00E1lisis de Riesgos (12791140790177761)"
       ,"Column":"EMPRESA_ID"
       ,"Data Type":"NUMBER"
       ,"Query Only":false
       ,"Primary Key":false
      }
     ,"Default":{
        "Type":"Item"
       ,"Item":":COD_EMPRESA"
      }
     ,"Session State":{
        "Data Type":"VARCHAR2"
       ,"Storage":"Per Request (Memory Only)"
      }
     ,"Security":{
        "Session State Protection":"Unrestricted"
       ,"Store value encrypted in session state":true
       ,"Restricted Characters":"All characters can be saved."
      }
    }
   ,{
      "id":"12792688172177762"
     ,"Identification":{
        "Name":"P31_FECHA"
       ,"Type":"Date Picker"
      }
     ,"Label":{
        "Label":"Fecha"
       ,"Alignment":"Left"
      }
     ,"Settings":{
        "Show Time":false
       ,"Display As":"Popup"
       ,"Minimum Date":"None"
       ,"Maximum Date":"None"
       ,"Multiple Months":"No"
       ,"Use Defaults":true
      }
     ,"Layout":{
        "Sequence":40
       ,"Region":"An\u00E1lisis de Riesgos (12791140790177761)"
       ,"Position":"BODY"
       ,"Alignment":"Left"
       ,"Start New Layout":false
       ,"Start New Row":true
       ,"Column":"Automatic"
       ,"New Column":true
       ,"Column Span":"Automatic"
       ,"Label Column Span":"Page Template Default"
      }
     ,"Appearance":{
        "Template":"Optional - Floating (11426260554501828)"
       ,"Template Options":[
          "#DEFAULT#"
        ]
       ,"Width":32
      }
     ,"Validation":{
        "Value Required":true
       ,"Maximum Length":255
      }
     ,"Advanced":{
        "Warn on Unsaved Changes":"Page Default"
      }
     ,"Source":{
        "Form Region":"An\u00E1lisis de Riesgos (12791140790177761)"
       ,"Column":"FECHA"
       ,"Data Type":"DATE"
       ,"Query Only":false
       ,"Primary Key":false
      }
     ,"Session State":{
        "Storage":"Per Request (Memory Only)"
      }
     ,"Quick Picks":{
        "Show Quick Picks":false
      }
     ,"Security":{
        "Session State Protection":"Unrestricted"
       ,"Store value encrypted in session state":true
       ,"Restricted Characters":"All characters can be saved."
      }
    }
   ,{
      "id":"12816601291177776"
     ,"Identification":{
        "Name":"P31_P61"
       ,"Type":"Radio Group"
      }
     ,"Label":{
        "Label":"\u00BFLa organizaci\u00F3n ha identificado todos los datos personales que recopila en cumplimiento de la Ley 1581 de 2012?"
       ,"Alignment":"Left"
      }
     ,"Settings":{
        "Number of Columns":1
       ,"Page Action on Selection":"None"
      }
     ,"Layout":{
        "Sequence":50
       ,"Region":"An\u00E1lisis de Riesgos (12791140790177761)"
       ,"Position":"BODY"
       ,"Alignment":"Left"
       ,"Start New Layout":false
       ,"Start New Row":true
       ,"Column":"Automatic"
       ,"New Column":true
       ,"Column Span":"Automatic"
       ,"Label Column Span":"Page Template Default"
      }
     ,"Appearance":{
        "Template":"Required - Floating (11426491132501829)"
       ,"Template Options":[
          "#DEFAULT#"
        ]
      }
     ,"Validation":{
        "Value Required":true
      }
     ,"List of Values":{
        "Type":"Shared Component"
       ,"List of Values":"OPCIONESRESPUESTA1 (9564260198175030)"
       ,"Display Extra Values":false
       ,"Display Null Value":false
      }
     ,"Advanced":{
        "Warn on Unsaved Changes":"Page Default"
      }
     ,"Source":{
        "Form Region":"An\u00E1lisis de Riesgos (12791140790177761)"
       ,"Column":"P61"
       ,"Data Type":"VARCHAR2"
       ,"Query Only":false
       ,"Primary Key":false
      }
     ,"Session State":{
        "Storage":"Per Request (Memory Only)"
      }
     ,"Security":{
        "Session State Protection":"Unrestricted"
       ,"Store value encrypted in session state":true
       ,"Escape special characters":true
       ,"Restricted Characters":"All characters can be saved."
      }
    }
   ,{
      "id":"12817004585177776"
     ,"Identification":{
        "Name":"P31_P62"
       ,"Type":"Radio Group"
      }
     ,"Label":{
        "Label":"\u00BFSe ha realizado una evaluaci\u00F3n de riesgos para determinar las posibles amenazas a la seguridad de los datos personales?"
       ,"Alignment":"Left"
      }
     ,"Settings":{
        "Number of Columns":1
       ,"Page Action on Selection":"None"
      }
     ,"Layout":{
        "Sequence":60
       ,"Region":"An\u00E1lisis de Riesgos (12791140790177761)"
       ,"Position":"BODY"
       ,"Alignment":"Left"
       ,"Start New Layout":false
       ,"Start New Row":true
       ,"Column":"Automatic"
       ,"New Column":true
       ,"Column Span":"Automatic"
       ,"Label Column Span":"Page Template Default"
      }
     ,"Appearance":{
        "Template":"Required - Floating (11426491132501829)"
       ,"Template Options":[
          "#DEFAULT#"
        ]
      }
     ,"Validation":{
        "Value Required":true
      }
     ,"List of Values":{
        "Type":"Shared Component"
       ,"List of Values":"OPCIONESRESPUESTA1 (9564260198175030)"
       ,"Display Extra Values":false
       ,"Display Null Value":false
      }
     ,"Advanced":{
        "Warn on Unsaved Changes":"Page Default"
      }
     ,"Source":{
        "Form Region":"An\u00E1lisis de Riesgos (12791140790177761)"
       ,"Column":"P62"
       ,"Data Type":"VARCHAR2"
       ,"Query Only":false
       ,"Primary Key":false
      }
     ,"Session State":{
        "Storage":"Per Request (Memory Only)"
      }
     ,"Security":{
        "Session State Protection":"Unrestricted"
       ,"Store value encrypted in session state":true
       ,"Escape special characters":true
       ,"Restricted Characters":"All characters can be saved."
      }
    }
   ,{
      "id":"12817412918177776"
     ,"Identification":{
        "Name":"P31_P63"
       ,"Type":"Radio Group"
      }
     ,"Label":{
        "Label":"\u00BFSe ha capacitado a los empleados sobre las obligaciones y procedimientos establecidos por la Ley 1581 de 2012?"
       ,"Alignment":"Left"
      }
     ,"Settings":{
        "Number of Columns":1
       ,"Page Action on Selection":"None"
      }
     ,"Layout":{
        "Sequence":70
       ,"Region":"An\u00E1lisis de Riesgos (12791140790177761)"
       ,"Position":"BODY"
       ,"Alignment":"Left"
       ,"Start New Layout":false
       ,"Start New Row":true
       ,"Column":"Automatic"
       ,"New Column":true
       ,"Column Span":"Automatic"
       ,"Label Column Span":"Page Template Default"
      }
     ,"Appearance":{
        "Template":"Required - Floating (11426491132501829)"
       ,"Template Options":[
          "#DEFAULT#"
        ]
      }
     ,"Validation":{
        "Value Required":true
      }
     ,"List of Values":{
        "Type":"Shared Component"
       ,"List of Values":"OPCIONESRESPUESTA1 (9564260198175030)"
       ,"Display Extra Values":false
       ,"Display Null Value":false
      }
     ,"Advanced":{
        "Warn on Unsaved Changes":"Page Default"
      }
     ,"Source":{
        "Form Region":"An\u00E1lisis de Riesgos (12791140790177761)"
       ,"Column":"P63"
       ,"Data Type":"VARCHAR2"
       ,"Query Only":false
       ,"Primary Key":false
      }
     ,"Session State":{
        "Storage":"Per Request (Memory Only)"
      }
     ,"Security":{
        "Session State Protection":"Unrestricted"
       ,"Store value encrypted in session state":true
       ,"Escape special characters":true
       ,"Restricted Characters":"All characters can be saved."
      }
    }
   ,{
      "id":"12817811960177777"
     ,"Identification":{
        "Name":"P31_P64"
       ,"Type":"Radio Group"
      }
     ,"Label":{
        "Label":"\u00BFLa organizaci\u00F3n tiene un protocolo establecido para responder a incidentes de seguridad de datos?"
       ,"Alignment":"Left"
      }
     ,"Settings":{
        "Number of Columns":1
       ,"Page Action on Selection":"None"
      }
     ,"Layout":{
        "Sequence":80
       ,"Region":"An\u00E1lisis de Riesgos (12791140790177761)"
       ,"Position":"BODY"
       ,"Alignment":"Left"
       ,"Start New Layout":false
       ,"Start New Row":true
       ,"Column":"Automatic"
       ,"New Column":true
       ,"Column Span":"Automatic"
       ,"Label Column Span":"Page Template Default"
      }
     ,"Appearance":{
        "Template":"Required - Floating (11426491132501829)"
       ,"Template Options":[
          "#DEFAULT#"
        ]
      }
     ,"Validation":{
        "Value Required":true
      }
     ,"List of Values":{
        "Type":"Shared Component"
       ,"List of Values":"OPCIONESRESPUESTA1 (9564260198175030)"
       ,"Display Extra Values":false
       ,"Display Null Value":false
      }
     ,"Advanced":{
        "Warn on Unsaved Changes":"Page Default"
      }
     ,"Source":{
        "Form Region":"An\u00E1lisis de Riesgos (12791140790177761)"
       ,"Column":"P64"
       ,"Data Type":"VARCHAR2"
       ,"Query Only":false
       ,"Primary Key":false
      }
     ,"Session State":{
        "Storage":"Per Request (Memory Only)"
      }
     ,"Security":{
        "Session State Protection":"Unrestricted"
       ,"Store value encrypted in session state":true
       ,"Escape special characters":true
       ,"Restricted Characters":"All characters can be saved."
      }
    }
   ,{
      "id":"12818251063177777"
     ,"Identification":{
        "Name":"P31_P65"
       ,"Type":"Radio Group"
      }
     ,"Label":{
        "Label":"\u00BFSe han implementado medidas t\u00E9cnicas y organizativas adecuadas para prevenir el acceso no autorizado a los datos personales?"
       ,"Alignment":"Left"
      }
     ,"Settings":{
        "Number of Columns":1
       ,"Page Action on Selection":"None"
      }
     ,"Layout":{
        "Sequence":90
       ,"Region":"An\u00E1lisis de Riesgos (12791140790177761)"
       ,"Position":"BODY"
       ,"Alignment":"Left"
       ,"Start New Layout":false
       ,"Start New Row":true
       ,"Column":"Automatic"
       ,"New Column":true
       ,"Column Span":"Automatic"
       ,"Label Column Span":"Page Template Default"
      }
     ,"Appearance":{
        "Template":"Required - Floating (11426491132501829)"
       ,"Template Options":[
          "#DEFAULT#"
        ]
      }
     ,"Validation":{
        "Value Required":true
      }
     ,"List of Values":{
        "Type":"Shared Component"
       ,"List of Values":"OPCIONESRESPUESTA1 (9564260198175030)"
       ,"Display Extra Values":false
       ,"Display Null Value":false
      }
     ,"Advanced":{
        "Warn on Unsaved Changes":"Page Default"
      }
     ,"Source":{
        "Form Region":"An\u00E1lisis de Riesgos (12791140790177761)"
       ,"Column":"P65"
       ,"Data Type":"VARCHAR2"
       ,"Query Only":false
       ,"Primary Key":false
      }
     ,"Session State":{
        "Storage":"Per Request (Memory Only)"
      }
     ,"Security":{
        "Session State Protection":"Unrestricted"
       ,"Store value encrypted in session state":true
       ,"Escape special characters":true
       ,"Restricted Characters":"All characters can be saved."
      }
    }
   ,{
      "id":"12818687098177777"
     ,"Identification":{
        "Name":"P31_P66"
       ,"Type":"Radio Group"
      }
     ,"Label":{
        "Label":" \u00BFSe realiza una auditor\u00EDa peri\u00F3dica para asegurar que las pr\u00E1cticas de manejo de datos est\u00E9n en conformidad con la ley?"
       ,"Alignment":"Left"
      }
     ,"Settings":{
        "Number of Columns":1
       ,"Page Action on Selection":"None"
      }
     ,"Layout":{
        "Sequence":100
       ,"Region":"An\u00E1lisis de Riesgos (12791140790177761)"
       ,"Position":"BODY"
       ,"Alignment":"Left"
       ,"Start New Layout":false
       ,"Start New Row":true
       ,"Column":"Automatic"
       ,"New Column":true
       ,"Column Span":"Automatic"
       ,"Label Column Span":"Page Template Default"
      }
     ,"Appearance":{
        "Template":"Required - Floating (11426491132501829)"
       ,"Template Options":[
          "#DEFAULT#"
        ]
      }
     ,"Validation":{
        "Value Required":true
      }
     ,"List of Values":{
        "Type":"Shared Component"
       ,"List of Values":"OPCIONESRESPUESTA1 (9564260198175030)"
       ,"Display Extra Values":false
       ,"Display Null Value":false
      }
     ,"Advanced":{
        "Warn on Unsaved Changes":"Page Default"
      }
     ,"Source":{
        "Form Region":"An\u00E1lisis de Riesgos (12791140790177761)"
       ,"Column":"P66"
       ,"Data Type":"VARCHAR2"
       ,"Query Only":false
       ,"Primary Key":false
      }
     ,"Session State":{
        "Storage":"Per Request (Memory Only)"
      }
     ,"Security":{
        "Session State Protection":"Unrestricted"
       ,"Store value encrypted in session state":true
       ,"Escape special characters":true
       ,"Restricted Characters":"All characters can be saved."
      }
    }
   ,{
      "id":"12819002882177777"
     ,"Identification":{
        "Name":"P31_P67"
       ,"Type":"Radio Group"
      }
     ,"Label":{
        "Label":"\u00BFLa organizaci\u00F3n cuenta con un responsable de protecci\u00F3n de datos ?"
       ,"Alignment":"Left"
      }
     ,"Settings":{
        "Number of Columns":1
       ,"Page Action on Selection":"None"
      }
     ,"Layout":{
        "Sequence":110
       ,"Region":"An\u00E1lisis de Riesgos (12791140790177761)"
       ,"Position":"BODY"
       ,"Alignment":"Left"
       ,"Start New Layout":false
       ,"Start New Row":true
       ,"Column":"Automatic"
       ,"New Column":true
       ,"Column Span":"Automatic"
       ,"Label Column Span":"Page Template Default"
      }
     ,"Appearance":{
        "Template":"Required - Floating (11426491132501829)"
       ,"Template Options":[
          "#DEFAULT#"
        ]
      }
     ,"Validation":{
        "Value Required":true
      }
     ,"List of Values":{
        "Type":"Shared Component"
       ,"List of Values":"OPCIONESRESPUESTA1 (9564260198175030)"
       ,"Display Extra Values":false
       ,"Display Null Value":false
      }
     ,"Advanced":{
        "Warn on Unsaved Changes":"Page Default"
      }
     ,"Source":{
        "Form Region":"An\u00E1lisis de Riesgos (12791140790177761)"
       ,"Column":"P67"
       ,"Data Type":"VARCHAR2"
       ,"Query Only":false
       ,"Primary Key":false
      }
     ,"Session State":{
        "Storage":"Per Request (Memory Only)"
      }
     ,"Security":{
        "Session State Protection":"Unrestricted"
       ,"Store value encrypted in session state":true
       ,"Escape special characters":true
       ,"Restricted Characters":"All characters can be saved."
      }
    }
   ,{
      "id":"12819446161177777"
     ,"Identification":{
        "Name":"P31_P68"
       ,"Type":"Radio Group"
      }
     ,"Label":{
        "Label":"\u00BFHa evaluado la organizaci\u00F3n el impacto financiero potencial de las sanciones por incumplimiento de la Ley?"
       ,"Alignment":"Left"
      }
     ,"Settings":{
        "Number of Columns":1
       ,"Page Action on Selection":"None"
      }
     ,"Layout":{
        "Sequence":120
       ,"Region":"An\u00E1lisis de Riesgos (12791140790177761)"
       ,"Position":"BODY"
       ,"Alignment":"Left"
       ,"Start New Layout":false
       ,"Start New Row":true
       ,"Column":"Automatic"
       ,"New Column":true
       ,"Column Span":"Automatic"
       ,"Label Column Span":"Page Template Default"
      }
     ,"Appearance":{
        "Template":"Required - Floating (11426491132501829)"
       ,"Template Options":[
          "#DEFAULT#"
        ]
      }
     ,"Validation":{
        "Value Required":true
      }
     ,"List of Values":{
        "Type":"Shared Component"
       ,"List of Values":"OPCIONESRESPUESTA1 (9564260198175030)"
       ,"Display Extra Values":false
       ,"Display Null Value":false
      }
     ,"Advanced":{
        "Warn on Unsaved Changes":"Page Default"
      }
     ,"Source":{
        "Form Region":"An\u00E1lisis de Riesgos (12791140790177761)"
       ,"Column":"P68"
       ,"Data Type":"VARCHAR2"
       ,"Query Only":false
       ,"Primary Key":false
      }
     ,"Session State":{
        "Storage":"Per Request (Memory Only)"
      }
     ,"Security":{
        "Session State Protection":"Unrestricted"
       ,"Store value encrypted in session state":true
       ,"Escape special characters":true
       ,"Restricted Characters":"All characters can be saved."
      }
    }
   ,{
      "id":"12819840900177778"
     ,"Identification":{
        "Name":"P31_P69"
       ,"Type":"Radio Group"
      }
     ,"Label":{
        "Label":"\u00BFConsidera la organizaci\u00F3n el riesgo de da\u00F1o reputacional como resultado de no cumplir con los est\u00E1ndares de protecci\u00F3n de datos?"
       ,"Alignment":"Left"
      }
     ,"Settings":{
        "Number of Columns":1
       ,"Page Action on Selection":"None"
      }
     ,"Layout":{
        "Sequence":130
       ,"Region":"An\u00E1lisis de Riesgos (12791140790177761)"
       ,"Position":"BODY"
       ,"Alignment":"Left"
       ,"Start New Layout":false
       ,"Start New Row":true
       ,"Column":"Automatic"
       ,"New Column":true
       ,"Column Span":"Automatic"
       ,"Label Column Span":"Page Template Default"
      }
     ,"Appearance":{
        "Template":"Required - Floating (11426491132501829)"
       ,"Template Options":[
          "#DEFAULT#"
        ]
      }
     ,"Validation":{
        "Value Required":true
      }
     ,"List of Values":{
        "Type":"Shared Component"
       ,"List of Values":"OPCIONESRESPUESTA1 (9564260198175030)"
       ,"Display Extra Values":false
       ,"Display Null Value":false
      }
     ,"Advanced":{
        "Warn on Unsaved Changes":"Page Default"
      }
     ,"Source":{
        "Form Region":"An\u00E1lisis de Riesgos (12791140790177761)"
       ,"Column":"P69"
       ,"Data Type":"VARCHAR2"
       ,"Query Only":false
       ,"Primary Key":false
      }
     ,"Session State":{
        "Storage":"Per Request (Memory Only)"
      }
     ,"Security":{
        "Session State Protection":"Unrestricted"
       ,"Store value encrypted in session state":true
       ,"Escape special characters":true
       ,"Restricted Characters":"All characters can be saved."
      }
    }
   ,{
      "id":"12820211171177778"
     ,"Identification":{
        "Name":"P31_P70"
       ,"Type":"Radio Group"
      }
     ,"Label":{
        "Label":"\u00BFSe han presentado interrpciones de actividades relacionadas con el manejo de datos personales?"
       ,"Alignment":"Left"
      }
     ,"Settings":{
        "Number of Columns":2
       ,"Page Action on Selection":"None"
      }
     ,"Layout":{
        "Sequence":140
       ,"Region":"An\u00E1lisis de Riesgos (12791140790177761)"
       ,"Position":"BODY"
       ,"Alignment":"Left"
       ,"Start New Layout":false
       ,"Start New Row":true
       ,"Column":"Automatic"
       ,"New Column":true
       ,"Column Span":"Automatic"
       ,"Label Column Span":"Page Template Default"
      }
     ,"Appearance":{
        "Template":"Required - Floating (11426491132501829)"
       ,"Template Options":[
          "#DEFAULT#"
        ]
      }
     ,"Validation":{
        "Value Required":true
      }
     ,"List of Values":{
        "Type":"Shared Component"
       ,"List of Values":"OPCIONESRESPUESTA1 (9564260198175030)"
       ,"Display Extra Values":false
       ,"Display Null Value":false
      }
     ,"Advanced":{
        "Warn on Unsaved Changes":"Page Default"
      }
     ,"Source":{
        "Form Region":"An\u00E1lisis de Riesgos (12791140790177761)"
       ,"Column":"P70"
       ,"Data Type":"VARCHAR2"
       ,"Query Only":false
       ,"Primary Key":false
      }
     ,"Session State":{
        "Storage":"Per Request (Memory Only)"
      }
     ,"Security":{
        "Session State Protection":"Unrestricted"
       ,"Store value encrypted in session state":true
       ,"Escape special characters":true
       ,"Restricted Characters":"All characters can be saved."
      }
    }
   ,{
      "id":"13770433332629947"
     ,"Identification":{
        "Name":"P31_CATEGORIA"
       ,"Type":"Select List"
      }
     ,"Label":{
        "Label":"Selecciona la Categoria"
       ,"Alignment":"Left"
      }
     ,"Settings":{
        "Page Action on Selection":"None"
       ,"Allow Multi Selection":false
      }
     ,"Layout":{
        "Sequence":20
       ,"Region":"An\u00E1lisis de Riesgos (12791140790177761)"
       ,"Position":"BODY"
       ,"Alignment":"Left"
       ,"Start New Layout":false
       ,"Start New Row":true
       ,"Column":"Automatic"
       ,"New Column":true
       ,"Column Span":"Automatic"
       ,"Label Column Span":"Page Template Default"
      }
     ,"Appearance":{
        "Template":"Optional - Floating (11426260554501828)"
       ,"Template Options":[
          "#DEFAULT#"
        ]
       ,"Height":1
      }
     ,"Validation":{
        "Value Required":true
      }
     ,"List of Values":{
        "Type":"Static Values"
       ,"Static Values":"STATIC:An\u00E1lisis de Riesgo;An\u00E1lisis de Riesgo"
       ,"Display Extra Values":true
       ,"Display Null Value":true
      }
     ,"Advanced":{
        "Warn on Unsaved Changes":"Page Default"
      }
     ,"Source":{
        "Form Region":"An\u00E1lisis de Riesgos (12791140790177761)"
       ,"Column":"CATEGORIA"
       ,"Data Type":"VARCHAR2"
       ,"Query Only":false
       ,"Primary Key":false
      }
     ,"Session State":{
        "Storage":"Per Request (Memory Only)"
      }
     ,"Quick Picks":{
        "Show Quick Picks":false
      }
     ,"Security":{
        "Session State Protection":"Unrestricted"
       ,"Store value encrypted in session state":true
       ,"Restricted Characters":"All characters can be saved."
      }
    }
  ]
 ,"Buttons":[
    {
      "id":"12843806308177792"
     ,"Identification":{
        "Button Name":"DELETE"
       ,"Label":"Delete"
      }
     ,"Layout":{
        "Sequence":20
       ,"Region":"An\u00E1lisis de Riesgos (12791140790177761)"
       ,"Position":"DELETE"
       ,"Start New Layout":false
       ,"Start New Row":true
       ,"Column":"Automatic"
       ,"New Column":true
       ,"Column Span":"Automatic"
      }
     ,"Appearance":{
        "Button Template":"Text (11427348859501830)"
       ,"Hot":false
       ,"Template Options":[
          "#DEFAULT#"
        ]
      }
     ,"Behavior":{
        "Action":"Submit Page"
       ,"Execute Validations":false
       ,"Warn on Unsaved Changes":"Do Not Check"
       ,"Database Action":"SQL DELETE action"
      }
     ,"Confirmation":{
        "Message":"\u0026APP_TEXT$DELETE_MSG!RAW."
       ,"Style":"Danger"
      }
     ,"Server-side Condition":{
        "Type":"Item is NOT NULL"
       ,"Item":"P31_RESPUESTA_ID"
      }
    }
   ,{
      "id":"12844219987177792"
     ,"Identification":{
        "Button Name":"SAVE"
       ,"Label":"Apply Changes"
      }
     ,"Layout":{
        "Sequence":30
       ,"Region":"An\u00E1lisis de Riesgos (12791140790177761)"
       ,"Position":"CHANGE"
       ,"Start New Layout":false
       ,"Start New Row":true
       ,"Column":"Automatic"
       ,"New Column":true
       ,"Column Span":"Automatic"
      }
     ,"Appearance":{
        "Button Template":"Text (11427348859501830)"
       ,"Hot":true
       ,"Template Options":[
          "#DEFAULT#"
        ]
      }
     ,"Behavior":{
        "Action":"Submit Page"
       ,"Execute Validations":true
       ,"Warn on Unsaved Changes":"Do Not Check"
       ,"Database Action":"SQL UPDATE action"
      }
     ,"Server-side Condition":{
        "Type":"Item is NOT NULL"
       ,"Item":"P31_RESPUESTA_ID"
      }
    }
   ,{
      "id":"12844606308177792"
     ,"Identification":{
        "Button Name":"CREATE"
       ,"Label":"Create"
      }
     ,"Layout":{
        "Sequence":40
       ,"Region":"An\u00E1lisis de Riesgos (12791140790177761)"
       ,"Position":"CREATE"
       ,"Start New Layout":false
       ,"Start New Row":true
       ,"Column":"Automatic"
       ,"New Column":true
       ,"Column Span":"Automatic"
      }
     ,"Appearance":{
        "Button Template":"Text (11427348859501830)"
       ,"Hot":true
       ,"Template Options":[
          "#DEFAULT#"
        ]
      }
     ,"Behavior":{
        "Action":"Submit Page"
       ,"Execute Validations":true
       ,"Warn on Unsaved Changes":"Do Not Check"
       ,"Database Action":"SQL INSERT action"
      }
     ,"Server-side Condition":{
        "Type":"Item is NULL"
       ,"Item":"P31_RESPUESTA_ID"
      }
    }
  ]
 ,"Computations":[
    {
      "id":"12759094789088805"
     ,"Identification":{
        "Item Name":"P31_EMPRESA_ID"
      }
     ,"Execution":{
        "Sequence":10
       ,"Point":"Before Regions"
      }
     ,"Computation":{
        "Type":"Item"
       ,"Item Name":"COD_EMPRESA"
      }
    }
  ]
 ,"Processes":[
    {
      "id":"12845498447177793"
     ,"Identification":{
        "Name":"Initialize form An\u00E1lisis de Riesgos"
       ,"Type":"Form - Initialization"
       ,"Execution Chain":"None"
       ,"Form Region":"An\u00E1lisis de Riesgos (12791140790177761)"
      }
     ,"Execution":{
        "Sequence":10
       ,"Point":"Before Header"
       ,"Run Process":"Once Per Page Visit (default)"
      }
    }
   ,{
      "id":"12845861158177793"
     ,"Identification":{
        "Name":"Process form An\u00E1lisis de Riesgos"
       ,"Type":"Form - Automatic Row Processing (DML)"
       ,"Execution Chain":"None"
       ,"Form Region":"An\u00E1lisis de Riesgos (12791140790177761)"
      }
     ,"Settings":{
        "Target Type":"Region Source"
       ,"Prevent Lost Updates":true
       ,"Lock Row":"Yes"
       ,"Return Primary Key(s) after Insert":true
      }
     ,"Execution":{
        "Sequence":10
       ,"Point":"Processing"
       ,"Run Process":"Once Per Page Visit (default)"
      }
     ,"Error":{
        "Display Location":"Inline in Notification"
      }
    }
  ]
 ,"Branches":[
    {
      "id":"12844905474177792"
     ,"Identification":{
        "Name":"Go To Page 1"
      }
     ,"Execution":{
        "Sequence":1
       ,"Point":"After Processing"
      }
     ,"Behavior":{
        "Type":"Page or URL (Redirect)"
       ,"Target":{
          "url":"f?p=\u0026APP_ID.:29:\u0026SESSION.::\u0026DEBUG.:::\u0026success_msg=#SUCCESS_MSG#"
         ,"Page":"29"
        }
      }
    }
  ]
}
