{
  "id":"1"
 ,"Identification":{
    "Name":"Home"
   ,"Alias":"HOME"
   ,"Title":"Home"
  }
 ,"Appearance":{
    "Page Mode":"Normal"
   ,"Page Template":"Theme Default"
   ,"Template Options":[
      "#DEFAULT#"
    ]
  }
 ,"Navigation Menu":{
    "Override User Interface Level":false
  }
 ,"Navigation":{
    "Cursor Focus":"Do not focus cursor"
   ,"Warn on Unsaved Changes":true
  }
 ,"CSS":{
    "Inline":"span{\n    font-size:15px;\n}\n\n.box{\n    padding:60px 0px;\n}\n\n.box-part{\n    background:#ccc;\n    border-radius:0;\n    padding:60px 10px;\n    margin:5px 0px;\n    text-align: center;\n    height: 200px;\n}\n.text{\n    margin:20px 0px;\n}\n\n.fa{\n     text-align: center;\n     color:rgba(75, 75, 75, 0.5);\n}\n\n\n.title{\n    text-align: center;\n}\n\n.green{color:green;}\n.orange{color:orange;}\n.red{color:red;}\n.black{color:black;}\n\n\/*******************************************************************************\/\n\n\n[class*=\u0027stacked--\u0027] {\n  position: relative;\n  -webkit-transition: -webkit-transform 0.3s ease-in-out;\n  transition: -webkit-transform 0.3s ease-in-out;\n  transition: transform 0.3s ease-in-out;\n  transition: transform 0.3s ease-in-out, -webkit-transform 0.3s ease-in-out;\n  will-change: transform;\n}\n[class*=\u0027stacked--\u0027]:before, [class*=\u0027stacked--\u0027]:after {\n  content: \u0027\u0027;\n  position: absolute;\n  top: 0;\n  right: 0;\n  bottom: 0;\n  left: 0;\n  \/*background-color: currentColor;*\/\n  -webkit-transition: -webkit-transform 0.3s ease-in-out;\n  transition: -webkit-transform 0.3s ease-in-out;\n  transition: transform 0.3s ease-in-out;\n  transition: transform 0.3s ease-in-out, -webkit-transform 0.3s ease-in-out;\n  will-change: transform;\n}\n[class*=\u0027stacked--\u0027]:before {\n  z-index: -1;\n}\n[class*=\u0027stacked--\u0027]:after {\n  z-index: -2;\n}\n\n.stacked--up:before, .stacked--up:after {\n  -webkit-transform-origin: center bottom;\n          transform-origin: center bottom;\n}\n.stacked--up:hover {\n  -webkit-transform: translate(0, -5px);\n          transform: translate(0, -5px);\n}\n.stacked--up:hover:before {\n  -webkit-transform: translate(0, 5px) scale(0.95);\n          transform: translate(0, 5px) scale(0.95);\n}\n.stacked--up:hover:after {\n  -webkit-transform: translate(0, 10px) scale(0.9);\n          transform: translate(0, 10px) scale(0.9);\n}\n\nhr{\n    border: 0;\n    height: 1px;\n    \/*background-image: linear-gradient(to right, rgba(0, 0, 0, 0), rgba(0, 0, 0, 0.75), rgba(0, 0, 0, 0));*\/\n    background-image: linear-gradient(to right, rgba(0, 0, 0, 0), rgba(9, 8, 8, 0.5), rgba(0, 0, 0, 0));\n}\n\na.bold{\n    font-weight:bold;\n}\n\na.bold:hover{\n    text-decoration: underline;\n}"
  }
 ,"Security":{
    "Authentication":"Page Requires Authentication"
   ,"Deep Linking":"Application Default"
   ,"Page Access Protection":"Unrestricted"
   ,"Form Auto Complete":"Off"
   ,"Browser Cache":"Application Default"
  }
 ,"Session Management":{
    "Rejoin Sessions":"Application Default"
  }
 ,"Advanced":{
    "Enable duplicate page submissions":"Yes - Enable page to be re-posted"
   ,"Reload on Submit":"Only for Success"
  }
 ,"Server Cache":{
    "Caching":"Disabled"
  }
 ,"Regions":[
    {
      "id":"7788860318619735"
     ,"Identification":{
        "Title":"PDP - Protecci\u00F3n de Datos Personales"
       ,"Type":"Static Content"
      }
     ,"Source":{
        "HTML Code":"\u003Cp\u003E \u003C\/p\u003E\n\n\u003Cpre\u003E\n\n\u003C\/pre\u003E\n\n"
      }
     ,"Layout":{
        "Sequence":10
       ,"Parent Region":"No Parent"
       ,"Position":"BODY"
       ,"Start New Layout":false
       ,"Start New Row":true
       ,"Column":"4"
       ,"New Column":true
       ,"Column Span":"6"
      }
     ,"Appearance":{
        "Template":"Content Block (11363891017501789)"
       ,"Template Options":[
          "#DEFAULT#"
         ,"t-ContentBlock--h1"
        ]
       ,"Render Components":"Above Content"
      }
     ,"Advanced":{
        "Region Display Selector":false
       ,"Exclude Title from Translation":false
      }
     ,"Server Cache":{
        "Caching":"Disabled"
      }
     ,"Customization":{
        "Customizable":"Not Customizable By End Users"
      }
     ,"Attributes":{
        "Settings":{
          "Output As":"HTML"
         ,"Expand Shortcuts":false
        }
      }
    }
   ,{
      "id":"7789059311619737"
     ,"Identification":{
        "Title":"Breadcrumb"
       ,"Type":"Breadcrumb"
      }
     ,"Source":{
        "Breadcrumb":"Breadcrumb (11320946023501739)"
      }
     ,"Layout":{
        "Sequence":70
       ,"Parent Region":"No Parent"
       ,"Position":"REGION_POSITION_01"
       ,"Start New Layout":false
       ,"Start New Row":true
       ,"Column":"Automatic"
       ,"New Column":true
       ,"Column Span":"Automatic"
      }
     ,"Appearance":{
        "Template":"Title Bar (11380653829501797)"
       ,"Template Options":[
          "#DEFAULT#"
         ,"t-BreadcrumbRegion--useBreadcrumbTitle"
        ]
       ,"Render Components":"Above Content"
      }
     ,"Advanced":{
        "Region Display Selector":false
       ,"Exclude Title from Translation":false
      }
     ,"Server Cache":{
        "Caching":"Disabled"
      }
     ,"Customization":{
        "Customizable":"Not Customizable By End Users"
      }
     ,"Attributes":{
        "Appearance":{
          "Breadcrumb Template":"Breadcrumb (11428688633501831)"
         ,"Template Options":[
            "#DEFAULT#"
          ]
        }
      }
    }
   ,{
      "id":"7790378199619750"
     ,"Identification":{
        "Title":"."
       ,"Type":"Cards"
      }
     ,"Source":{
        "Location":"Local Database"
       ,"Type":"SQL Query"
       ,"SQL Query":"select \u0027fa-apex\u0027  icon_class,\n       :APP_IMAGES || file_name image_url\nfrom apex_application_static_files\nwhere file_name = \u0027Alex.jpg\u0027\nand application_id = :APP_ID"
      }
     ,"Layout":{
        "Sequence":30
       ,"Parent Region":"Nosotros (8248856013822903)"
       ,"Position":"BODY"
       ,"Start New Layout":false
       ,"Start New Row":false
       ,"Column":"Automatic"
       ,"New Column":true
       ,"Column Span":"Automatic"
      }
     ,"Appearance":{
        "Template":"Alert (11342364808501771)"
       ,"Template Options":[
          "#DEFAULT#"
         ,"t-CardsRegion--styleB"
        ]
       ,"Render Components":"Above Content"
      }
     ,"Advanced":{
        "Region Display Selector":false
       ,"Exclude Title from Translation":false
      }
     ,"Server Cache":{
        "Caching":"Disabled"
      }
     ,"Customization":{
        "Customizable":"Not Customizable By End Users"
      }
     ,"Attributes":{
        "id":"8248690936822901"
       ,"Appearance":{
          "Layout":"Horizontal (Row)"
        }
       ,"Title":{
          "Advanced Formatting":true
         ,"HTML Expression":"\u003Ch3 class=\"a-CardView-title \"\u003EAlexander Ramirez\u003C\/h3\u003E"
        }
       ,"Subtitle":{
          "Advanced Formatting":false
        }
       ,"Body":{
          "Advanced Formatting":true
         ,"HTML Expression":"\u003Cp\u003EIngenier Electronico..\u003C\/p\u003E"
        }
       ,"Secondary Body":{
          "Advanced Formatting":false
        }
       ,"Icon and Badge":{
          "Icon Source":"Icon Class Column"
         ,"Icon Column":"ICON_CLASS"
         ,"Icon CSS Classes":"fa"
         ,"Icon Position":"Start"
        }
       ,"Media":{
          "Advanced Formatting":false
         ,"Source":"URL Column"
         ,"URL Column":"IMAGE_URL"
         ,"Position":"First"
         ,"Appearance":"Widescreen"
         ,"Sizing":"Cover"
         ,"Image Description":"Redwood Mountain"
        }
       ,"Performance":{
          "Lazy Loading":false
        }
       ,"Pagination":{
          "Type":"Scroll"
         ,"Show Total Count":false
        }
       ,"Actions":[
          {
            "id":"8248732726822902"
           ,"Identification":{
              "Type":"Title"
            }
           ,"Layout":{
              "Sequence":10
            }
           ,"Link":{
              "Type":"Redirect to URL"
             ,"Target":"https:\/\/www.linkedin.com\/in\/lucia-diaz-mayorga-54086887\/"
             ,"Link Attributes":"target=\"_blank\""
            }
          }
        ]
      }
    }
   ,{
      "id":"8248856013822903"
     ,"Identification":{
        "Title":"Nosotros"
       ,"Type":"Cards"
      }
     ,"Source":{
        "Location":"Local Database"
       ,"Type":"SQL Query"
       ,"SQL Query":"select \u0027fa-apex\u0027  icon_class,\n       :APP_IMAGES || file_name image_url\nfrom apex_application_static_files\nwhere file_name = \u0027Lucia\u0027\nand application_id = :APP_ID"
      }
     ,"Layout":{
        "Sequence":60
       ,"Parent Region":"No Parent"
       ,"Position":"BODY"
       ,"Start New Layout":false
       ,"Start New Row":true
       ,"Column":"Automatic"
       ,"New Column":true
       ,"Column Span":"Automatic"
      }
     ,"Appearance":{
        "Template":"Alert (11342364808501771)"
       ,"Template Options":[
          "#DEFAULT#"
         ,"t-CardsRegion--styleB"
        ]
       ,"Render Components":"Above Content"
      }
     ,"Advanced":{
        "Region Display Selector":true
       ,"Exclude Title from Translation":false
      }
     ,"Server Cache":{
        "Caching":"Disabled"
      }
     ,"Customization":{
        "Customizable":"Not Customizable By End Users"
      }
     ,"Attributes":{
        "id":"8248999628822904"
       ,"Appearance":{
          "Layout":"Horizontal (Row)"
        }
       ,"Title":{
          "Advanced Formatting":true
         ,"HTML Expression":"\u003Ch3 class=\"a-CardView-title \"\u003ELucia Diaz\u003C\/h3\u003E"
        }
       ,"Subtitle":{
          "Advanced Formatting":false
        }
       ,"Body":{
          "Advanced Formatting":true
         ,"HTML Expression":"\u003Cp\u003EIngeniera de Sistemas..\u003C\/p\u003E"
        }
       ,"Secondary Body":{
          "Advanced Formatting":false
        }
       ,"Icon and Badge":{
          "Icon Source":"Icon Class Column"
         ,"Icon Column":"ICON_CLASS"
         ,"Icon CSS Classes":"fa"
         ,"Icon Position":"Start"
        }
       ,"Media":{
          "Advanced Formatting":false
         ,"Source":"URL Column"
         ,"URL Column":"IMAGE_URL"
         ,"Position":"First"
         ,"Appearance":"Widescreen"
         ,"Sizing":"Cover"
         ,"Image Description":"Redwood Mountain"
        }
       ,"Performance":{
          "Lazy Loading":false
        }
       ,"Pagination":{
          "Type":"Scroll"
         ,"Show Total Count":false
        }
       ,"Actions":[
          {
            "id":"8249024447822905"
           ,"Identification":{
              "Type":"Title"
            }
           ,"Layout":{
              "Sequence":10
            }
           ,"Link":{
              "Type":"Redirect to URL"
             ,"Target":"https:\/\/www.linkedin.com\/in\/lucia-diaz-mayorga-54086887\/"
             ,"Link Attributes":"target=\"_blank\""
            }
          }
        ]
      }
    }
   ,{
      "id":"6059718981470176276"
     ,"Identification":{
        "Title":"\u00BF Que es PDP?"
       ,"Type":"Cards"
      }
     ,"Source":{
        "Location":"Local Database"
       ,"Type":"SQL Query"
       ,"SQL Query":"select \u0027fa-apex\u0027  icon_class,\n       :APP_IMAGES || file_name image_url\nfrom apex_application_static_files\nwhere file_name = \u0027PDP\u0027\nand application_id = :APP_ID"
      }
     ,"Layout":{
        "Sequence":40
       ,"Parent Region":"No Parent"
       ,"Position":"BODY"
       ,"Start New Layout":false
       ,"Start New Row":true
       ,"Column":"Automatic"
       ,"New Column":true
       ,"Column Span":"Automatic"
      }
     ,"Appearance":{
        "Template":"Alert (11342364808501771)"
       ,"Template Options":[
          "#DEFAULT#"
         ,"t-CardsRegion--styleB"
        ]
       ,"Render Components":"Above Content"
      }
     ,"Advanced":{
        "Region Display Selector":true
       ,"Exclude Title from Translation":false
      }
     ,"Server Cache":{
        "Caching":"Disabled"
      }
     ,"Customization":{
        "Customizable":"Not Customizable By End Users"
      }
     ,"Attributes":{
        "id":"8244775961665625"
       ,"Appearance":{
          "Layout":"Horizontal (Row)"
        }
       ,"Title":{
          "Advanced Formatting":true
         ,"HTML Expression":"\u003Ch3 class=\"a-CardView-title \"\u003EHerramienta de PDP - Protecci\u00F3n de Datos Personales\u003C\/h3\u003E"
        }
       ,"Subtitle":{
          "Advanced Formatting":false
        }
       ,"Body":{
          "Advanced Formatting":true
         ,"HTML Expression":"\u003Cp\u003EEntendemos la importancia cr\u00EDtica de cumplir con la norma 1581 de 2012 para proteger los datos personales en el sector salud. Nuestra herramienta proporciona una evaluaci\u00F3n detallada del estado actual de tu empresa respecto a esta regulaci\u00F3n, identificando oportunidades claras para mejorar y asegurar la conformidad .\u003C\/p\u003E"
        }
       ,"Secondary Body":{
          "Advanced Formatting":false
        }
       ,"Icon and Badge":{
          "Icon Source":"Icon Class Column"
         ,"Icon Column":"ICON_CLASS"
         ,"Icon CSS Classes":"fa"
         ,"Icon Position":"Start"
        }
       ,"Media":{
          "Advanced Formatting":false
         ,"Source":"URL Column"
         ,"URL Column":"IMAGE_URL"
         ,"Position":"Body"
         ,"Appearance":"Auto"
         ,"Sizing":"Fit"
        }
       ,"Performance":{
          "Lazy Loading":false
        }
       ,"Pagination":{
          "Type":"Scroll"
         ,"Show Total Count":false
        }
       ,"Actions":[
          {
            "id":"8245299854665626"
           ,"Identification":{
              "Type":"Title"
            }
           ,"Layout":{
              "Sequence":10
            }
           ,"Link":{
              "Type":"Redirect to Page in this Application"
             ,"Target":{
                "url":"f?p=\u0026APP_ID.:4:\u0026SESSION.::\u0026DEBUG.:::"
               ,"Page":"4"
              }
             ,"Link Attributes":"target=\"_blank\""
            }
          }
        ]
      }
    }
   ,{
      "id":"6059746496330757574"
     ,"Identification":{
        "Title":"RDS"
       ,"Type":"Region Display Selector"
      }
     ,"Layout":{
        "Sequence":50
       ,"Parent Region":"No Parent"
       ,"Position":"BODY"
       ,"Start New Layout":false
       ,"Start New Row":false
       ,"Column":"Automatic"
       ,"New Column":false
       ,"Column Span":"Automatic"
      }
     ,"Appearance":{
        "Template":"Blank with Attributes (No Grid) (11346218049501779)"
       ,"Template Options":[
          "#DEFAULT#"
        ]
       ,"Render Components":"Above Content"
      }
     ,"Advanced":{
        "Region Display Selector":false
       ,"Exclude Title from Translation":false
      }
     ,"Server Cache":{
        "Caching":"Disabled"
      }
     ,"Customization":{
        "Customizable":"Not Customizable By End Users"
      }
     ,"Attributes":{
        "Settings":{
          "Mode":"View Single Region"
         ,"Display Region Icons":false
         ,"Include \u0027Show All\u0027":false
         ,"Remember Selection":"No"
        }
      }
    }
  ]
}
