{
  "id":"5"
 ,"Identification":{
    "Name":"Folders"
   ,"Title":"Folders"
  }
 ,"Appearance":{
    "Page Mode":"Normal"
   ,"Page Template":"Theme Default"
   ,"Template Options":[
      "#DEFAULT#"
    ]
  }
 ,"Navigation Menu":{
    "Override User Interface Level":false
  }
 ,"Navigation":{
    "Cursor Focus":"Do not focus cursor"
   ,"Warn on Unsaved Changes":true
  }
 ,"CSS":{
    "Inline":"span{\n    font-size:15px;\n}\n\n.box{\n    padding:60px 0px;\n}\n\n.box-part{\n    background:#ccc;\n    border-radius:0;\n    padding:60px 10px;\n    margin:5px 0px;\n    text-align: center;\n    height: 250px;\n}\n.text{\n    margin:20px 0px;\n}\n\n.fa{\n     text-align: center;\n     color:rgba(75, 75, 75, 0.5);\n}\n\/***************************\/\n\n\/*\n.box-part{\n    background:#fff;\n    border-radius:2px;\n    padding:40px 10px;\n    margin:30px 0px;\n    height: 500px;\n}*\/\n\n.title{\n    text-align: center;\n}\n\n.green{color:green;}\n.orange{color:orange;}\n.red{color:red;}\n.black{color:black;}\n\n\/*******************************************************************************\/\n\n\n[class*=\u0027stacked--\u0027] {\n  position: relative;\n  -webkit-transition: -webkit-transform 0.3s ease-in-out;\n  transition: -webkit-transform 0.3s ease-in-out;\n  transition: transform 0.3s ease-in-out;\n  transition: transform 0.3s ease-in-out, -webkit-transform 0.3s ease-in-out;\n  will-change: transform;\n}\n[class*=\u0027stacked--\u0027]:before, [class*=\u0027stacked--\u0027]:after {\n  content: \u0027\u0027;\n  position: absolute;\n  top: 0;\n  right: 0;\n  bottom: 0;\n  left: 0;\n  \/*background-color: currentColor;*\/\n  -webkit-transition: -webkit-transform 0.3s ease-in-out;\n  transition: -webkit-transform 0.3s ease-in-out;\n  transition: transform 0.3s ease-in-out;\n  transition: transform 0.3s ease-in-out, -webkit-transform 0.3s ease-in-out;\n  will-change: transform;\n}\n[class*=\u0027stacked--\u0027]:before {\n  z-index: -1;\n}\n[class*=\u0027stacked--\u0027]:after {\n  z-index: -2;\n}\n\n.stacked--up:before, .stacked--up:after {\n  -webkit-transform-origin: center bottom;\n          transform-origin: center bottom;\n}\n.stacked--up:hover {\n  -webkit-transform: translate(0, -5px);\n          transform: translate(0, -5px);\n}\n.stacked--up:hover:before {\n  -webkit-transform: translate(0, 5px) scale(0.95);\n          transform: translate(0, 5px) scale(0.95);\n}\n.stacked--up:hover:after {\n  -webkit-transform: translate(0, 10px) scale(0.9);\n          transform: translate(0, 10px) scale(0.9);\n}\n\nhr{\n    border: 0;\n    height: 1px;\n    \/*background-image: linear-gradient(to right, rgba(0, 0, 0, 0), rgba(0, 0, 0, 0.75), rgba(0, 0, 0, 0));*\/\n    background-image: linear-gradient(to right, rgba(0, 0, 0, 0), rgba(9, 8, 8, 0.5), rgba(0, 0, 0, 0));\n}\n\na.bold{\n    font-weight:bold;\n}\n\na.bold:hover{\n    text-decoration: underline;\n}"
  }
 ,"Security":{
    "Authentication":"Page Requires Authentication"
   ,"Deep Linking":"Application Default"
   ,"Page Access Protection":"Unrestricted"
   ,"Form Auto Complete":"Off"
   ,"Browser Cache":"Application Default"
  }
 ,"Session Management":{
    "Rejoin Sessions":"Application Default"
  }
 ,"Advanced":{
    "Enable duplicate page submissions":"Yes - Enable page to be re-posted"
   ,"Reload on Submit":"Only for Success"
  }
 ,"Server Cache":{
    "Caching":"Disabled"
  }
 ,"Regions":[
    {
      "id":"11030665645661553"
     ,"Identification":{
        "Title":"Documentos"
       ,"Type":"PL\/SQL Dynamic Content [Legacy]"
      }
     ,"Source":{
        "PL\/SQL Code":"declare\n    l_columnas pls_integer := 4;\n    l_total_fils pls_integer := 0;\n    l_bootstrap_columns pls_integer := 18 \/ l_columnas;\n    \n    cursor cursor_documentos is\n    select id, folder, descripcion\n    from documentos\n    order by id desc;\n    \n    type lty_cursor is table of cursor_documentos%rowtype index by binary_integer;\n    \n    it_docs lty_cursor;\nbegin \n\nhtp.p(\u0027\u003Cdiv class=\"row\"\u003E\u0027);--row default\n\n    open cursor_documentos;\n    \n    fetch cursor_documentos bulk collect into it_docs;\n    \n        for i in it_docs.first .. it_docs.last \n            loop\n            \n            htp.p(\u0027\u003Cdiv class=\"col col-\u0027 || l_bootstrap_columns ||\u0027 card card-3 stacked up\"\u003E \u0027);\n            \n                htp.p(\u0027\u003Cdiv class=\"box-part text-center\"\u003E\u0027);\n\n                    htp.p(\u0027\u003Cdiv class=\"title\"\u003E\u0027);\n                        htp.p(\u0027\u003Ch3\u003E\u0027|| it_docs(i).folder || \u0027\u003C\/h3\u003E\u0027 );\n                    htp.p(\u0027\u003C\/div\u003E\u0027);\n\n                    htp.p(\u0027\u003Cdiv class=\"text\"\u003E\u0027);\n                        htp.p(\u0027\u003Cp\u003E\u0027|| it_docs(i).descripcion || \u0027\u003C\/p\u003E\u0027 );\n                        htp.p(\u0027\u003Ca href=\"f?p=\u0027 || v(\u0027APP_ID\u0027) || \u0027:14:\u0027 || v(\u0027APP_SESSION\u0027) || \u0027::NO:RP,14:P14_CATEGORIA:\u0027 ||it_docs(i).folder ||\u0027\"\u003E Ver documentos \u003C\/a\u003E \u003Cbr\u003E\u0027);\n                       \n                    htp.p(\u0027\u003C\/div\u003E\u0027);\n                    \n                    \n\n\n                htp.p(\u0027\u003C\/div\u003E\u0027);\n            \n            htp.p(\u0027\u003C\/div\u003E\u0027);\n            \n            l_total_fils := l_total_fils + 1;\n            \n                if MOD(l_total_fils , l_columnas) = 0 then\n                    htp.p(\u0027\u003C\/div\u003E \u003C!-- Primer row cerrado --\u003E\n                          \u003Cdiv class=\"row\"\u003E\u0027);\n                end if;\n            \n            \n            end loop;\n            \n            htp.p(\u0027\u003C\/div\u003E\u0027);\n    \n    close cursor_documentos;\nend;"
      }
     ,"Layout":{
        "Sequence":10
       ,"Parent Region":"No Parent"
       ,"Position":"BODY"
       ,"Start New Layout":false
       ,"Start New Row":true
       ,"Column":"Automatic"
       ,"New Column":true
       ,"Column Span":"Automatic"
      }
     ,"Appearance":{
        "Template":"Standard (11371245017501793)"
       ,"Template Options":[
          "#DEFAULT#"
         ,"t-Region--removeHeader"
         ,"t-Region--scrollBody"
        ]
       ,"Render Components":"Above Content"
      }
     ,"Advanced":{
        "Region Display Selector":true
       ,"Exclude Title from Translation":false
      }
     ,"Server Cache":{
        "Caching":"Disabled"
      }
     ,"Customization":{
        "Customizable":"Not Customizable By End Users"
      }
    }
  ]
}
