{
  "id":"36"
 ,"Identification":{
    "Name":"Radar"
   ,"Alias":"RADAR"
   ,"Title":"Radar"
  }
 ,"Appearance":{
    "Page Mode":"Normal"
   ,"Page Template":"Theme Default"
   ,"Template Options":[
      "#DEFAULT#"
    ]
  }
 ,"Navigation Menu":{
    "Override User Interface Level":false
  }
 ,"Navigation":{
    "Cursor Focus":"Do not focus cursor"
   ,"Warn on Unsaved Changes":true
  }
 ,"Security":{
    "Authentication":"Page Requires Authentication"
   ,"Deep Linking":"Application Default"
   ,"Page Access Protection":"Arguments Must Have Checksum"
   ,"Form Auto Complete":"Off"
   ,"Browser Cache":"Application Default"
  }
 ,"Session Management":{
    "Rejoin Sessions":"Application Default"
  }
 ,"Advanced":{
    "Enable duplicate page submissions":"Yes - Enable page to be re-posted"
   ,"Reload on Submit":"Only for Success"
  }
 ,"Server Cache":{
    "Caching":"Disabled"
  }
 ,"Regions":[
    {
      "id":"13528629522758236"
     ,"Identification":{
        "Title":"Radar"
       ,"Type":"Chart"
      }
     ,"Layout":{
        "Sequence":10
       ,"Parent Region":"No Parent"
       ,"Position":"BODY"
       ,"Start New Layout":false
       ,"Start New Row":true
       ,"Column":"Automatic"
       ,"New Column":true
       ,"Column Span":"Automatic"
      }
     ,"Appearance":{
        "Template":"Standard (11371245017501793)"
       ,"Template Options":[
          "#DEFAULT#"
         ,"js-showMaximizeButton"
         ,"t-Region--scrollBody"
        ]
       ,"Render Components":"Above Content"
      }
     ,"Advanced":{
        "Region Display Selector":false
       ,"Exclude Title from Translation":false
      }
     ,"Security":{
        "Escape special characters":false
      }
     ,"Server Cache":{
        "Caching":"Disabled"
      }
     ,"Customization":{
        "Customizable":"Not Customizable By End Users"
      }
     ,"Attributes":{
        "id":"13529021514758238"
       ,"Chart":{
          "Type":"Radar"
        }
       ,"Appearance":{
          "Stack":false
        }
       ,"Layout":{
          "Maximum Width":650
         ,"Height":400
        }
       ,"Data Cursor":{
          "Cursor":"Automatic"
         ,"Behavior":"Automatic"
         ,"Dim On Hover":true
        }
       ,"Multi-Series Chart Data":{
          "Fill Gaps in Chart Data":true
         ,"Sort Order":"Label - Ascending"
         ,"Render Gap as Zero":true
        }
       ,"Settings":{
          "Zoom and Scroll":"No"
        }
       ,"Animation":{
          "On Display":"Automatic"
         ,"On Data Change":"Automatic"
        }
       ,"Tooltip":{
          "Show":true
         ,"Show Series Name":true
         ,"Show Group Name":true
         ,"Show Value":true
        }
       ,"Legend":{
          "Show":true
         ,"Position":"Automatic"
         ,"Hide and Show Behavior":"None"
        }
       ,"Series":[
          {
            "id":"13530774038758241"
           ,"Identification":{
              "Name":"Categoria Prinicpios de Protecci\u00F3n de Datos"
             ,"Type":"Line"
            }
           ,"Execution":{
              "Sequence":10
            }
           ,"Source":{
              "Location":"Local Database"
             ,"Type":"SQL Query"
             ,"SQL Query":"SELECT \n    CATEGORIA,  -- Usamos \u0027categoria\u0027 como el nombre de la categor\u00EDa\n    AVG(\n        (SELECT AVG(CASE WHEN r.P1 = \u0027s\u00ED\u0027 THEN 1 ELSE 0 END) FROM respuestas r WHERE r.EMPRESA_ID = resp.EMPRESA_ID) +\n        (SELECT AVG(CASE WHEN r.P2 = \u0027s\u00ED\u0027 THEN 1 ELSE 0 END) FROM respuestas r WHERE r.EMPRESA_ID = resp.EMPRESA_ID) +\n        -- Contin\u00FAa agregando consultas para cada columna de respuesta hasta P60\n        (SELECT AVG(CASE WHEN r.P60 = \u0027s\u00ED\u0027 THEN 1 ELSE 0 END) FROM respuestas r WHERE r.EMPRESA_ID = resp.EMPRESA_ID)\n    ) \/ 60 AS tasa_de_cumplimiento  -- Aseg\u00FArate de ajustar el divisor al n\u00FAmero de preguntas activas\nFROM \n    respuestas resp\nJOIN \n    preguntas preg ON resp.respuesta_id = preg.pregunta_id\nJOIN \n    categorias cat ON preg.categoria_id = cat.categoria_id\nWHERE \n    resp.empresa_id = 2 AND cat.categoria_id = 1  -- Filtrando por categoria_id 1\nGROUP BY \n    CATEGORIA "
            }
           ,"Column Mapping":{
              "Label":"CATEGORIA"
             ,"Value":"TASA_DE_CUMPLIMIENTO"
             ,"Label Tooltip":"CATEGORIA"
            }
           ,"Line":{
              "Type":"Automatic"
            }
           ,"Label":{
              "Show":true
             ,"Position":"Automatic"
            }
          }
        ]
       ,"Axes":[
          {
            "id":"13529596412758240"
           ,"Identification":{
              "Name":"x"
             ,"Show Axis":true
            }
           ,"Value":{
              "Format Scaling":"Automatic"
             ,"Baseline Scaling":"Zero"
             ,"Scale":"Linear"
            }
           ,"Major Ticks":{
              "Show":"Automatic"
            }
           ,"Minor Ticks":{
            }
           ,"Tick Label":{
              "Show":true
             ,"Rotation":true
             ,"Position":"Outside"
            }
          }
         ,{
            "id":"13530159295758241"
           ,"Identification":{
              "Name":"y"
             ,"Show Axis":true
            }
           ,"Value":{
              "Format":"Decimal"
             ,"Decimal Places":0
             ,"Format Scaling":"None"
             ,"Baseline Scaling":"Zero"
             ,"Scale":"Linear"
            }
           ,"Appearance":{
              "Position":"Automatic"
            }
           ,"Major Ticks":{
              "Show":"Automatic"
            }
           ,"Minor Ticks":{
            }
           ,"Tick Label":{
              "Show":true
            }
          }
        ]
      }
    }
  ]
}
