{
  "id":"29"
 ,"Identification":{
    "Name":"Resultados An\u00E1lisis de Riesgos"
   ,"Alias":"RESULTADOS-AN\u00C1LISIS-DE-RIESGOS"
   ,"Title":"Resultados An\u00E1lisis de Riesgos"
  }
 ,"Appearance":{
    "Page Mode":"Normal"
   ,"Page Template":"Theme Default"
   ,"Template Options":[
      "#DEFAULT#"
    ]
  }
 ,"Navigation Menu":{
    "Override User Interface Level":false
  }
 ,"Navigation":{
    "Cursor Focus":"Do not focus cursor"
   ,"Warn on Unsaved Changes":true
  }
 ,"Security":{
    "Authentication":"Page Requires Authentication"
   ,"Deep Linking":"Application Default"
   ,"Page Access Protection":"Arguments Must Have Checksum"
   ,"Form Auto Complete":"Off"
   ,"Browser Cache":"Application Default"
  }
 ,"Session Management":{
    "Rejoin Sessions":"Application Default"
  }
 ,"Advanced":{
    "Enable duplicate page submissions":"Yes - Enable page to be re-posted"
   ,"Reload on Submit":"Only for Success"
  }
 ,"Server Cache":{
    "Caching":"Disabled"
  }
 ,"Regions":[
    {
      "id":"12871757566250998"
     ,"Identification":{
        "Title":"Breadcrumb"
       ,"Type":"Breadcrumb"
      }
     ,"Source":{
        "Breadcrumb":"Breadcrumb (11320946023501739)"
      }
     ,"Layout":{
        "Sequence":10
       ,"Parent Region":"No Parent"
       ,"Position":"REGION_POSITION_01"
       ,"Start New Layout":false
       ,"Start New Row":true
       ,"Column":"Automatic"
       ,"New Column":true
       ,"Column Span":"Automatic"
      }
     ,"Appearance":{
        "Template":"Title Bar (11380653829501797)"
       ,"Template Options":[
          "#DEFAULT#"
         ,"t-BreadcrumbRegion--useBreadcrumbTitle"
        ]
       ,"Render Components":"Above Content"
      }
     ,"Advanced":{
        "Region Display Selector":false
       ,"Exclude Title from Translation":false
      }
     ,"Server Cache":{
        "Caching":"Disabled"
      }
     ,"Customization":{
        "Customizable":"Not Customizable By End Users"
      }
     ,"Attributes":{
        "Appearance":{
          "Breadcrumb Template":"Breadcrumb (11428688633501831)"
         ,"Template Options":[
            "#DEFAULT#"
          ]
        }
      }
    }
   ,{
      "id":"12930104398942306"
     ,"Identification":{
        "Title":"Totales"
       ,"Type":"Classic Report"
      }
     ,"Source":{
        "Location":"Local Database"
       ,"Type":"SQL Query"
       ,"SQL Query":"SELECT \n  R.EMPRESA_ID, \n  SUM(\n    CASE WHEN R.P61 = \u0027SI\u0027 THEN (SELECT PONDERACION FROM PREGUNTAS WHERE PREGUNTA_ID = 61) ELSE 0 END +\n    CASE WHEN R.P62 = \u0027SI\u0027 THEN (SELECT PONDERACION FROM PREGUNTAS WHERE PREGUNTA_ID = 62) ELSE 0 END +\n    CASE WHEN R.P63 = \u0027SI\u0027 THEN (SELECT PONDERACION FROM PREGUNTAS WHERE PREGUNTA_ID = 63) ELSE 0 END +\n    CASE WHEN R.P64 = \u0027SI\u0027 THEN (SELECT PONDERACION FROM PREGUNTAS WHERE PREGUNTA_ID = 64) ELSE 0 END +\n    CASE WHEN R.P65 = \u0027SI\u0027 THEN (SELECT PONDERACION FROM PREGUNTAS WHERE PREGUNTA_ID = 65) ELSE 0 END +\n    CASE WHEN R.P66 = \u0027SI\u0027 THEN (SELECT PONDERACION FROM PREGUNTAS WHERE PREGUNTA_ID = 66) ELSE 0 END +\n    CASE WHEN R.P67 = \u0027SI\u0027 THEN (SELECT PONDERACION FROM PREGUNTAS WHERE PREGUNTA_ID = 67) ELSE 0 END +\n    CASE WHEN R.P68 = \u0027SI\u0027 THEN (SELECT PONDERACION FROM PREGUNTAS WHERE PREGUNTA_ID = 68) ELSE 0 END +\n    CASE WHEN R.P69 = \u0027SI\u0027 THEN (SELECT PONDERACION FROM PREGUNTAS WHERE PREGUNTA_ID = 69) ELSE 0 END +\n    CASE WHEN R.P70 = \u0027SI\u0027 THEN (SELECT PONDERACION FROM PREGUNTAS WHERE PREGUNTA_ID = 70) ELSE 0 END\n  ) AS PUNTAJE_TOTAL\nFROM \n  RESPUESTAS R\nWHERE \n  R.EMPRESA_ID = :COD_EMPRESA --AND\n  --R.FECHA = TO_DATE(:FECHA, \u0027DD-MM-YYYY\u0027) \nGROUP BY \n  R.EMPRESA_ID;"
      }
     ,"Layout":{
        "Sequence":10
       ,"Parent Region":"Nivel de Riesgo (13363010725059835)"
       ,"Position":"BODY"
       ,"Start New Layout":false
       ,"Start New Row":true
       ,"Column":"Automatic"
       ,"New Column":true
       ,"Column Span":"Automatic"
      }
     ,"Appearance":{
        "Template":"None"
       ,"Render Components":"Above Content"
      }
     ,"Advanced":{
        "Exclude Title from Translation":false
      }
     ,"Server Cache":{
        "Caching":"Disabled"
      }
     ,"Customization":{
        "Customizable":"Not Customizable By End Users"
      }
     ,"Attributes":{
        "Layout":{
          "Number of Rows Type":"Static Value"
         ,"Number of Rows":10
        }
       ,"Appearance":{
          "Template Type":"Theme"
         ,"Template":"Badge List (11390730203501803)"
         ,"Template Options":[
            "#DEFAULT#"
           ,"u-colors"
           ,"t-BadgeList--xxlarge"
           ,"t-BadgeList--circular"
           ,"t-BadgeList--fixed"
          ]
        }
       ,"Pagination":{
          "Type":"No Pagination (Show All Rows)"
         ,"Partial Page Refresh":false
        }
       ,"Break Formatting":{
          "Break Columns":"No Break"
        }
       ,"Advanced":{
          "Strip HTML":false
         ,"Sort Nulls":"Last"
        }
       ,"Heading":{
          "Type":"Custom Headings"
        }
       ,"Download":{
          "CSV Export Enabled":false
        }
       ,"Printing":{
          "Enabled":false
        }
      }
     ,"Columns":[
        {
          "id":"12930230855942307"
         ,"Identification":{
            "Column Name":"EMPRESA_ID"
           ,"Type":"Hidden Column"
          }
         ,"Layout":{
            "Sequence":10
          }
         ,"UI Defaults Reference":{
            "Table Owner":"Parsing Schema"
          }
         ,"Security":{
            "Escape special characters":true
          }
        }
       ,{
          "id":"12930311070942308"
         ,"Identification":{
            "Column Name":"PUNTAJE_TOTAL"
           ,"Type":"Plain Text"
          }
         ,"Heading":{
            "Heading":"Puntaje Total"
           ,"Alignment":"end"
          }
         ,"Layout":{
            "Sequence":20
           ,"Column Alignment":"end"
          }
         ,"Accessibility":{
            "Value Identifies Row":false
          }
         ,"Sorting":{
            "Sortable":true
          }
         ,"Export \/ Printing":{
            "Include In Export \/ Print":true
          }
         ,"Advanced":{
            "Compute Sum":false
          }
         ,"UI Defaults Reference":{
            "Table Owner":"Parsing Schema"
          }
         ,"Security":{
            "Escape special characters":true
          }
        }
      ]
    }
   ,{
      "id":"12930485202942309"
     ,"Identification":{
        "Title":"Recomendaciones Generales"
       ,"Type":"Classic Report"
      }
     ,"Source":{
        "Location":"Local Database"
       ,"Type":"SQL Query"
       ,"SQL Query":"SELECT \n   -- RECOMENDACI\u00D3N_ID,\n    --RESPUESTA_ID,\n    RECOMENDACI\u00D3N,\n   -- CATEGORIA_ID,\n    CATEGORIA,\n    PONDERACION\nFROM \n    RECOMENDACION\n    \n    WHERE CATEGORIA_ID = 7;"
      }
     ,"Layout":{
        "Sequence":40
       ,"Parent Region":"No Parent"
       ,"Position":"BODY"
       ,"Start New Layout":false
       ,"Start New Row":true
       ,"Column":"Automatic"
       ,"New Column":true
       ,"Column Span":"Automatic"
      }
     ,"Appearance":{
        "Template":"Standard (11371245017501793)"
       ,"Template Options":[
          "#DEFAULT#"
         ,"t-Region--removeHeader"
         ,"t-Region--scrollBody"
        ]
       ,"Render Components":"Above Content"
      }
     ,"Advanced":{
        "Region Display Selector":false
       ,"Exclude Title from Translation":false
      }
     ,"Server Cache":{
        "Caching":"Disabled"
      }
     ,"Customization":{
        "Customizable":"Not Customizable By End Users"
      }
     ,"Attributes":{
        "Layout":{
          "Number of Rows Type":"Static Value"
         ,"Number of Rows":15
        }
       ,"Appearance":{
          "Template Type":"Theme"
         ,"Template":"Standard (11394305043501805)"
         ,"Template Options":[
            "#DEFAULT#"
           ,"t-Report--altRowsDefault"
           ,"t-Report--rowHighlight"
          ]
        }
       ,"Pagination":{
          "Type":"Row Ranges X to Y (with next and previous links)"
         ,"Display Position":"Bottom - Right"
         ,"Partial Page Refresh":true
        }
       ,"Performance":{
          "Lazy Loading":false
        }
       ,"Break Formatting":{
          "Break Columns":"No Break"
        }
       ,"Advanced":{
          "Strip HTML":false
         ,"Sort Nulls":"Last"
        }
       ,"Heading":{
          "Type":"Custom Headings"
        }
       ,"Download":{
          "CSV Export Enabled":false
        }
       ,"Printing":{
          "Enabled":false
        }
      }
     ,"Columns":[
        {
          "id":"12930542081942310"
         ,"Identification":{
            "Column Name":"RECOMENDACI\u00D3N"
           ,"Type":"Plain Text"
          }
         ,"Heading":{
            "Heading":"Recomendaci\u00F3n"
           ,"Alignment":"start"
          }
         ,"Layout":{
            "Sequence":10
           ,"Column Alignment":"start"
          }
         ,"Accessibility":{
            "Value Identifies Row":false
          }
         ,"Sorting":{
            "Sortable":true
          }
         ,"Export \/ Printing":{
            "Include In Export \/ Print":true
          }
         ,"Advanced":{
            "Compute Sum":false
          }
         ,"UI Defaults Reference":{
            "Table Owner":"Parsing Schema"
          }
         ,"Security":{
            "Escape special characters":true
          }
        }
       ,{
          "id":"12930626297942311"
         ,"Identification":{
            "Column Name":"CATEGORIA"
           ,"Type":"Plain Text"
          }
         ,"Heading":{
            "Heading":"Categoria"
           ,"Alignment":"start"
          }
         ,"Layout":{
            "Sequence":20
           ,"Column Alignment":"start"
          }
         ,"Accessibility":{
            "Value Identifies Row":false
          }
         ,"Sorting":{
            "Sortable":true
          }
         ,"Export \/ Printing":{
            "Include In Export \/ Print":true
          }
         ,"Advanced":{
            "Compute Sum":false
          }
         ,"UI Defaults Reference":{
            "Table Owner":"Parsing Schema"
          }
         ,"Security":{
            "Escape special characters":true
          }
        }
       ,{
          "id":"12930785915942312"
         ,"Identification":{
            "Column Name":"PONDERACION"
           ,"Type":"Plain Text"
          }
         ,"Heading":{
            "Heading":"Ponderacion"
           ,"Alignment":"end"
          }
         ,"Layout":{
            "Sequence":30
           ,"Column Alignment":"end"
          }
         ,"Accessibility":{
            "Value Identifies Row":false
          }
         ,"Sorting":{
            "Sortable":true
          }
         ,"Export \/ Printing":{
            "Include In Export \/ Print":true
          }
         ,"Advanced":{
            "Compute Sum":false
          }
         ,"UI Defaults Reference":{
            "Table Owner":"Parsing Schema"
          }
         ,"Security":{
            "Escape special characters":true
          }
        }
      ]
    }
   ,{
      "id":"13362552791059830"
     ,"Identification":{
        "Title":"Status"
       ,"Type":"Chart"
      }
     ,"Layout":{
        "Sequence":20
       ,"Parent Region":"Nivel de Riesgo (13363010725059835)"
       ,"Position":"BODY"
       ,"Start New Layout":false
       ,"Start New Row":false
       ,"Column":"Automatic"
       ,"New Column":true
       ,"Column Span":"Automatic"
      }
     ,"Appearance":{
        "Template":"Standard (11371245017501793)"
       ,"Template Options":[
          "t-Region--removeHeader"
         ,"t-Region--textContent"
         ,"t-Region--hiddenOverflow"
        ]
       ,"Render Components":"Above Content"
      }
     ,"Advanced":{
        "Region Display Selector":false
       ,"Exclude Title from Translation":false
      }
     ,"Security":{
        "Escape special characters":true
      }
     ,"Server Cache":{
        "Caching":"Disabled"
      }
     ,"Customization":{
        "Customizable":"Not Customizable By End Users"
      }
     ,"Attributes":{
        "id":"13362678997059831"
       ,"Chart":{
          "Type":"Status Meter Gauge"
        }
       ,"Layout":{
          "Maximum Width":250
         ,"Height":200
        }
       ,"Gauge":{
          "Orientation":"Circular"
         ,"Show Plot Area":true
         ,"Indicator Size":0.5
         ,"Inner Radius":0.7
         ,"Start Angle":180
         ,"Angle Extent":180
        }
       ,"Value":{
          "Show":true
         ,"Value Type":"Percent"
         ,"Format":"Percent"
         ,"Format Scaling":"Automatic"
        }
       ,"Animation":{
          "On Display":"Automatic"
         ,"On Data Change":"Automatic"
        }
       ,"Tooltip":{
          "Show":true
        }
       ,"Series":[
          {
            "id":"13362720801059832"
           ,"Identification":{
              "Name":"New"
            }
           ,"Execution":{
              "Sequence":10
            }
           ,"Source":{
              "Location":"Local Database"
             ,"Type":"SQL Query"
             ,"SQL Query":"select\n    80 value, \n    100 as target \nfrom\n    dual;"
            }
           ,"Column Mapping":{
              "Value":"VALUE"
             ,"Maximum Value":"TARGET"
             ,"Custom Tooltip":"TARGET"
            }
           ,"Appearance":{
              "Color":"#008000"
            }
           ,"Thresholds":{
              "Values":"\u0026VALUE., \u0026TARGET."
             ,"Colors":"yellow,red"
             ,"Display":"All"
            }
           ,"Reference Lines":{
              "Values":"\u0026VALUE."
             ,"Colors":"Green"
            }
           ,"Label":{
              "Show":true
             ,"Position":"Automatic"
            }
          }
        ]
      }
    }
   ,{
      "id":"13363010725059835"
     ,"Identification":{
        "Title":"Nivel de Riesgo"
       ,"Type":"Static Content"
      }
     ,"Layout":{
        "Sequence":20
       ,"Parent Region":"No Parent"
       ,"Position":"BODY"
       ,"Start New Layout":false
       ,"Start New Row":true
       ,"Column":"3"
       ,"New Column":true
       ,"Column Span":"Automatic"
      }
     ,"Appearance":{
        "Template":"None"
       ,"Render Components":"Above Content"
      }
     ,"Advanced":{
        "Exclude Title from Translation":false
      }
     ,"Server Cache":{
        "Caching":"Disabled"
      }
     ,"Customization":{
        "Customizable":"Not Customizable By End Users"
      }
     ,"Attributes":{
        "Settings":{
          "Output As":"HTML"
         ,"Expand Shortcuts":false
        }
      }
    }
   ,{
      "id":"13363145801059836"
     ,"Identification":{
        "Title":"New"
       ,"Type":"Static Content"
      }
     ,"Source":{
        "HTML Code":"\u003Cp style=\"background: #f7f5f5; font-weight: bold; padding: 20px;  font-family: \u0027Cambria\u0027, serif; font-style: italic; font-size: 24px; text-align: center;\"\u003ERecomendaciones Sugeridas\u003C\/p\u003E"
      }
     ,"Layout":{
        "Sequence":70
       ,"Parent Region":"Recomendaciones Generales (12930485202942309)"
       ,"Position":"BODY"
       ,"Start New Layout":false
       ,"Start New Row":true
       ,"Column":"Automatic"
       ,"New Column":true
       ,"Column Span":"Automatic"
      }
     ,"Appearance":{
        "Template":"None"
       ,"Render Components":"Above Content"
      }
     ,"Advanced":{
        "Exclude Title from Translation":false
      }
     ,"Server Cache":{
        "Caching":"Disabled"
      }
     ,"Customization":{
        "Customizable":"Not Customizable By End Users"
      }
     ,"Attributes":{
        "Settings":{
          "Output As":"HTML"
         ,"Expand Shortcuts":false
        }
      }
    }
   ,{
      "id":"13363299285059837"
     ,"Identification":{
        "Title":"Rangos"
       ,"Type":"Static Content"
      }
     ,"Source":{
        "HTML Code":"\u003Cp style=\"background: #f7f5f5; font-weight: bold; padding: 20px;  font-family: \u0027Cambria\u0027, serif; font-style: italic; font-size: 24px;\"\u003ENiveles de Riesgo\u003C\/p\u003E\n\n\u003Cstrong\u003EAlto - Protegido (80-100%) \u003C\/strong\u003E: \n \u003Cp\u003EEste rango indica que la entidad realiza un an\u00E1lisis de riesgos de manera exhaustiva y efectiva. Las organizaciones en este nivel han implementado un proceso sistem\u00E1tico y continuo para identificar, evaluar y gestionar los riesgos asociados al tratamiento de datos personales. Utilizan herramientas y metodolog\u00EDas avanzadas para asegurar que los riesgos est\u00E1n siendo identificados y mitigados adecuadamente, lo cual incluye la evaluaci\u00F3n de amenazas, vulnerabilidades y posibles impactos, garantizando as\u00ED un alto grado de cumplimiento y un bajo riesgo de infracci\u00F3n de la normativa.\u003C\/p\u003E\n \u003Cstrong\u003EMedio - Intermedio (50-80%) \u003C\/strong\u003E:\n \u003Cp\u003ELas entidades en este rango tienen procedimientos de an\u00E1lisis de riesgos implementados, pero pueden ser parciales o no completamente efectivos. Aunque reconocen la importancia del an\u00E1lisis de riesgos y han comenzado a aplicar algunas medidas de control, a\u00FAn existen \u00E1reas que requieren mejoras para gestionar de manera m\u00E1s efectiva los riesgos asociados al tratamiento de datos personales. El riesgo de incumplimiento es moderado, y es necesario fortalecer la aplicaci\u00F3n de medidas de mitigaci\u00F3n o la cobertura del an\u00E1lisis para alcanzar un nivel \u00F3ptimo de cumplimiento.\u003C\/p\u003E\n \u003Cstrong\u003EBajo - En riesgo (0-50%) \u003C\/strong\u003E :\n\u003Cp\u003EEn este rango, las entidades presentan deficiencias significativas en su capacidad para realizar un an\u00E1lisis de riesgos adecuado. Pueden carecer de un proceso formal para identificar y gestionar los riesgos, o sus esfuerzos pueden ser espor\u00E1dicos e ineficaces. La falta de un an\u00E1lisis de riesgos completo y sistem\u00E1tico conlleva un alto riesgo de incumplimiento, ya que no se identifican adecuadamente las amenazas ni se implementan las medidas de control necesarias para proteger los datos personales. Esto pone a la entidad en riesgo de sufrir incidentes de seguridad y de incumplir con la ley.\u003C\/p\u003E"
      }
     ,"Layout":{
        "Sequence":30
       ,"Parent Region":"No Parent"
       ,"Position":"BODY"
       ,"Start New Layout":false
       ,"Start New Row":true
       ,"Column":"Automatic"
       ,"New Column":true
       ,"Column Span":"Automatic"
      }
     ,"Appearance":{
        "Template":"None"
       ,"Render Components":"Above Content"
      }
     ,"Advanced":{
        "Exclude Title from Translation":false
      }
     ,"Server Cache":{
        "Caching":"Disabled"
      }
     ,"Customization":{
        "Customizable":"Not Customizable By End Users"
      }
     ,"Attributes":{
        "Settings":{
          "Output As":"HTML"
         ,"Expand Shortcuts":false
        }
      }
    }
  ]
}
