{
  "id":"30"
 ,"Identification":{
    "Name":"Resultados Historia Clinica"
   ,"Alias":"RESULTADOS-HISTORIA-CLINICA"
   ,"Title":"Resultados Historia Clinica"
  }
 ,"Appearance":{
    "Page Mode":"Normal"
   ,"Page Template":"Theme Default"
   ,"Template Options":[
      "#DEFAULT#"
    ]
  }
 ,"Navigation Menu":{
    "Override User Interface Level":false
  }
 ,"Navigation":{
    "Cursor Focus":"Do not focus cursor"
   ,"Warn on Unsaved Changes":true
  }
 ,"Security":{
    "Authentication":"Page Requires Authentication"
   ,"Deep Linking":"Application Default"
   ,"Page Access Protection":"Arguments Must Have Checksum"
   ,"Form Auto Complete":"Off"
   ,"Browser Cache":"Application Default"
  }
 ,"Session Management":{
    "Rejoin Sessions":"Application Default"
  }
 ,"Advanced":{
    "Enable duplicate page submissions":"Yes - Enable page to be re-posted"
   ,"Reload on Submit":"Only for Success"
  }
 ,"Server Cache":{
    "Caching":"Disabled"
  }
 ,"Regions":[
    {
      "id":"12762202578088837"
     ,"Identification":{
        "Title":"-"
       ,"Type":"Classic Report"
      }
     ,"Source":{
        "Location":"Local Database"
       ,"Type":"SQL Query"
       ,"SQL Query":"SELECT \n  R.EMPRESA_ID, \n  SUM(\n    CASE WHEN R.P51 = \u0027SI\u0027 THEN (SELECT PONDERACION FROM PREGUNTAS WHERE PREGUNTA_ID = 51) ELSE 0 END +\n    CASE WHEN R.P52 = \u0027SI\u0027 THEN (SELECT PONDERACION FROM PREGUNTAS WHERE PREGUNTA_ID = 52) ELSE 0 END +\n    CASE WHEN R.P53 = \u0027SI\u0027 THEN (SELECT PONDERACION FROM PREGUNTAS WHERE PREGUNTA_ID = 53) ELSE 0 END +\n    CASE WHEN R.P54 = \u0027SI\u0027 THEN (SELECT PONDERACION FROM PREGUNTAS WHERE PREGUNTA_ID = 54) ELSE 0 END +\n    CASE WHEN R.P55 = \u0027SI\u0027 THEN (SELECT PONDERACION FROM PREGUNTAS WHERE PREGUNTA_ID = 55) ELSE 0 END +\n    CASE WHEN R.P56 = \u0027SI\u0027 THEN (SELECT PONDERACION FROM PREGUNTAS WHERE PREGUNTA_ID = 56) ELSE 0 END +\n    CASE WHEN R.P57 = \u0027SI\u0027 THEN (SELECT PONDERACION FROM PREGUNTAS WHERE PREGUNTA_ID = 57) ELSE 0 END +\n    CASE WHEN R.P58 = \u0027SI\u0027 THEN (SELECT PONDERACION FROM PREGUNTAS WHERE PREGUNTA_ID = 58) ELSE 0 END +\n    CASE WHEN R.P59 = \u0027SI\u0027 THEN (SELECT PONDERACION FROM PREGUNTAS WHERE PREGUNTA_ID = 59) ELSE 0 END +\n    CASE WHEN R.P60 = \u0027SI\u0027 THEN (SELECT PONDERACION FROM PREGUNTAS WHERE PREGUNTA_ID = 60) ELSE 0 END\n  ) AS PUNTAJE_TOTAL\nFROM \n  RESPUESTAS R\nWHERE \n  R.EMPRESA_ID = :COD_EMPRESA --AND\n  --R.FECHA = TO_DATE(:FECHA, \u0027DD-MM-YYYY\u0027) \nGROUP BY \n  R.EMPRESA_ID;"
      }
     ,"Layout":{
        "Sequence":10
       ,"Parent Region":"Nivel de Riesgo (13363894984059843)"
       ,"Position":"BODY"
       ,"Start New Layout":false
       ,"Start New Row":true
       ,"Column":"Automatic"
       ,"New Column":true
       ,"Column Span":"Automatic"
      }
     ,"Appearance":{
        "Template":"None"
       ,"Render Components":"Above Content"
      }
     ,"Advanced":{
        "Exclude Title from Translation":false
      }
     ,"Server Cache":{
        "Caching":"Disabled"
      }
     ,"Customization":{
        "Customizable":"Not Customizable By End Users"
      }
     ,"Attributes":{
        "Layout":{
          "Number of Rows Type":"Static Value"
         ,"Number of Rows":10
        }
       ,"Appearance":{
          "Template Type":"Theme"
         ,"Template":"Badge List (11390730203501803)"
         ,"Template Options":[
            "#DEFAULT#"
           ,"u-colors"
           ,"t-BadgeList--xxlarge"
           ,"t-BadgeList--circular"
           ,"t-BadgeList--fixed"
          ]
        }
       ,"Pagination":{
          "Type":"No Pagination (Show All Rows)"
         ,"Partial Page Refresh":true
        }
       ,"Performance":{
          "Lazy Loading":false
        }
       ,"Break Formatting":{
          "Break Columns":"No Break"
        }
       ,"Advanced":{
          "Strip HTML":false
         ,"Sort Nulls":"Last"
        }
       ,"Heading":{
          "Type":"Custom Headings"
        }
       ,"Download":{
          "CSV Export Enabled":false
        }
       ,"Printing":{
          "Enabled":false
        }
      }
     ,"Columns":[
        {
          "id":"12762302849088838"
         ,"Identification":{
            "Column Name":"EMPRESA_ID"
           ,"Type":"Hidden Column"
          }
         ,"Layout":{
            "Sequence":10
          }
         ,"UI Defaults Reference":{
            "Table Owner":"Parsing Schema"
          }
         ,"Security":{
            "Escape special characters":true
          }
        }
       ,{
          "id":"12762467530088839"
         ,"Identification":{
            "Column Name":"PUNTAJE_TOTAL"
           ,"Type":"Plain Text"
          }
         ,"Heading":{
            "Heading":"Puntaje Total"
           ,"Alignment":"end"
          }
         ,"Layout":{
            "Sequence":20
           ,"Column Alignment":"end"
          }
         ,"Accessibility":{
            "Value Identifies Row":false
          }
         ,"Sorting":{
            "Sortable":true
          }
         ,"Export \/ Printing":{
            "Include In Export \/ Print":true
          }
         ,"Advanced":{
            "Compute Sum":false
          }
         ,"UI Defaults Reference":{
            "Table Owner":"Parsing Schema"
          }
         ,"Security":{
            "Escape special characters":true
          }
        }
      ]
    }
   ,{
      "id":"12762569218088840"
     ,"Identification":{
        "Title":"Recomendaciones Generales"
       ,"Type":"Classic Report"
      }
     ,"Source":{
        "Location":"Local Database"
       ,"Type":"SQL Query"
       ,"SQL Query":"SELECT \n   -- RECOMENDACI\u00D3N_ID,\n    --RESPUESTA_ID,\n    RECOMENDACI\u00D3N,\n   -- CATEGORIA_ID,\n    CATEGORIA,\n    PONDERACION\nFROM \n    RECOMENDACION\n    \n    WHERE CATEGORIA_ID = 6;"
      }
     ,"Layout":{
        "Sequence":50
       ,"Parent Region":"No Parent"
       ,"Position":"BODY"
       ,"Start New Layout":false
       ,"Start New Row":true
       ,"Column":"Automatic"
       ,"New Column":true
       ,"Column Span":"Automatic"
      }
     ,"Appearance":{
        "Template":"None"
       ,"Render Components":"Above Content"
      }
     ,"Advanced":{
        "Exclude Title from Translation":false
      }
     ,"Server Cache":{
        "Caching":"Disabled"
      }
     ,"Customization":{
        "Customizable":"Not Customizable By End Users"
      }
     ,"Attributes":{
        "Layout":{
          "Number of Rows Type":"Static Value"
         ,"Number of Rows":15
        }
       ,"Appearance":{
          "Template Type":"Theme"
         ,"Template":"Standard (11394305043501805)"
         ,"Template Options":[
            "#DEFAULT#"
           ,"t-Report--altRowsDefault"
           ,"t-Report--rowHighlight"
          ]
        }
       ,"Pagination":{
          "Type":"Row Ranges X to Y (with next and previous links)"
         ,"Display Position":"Bottom - Right"
         ,"Partial Page Refresh":true
        }
       ,"Performance":{
          "Lazy Loading":false
        }
       ,"Break Formatting":{
          "Break Columns":"No Break"
        }
       ,"Advanced":{
          "Strip HTML":false
         ,"Sort Nulls":"Last"
        }
       ,"Heading":{
          "Type":"Custom Headings"
        }
       ,"Download":{
          "CSV Export Enabled":false
        }
       ,"Printing":{
          "Enabled":false
        }
      }
     ,"Columns":[
        {
          "id":"12762665900088841"
         ,"Identification":{
            "Column Name":"RECOMENDACI\u00D3N"
           ,"Type":"Plain Text"
          }
         ,"Heading":{
            "Heading":"Recomendaci\u00F3n"
           ,"Alignment":"start"
          }
         ,"Layout":{
            "Sequence":10
           ,"Column Alignment":"start"
          }
         ,"Accessibility":{
            "Value Identifies Row":false
          }
         ,"Sorting":{
            "Sortable":true
          }
         ,"Export \/ Printing":{
            "Include In Export \/ Print":true
          }
         ,"Advanced":{
            "Compute Sum":false
          }
         ,"UI Defaults Reference":{
            "Table Owner":"Parsing Schema"
          }
         ,"Security":{
            "Escape special characters":true
          }
        }
       ,{
          "id":"12762778331088842"
         ,"Identification":{
            "Column Name":"CATEGORIA"
           ,"Type":"Plain Text"
          }
         ,"Heading":{
            "Heading":"Categoria"
           ,"Alignment":"start"
          }
         ,"Layout":{
            "Sequence":20
           ,"Column Alignment":"start"
          }
         ,"Accessibility":{
            "Value Identifies Row":false
          }
         ,"Sorting":{
            "Sortable":true
          }
         ,"Export \/ Printing":{
            "Include In Export \/ Print":true
          }
         ,"Advanced":{
            "Compute Sum":false
          }
         ,"UI Defaults Reference":{
            "Table Owner":"Parsing Schema"
          }
         ,"Security":{
            "Escape special characters":true
          }
        }
       ,{
          "id":"12762882105088843"
         ,"Identification":{
            "Column Name":"PONDERACION"
           ,"Type":"Plain Text"
          }
         ,"Heading":{
            "Heading":"Ponderacion"
           ,"Alignment":"end"
          }
         ,"Layout":{
            "Sequence":30
           ,"Column Alignment":"end"
          }
         ,"Accessibility":{
            "Value Identifies Row":false
          }
         ,"Sorting":{
            "Sortable":true
          }
         ,"Export \/ Printing":{
            "Include In Export \/ Print":true
          }
         ,"Advanced":{
            "Compute Sum":false
          }
         ,"UI Defaults Reference":{
            "Table Owner":"Parsing Schema"
          }
         ,"Security":{
            "Escape special characters":true
          }
        }
      ]
    }
   ,{
      "id":"12923949563815992"
     ,"Identification":{
        "Title":"Breadcrumb"
       ,"Type":"Breadcrumb"
      }
     ,"Source":{
        "Breadcrumb":"Breadcrumb (11320946023501739)"
      }
     ,"Layout":{
        "Sequence":10
       ,"Parent Region":"No Parent"
       ,"Position":"REGION_POSITION_01"
       ,"Start New Layout":false
       ,"Start New Row":true
       ,"Column":"Automatic"
       ,"New Column":true
       ,"Column Span":"Automatic"
      }
     ,"Appearance":{
        "Template":"Title Bar (11380653829501797)"
       ,"Template Options":[
          "#DEFAULT#"
         ,"t-BreadcrumbRegion--useBreadcrumbTitle"
        ]
       ,"Render Components":"Above Content"
      }
     ,"Advanced":{
        "Region Display Selector":false
       ,"Exclude Title from Translation":false
      }
     ,"Server Cache":{
        "Caching":"Disabled"
      }
     ,"Customization":{
        "Customizable":"Not Customizable By End Users"
      }
     ,"Attributes":{
        "Appearance":{
          "Breadcrumb Template":"Breadcrumb (11428688633501831)"
         ,"Template Options":[
            "#DEFAULT#"
          ]
        }
      }
    }
   ,{
      "id":"13363382625059838"
     ,"Identification":{
        "Title":"New"
       ,"Type":"Chart"
      }
     ,"Layout":{
        "Sequence":30
       ,"Parent Region":"Nivel de Riesgo (13363894984059843)"
       ,"Position":"BODY"
       ,"Start New Layout":false
       ,"Start New Row":false
       ,"Column":"Automatic"
       ,"New Column":true
       ,"Column Span":"Automatic"
      }
     ,"Appearance":{
        "Template":"Standard (11371245017501793)"
       ,"Template Options":[
          "t-Region--removeHeader"
         ,"t-Region--textContent"
         ,"t-Region--hiddenOverflow"
        ]
       ,"Render Components":"Above Content"
      }
     ,"Advanced":{
        "Region Display Selector":false
       ,"Exclude Title from Translation":false
      }
     ,"Security":{
        "Escape special characters":true
      }
     ,"Server Cache":{
        "Caching":"Disabled"
      }
     ,"Customization":{
        "Customizable":"Not Customizable By End Users"
      }
     ,"Attributes":{
        "id":"13363419093059839"
       ,"Chart":{
          "Type":"Status Meter Gauge"
        }
       ,"Layout":{
          "Maximum Width":250
         ,"Height":200
        }
       ,"Gauge":{
          "Orientation":"Circular"
         ,"Show Plot Area":true
         ,"Indicator Size":0.5
         ,"Inner Radius":0.7
         ,"Start Angle":180
         ,"Angle Extent":180
        }
       ,"Value":{
          "Show":true
         ,"Value Type":"Percent"
         ,"Format":"Percent"
         ,"Format Scaling":"Automatic"
        }
       ,"Animation":{
          "On Display":"Automatic"
         ,"On Data Change":"Automatic"
        }
       ,"Tooltip":{
          "Show":true
        }
       ,"Series":[
          {
            "id":"13363511887059840"
           ,"Identification":{
              "Name":"New"
            }
           ,"Execution":{
              "Sequence":10
            }
           ,"Source":{
              "Location":"Local Database"
             ,"Type":"SQL Query"
             ,"SQL Query":"select\n    80 value, \n    100 as target \nfrom\n    dual;"
            }
           ,"Column Mapping":{
              "Value":"VALUE"
             ,"Maximum Value":"TARGET"
             ,"Custom Tooltip":"TARGET"
            }
           ,"Appearance":{
              "Color":"#008000"
            }
           ,"Thresholds":{
              "Values":"\u0026VALUE., \u0026TARGET."
             ,"Colors":"yellow,red"
             ,"Display":"All"
            }
           ,"Reference Lines":{
              "Values":"\u0026VALUE."
             ,"Colors":"Green"
            }
           ,"Label":{
              "Show":true
             ,"Position":"Automatic"
            }
          }
        ]
      }
    }
   ,{
      "id":"13363894984059843"
     ,"Identification":{
        "Title":"Nivel de Riesgo"
       ,"Type":"Static Content"
      }
     ,"Layout":{
        "Sequence":20
       ,"Parent Region":"No Parent"
       ,"Position":"BODY"
       ,"Start New Layout":false
       ,"Start New Row":true
       ,"Column":"3"
       ,"New Column":true
       ,"Column Span":"Automatic"
      }
     ,"Appearance":{
        "Template":"None"
       ,"Render Components":"Above Content"
      }
     ,"Advanced":{
        "Exclude Title from Translation":false
      }
     ,"Server Cache":{
        "Caching":"Disabled"
      }
     ,"Customization":{
        "Customizable":"Not Customizable By End Users"
      }
     ,"Attributes":{
        "Settings":{
          "Output As":"HTML"
         ,"Expand Shortcuts":false
        }
      }
    }
   ,{
      "id":"13363957353059844"
     ,"Identification":{
        "Title":"Rango"
       ,"Type":"Static Content"
      }
     ,"Source":{
        "HTML Code":"\u003Cp style=\"background: #f7f5f5; font-weight: bold; padding: 20px;  font-family: \u0027Cambria\u0027, serif; font-style: italic; font-size: 24px;\"\u003ENiveles de Riesgo\u003C\/p\u003E\n\u003Cstrong\u003EAlto - Protegido (80-100%) \u003C\/strong\u003E:\n\u003Cp\u003E Este rango indica que la entidad cumple de manera sobresaliente con las normativas relativas a la gesti\u00F3n de historias cl\u00EDnicas. Las organizaciones en este nivel manejan la recolecci\u00F3n, uso, almacenamiento y disposici\u00F3n de las historias cl\u00EDnicas de acuerdo con los principios de legalidad, finalidad, veracidad, seguridad, y confidencialidad. Implementan medidas de seguridad avanzadas y pol\u00EDticas claras para garantizar la protecci\u00F3n de los datos de salud, reduciendo significativamente el riesgo de incumplimiento y asegurando un alto nivel de confidencialidad y seguridad de la informaci\u00F3n del paciente.\u003C\/p\u003E\n\u003Cstrong\u003EMedio - Intermedio (50-80%) \u003C\/strong\u003E:\n\u003Cp\u003ELas entidades en este rango muestran un cumplimiento moderado de las regulaciones para la gesti\u00F3n de historias cl\u00EDnicas. Aunque tienen establecidas ciertas pr\u00E1cticas de manejo y protecci\u00F3n de los datos de salud, pueden existir brechas en sus sistemas que requieren atenci\u00F3n. Esto puede incluir aspectos como la seguridad en el almacenamiento de datos, procedimientos incompletos para el acceso y la actualizaci\u00F3n de la informaci\u00F3n, o inconsistencias en la obtenci\u00F3n del consentimiento del paciente. Existe un riesgo moderado de incumplimiento que necesitan abordar para mejorar su conformidad y proteger mejor la informaci\u00F3n del paciente.\u003C\/p\u003E\n\u003Cstrong\u003EBajo - En riesgo (0-50%) \u003C\/strong\u003E : \n\u003Cp\u003EEste rango se\u00F1ala un bajo nivel de cumplimiento en la gesti\u00F3n de historias cl\u00EDnicas. Las entidades aqu\u00ED pueden carecer de procedimientos adecuados para el manejo seguro y confidencial de la informaci\u00F3n de salud. Las deficiencias pueden incluir falta de medidas de seguridad adecuadas, manejo inadecuado del consentimiento del paciente, o fallas en la actualizaci\u00F3n y el acceso a la informaci\u00F3n de salud. Este bajo nivel de cumplimiento representa un alto riesgo de incumplimiento con las regulaciones legales, lo cual podr\u00EDa resultar en sanciones y comprometer la confidencialidad y la integridad de los datos del paciente.\u003C\/p\u003E"
      }
     ,"Layout":{
        "Sequence":30
       ,"Parent Region":"No Parent"
       ,"Position":"BODY"
       ,"Start New Layout":false
       ,"Start New Row":true
       ,"Column":"Automatic"
       ,"New Column":true
       ,"Column Span":"Automatic"
      }
     ,"Appearance":{
        "Template":"None"
       ,"Render Components":"Above Content"
      }
     ,"Advanced":{
        "Exclude Title from Translation":false
      }
     ,"Server Cache":{
        "Caching":"Disabled"
      }
     ,"Customization":{
        "Customizable":"Not Customizable By End Users"
      }
     ,"Attributes":{
        "Settings":{
          "Output As":"HTML"
         ,"Expand Shortcuts":false
        }
      }
    }
   ,{
      "id":"13364049246059845"
     ,"Identification":{
        "Title":"New"
       ,"Type":"Static Content"
      }
     ,"Source":{
        "HTML Code":"\u003Cp style=\"background: #f7f5f5; font-weight: bold; padding: 20px;  font-family: \u0027Cambria\u0027, serif; font-style: italic; font-size: 24px; text-align: center;\"\u003ERecomendaciones Sugeridas\u003C\/p\u003E"
      }
     ,"Layout":{
        "Sequence":40
       ,"Parent Region":"Recomendaciones Generales (12762569218088840)"
       ,"Position":"BODY"
       ,"Start New Layout":false
       ,"Start New Row":true
       ,"Column":"Automatic"
       ,"New Column":true
       ,"Column Span":"Automatic"
      }
     ,"Appearance":{
        "Template":"Standard (11371245017501793)"
       ,"Template Options":[
          "#DEFAULT#"
         ,"t-Region--removeHeader"
         ,"t-Region--scrollBody"
        ]
       ,"Render Components":"Above Content"
      }
     ,"Advanced":{
        "Region Display Selector":false
       ,"Exclude Title from Translation":false
      }
     ,"Server Cache":{
        "Caching":"Disabled"
      }
     ,"Customization":{
        "Customizable":"Not Customizable By End Users"
      }
     ,"Attributes":{
        "Settings":{
          "Output As":"HTML"
         ,"Expand Shortcuts":false
        }
      }
    }
  ]
}
