{
  "id":"6"
 ,"Identification":{
    "Name":"Administraci\u00F3n de categor\u00EDas "
   ,"Title":"Administraci\u00F3n de categor\u00EDas "
  }
 ,"Appearance":{
    "Page Mode":"Normal"
   ,"Page Template":"Theme Default"
   ,"Template Options":[
      "#DEFAULT#"
    ]
  }
 ,"Navigation Menu":{
    "Override User Interface Level":false
  }
 ,"Navigation":{
    "Cursor Focus":"Do not focus cursor"
   ,"Warn on Unsaved Changes":true
  }
 ,"Security":{
    "Authentication":"Page Requires Authentication"
   ,"Deep Linking":"Application Default"
   ,"Page Access Protection":"Unrestricted"
   ,"Form Auto Complete":"Off"
   ,"Browser Cache":"Application Default"
  }
 ,"Session Management":{
    "Rejoin Sessions":"Application Default"
  }
 ,"Advanced":{
    "Enable duplicate page submissions":"Yes - Enable page to be re-posted"
   ,"Reload on Submit":"Only for Success"
  }
 ,"Server Cache":{
    "Caching":"Disabled"
  }
 ,"Regions":[
    {
      "id":"11482920938291678"
     ,"Identification":{
        "Title":"Administraci\u00F3n de categor\u00EDas "
       ,"Type":"Interactive Grid"
      }
     ,"Source":{
        "Location":"Local Database"
       ,"Type":"SQL Query"
       ,"SQL Query":"select ID,\n       FOLDER,\n       DESCRIPCION\n  from DOCUMENTOS"
      }
     ,"Layout":{
        "Sequence":20
       ,"Parent Region":"No Parent"
       ,"Position":"BODY"
       ,"Start New Layout":false
       ,"Start New Row":true
       ,"Column":"Automatic"
       ,"New Column":true
       ,"Column Span":"Automatic"
      }
     ,"Appearance":{
        "Template":"Standard (11371245017501793)"
       ,"Template Options":[
          "#DEFAULT#"
        ]
       ,"Render Components":"Above Content"
      }
     ,"Advanced":{
        "Region Display Selector":false
       ,"Exclude Title from Translation":false
      }
     ,"Server Cache":{
        "Caching":"Disabled"
      }
     ,"Customization":{
        "Customizable":"Not Customizable By End Users"
      }
     ,"Attributes":{
        "id":"11483407573291678"
       ,"Edit":{
          "Enabled":true
         ,"Allowed Operations":[
            "Add Row"
           ,"Update Row"
           ,"Delete Row"
          ]
         ,"Lost Update Type":"Row Values"
         ,"Add Row If Empty":true
        }
       ,"Performance":{
          "Lazy Loading":false
        }
       ,"Appearance":{
          "Show Null Values as":"-"
         ,"Select First Row":true
         ,"Fixed Row Height":true
        }
       ,"Pagination":{
          "Type":"Scroll"
         ,"Show Total Count":true
        }
       ,"Toolbar":{
          "Show":true
         ,"Controls":[
            "Search Column Selection"
           ,"Search Field"
           ,"Actions Menu"
           ,"Reset Button"
           ,"Save Button"
          ]
        }
       ,"Enable Users To":{
          "Save Public Report":false
         ,"Flashback":true
         ,"Define Chart View":true
         ,"Download":true
        }
       ,"Download":{
          "Formats":[
            "CSV"
           ,"HTML"
           ,"PDF"
           ,"Excel"
          ]
         ,"Send as Email":true
        }
       ,"Heading":{
          "Fixed To":"Page"
        }
       ,"Icon View":{
          "Show":false
        }
       ,"Detail View":{
          "Show":false
        }
       ,"Saved Reports":[
          {
            "id":"11483846134291679"
           ,"Identification":{
              "Name":"Primary Report"
             ,"Alias":"78566"
            }
          }
        ]
      }
     ,"Columns":[
        {
          "id":"11484083581291680"
         ,"Identification":{
            "Column Name":"APEX$ROW_SELECTOR"
           ,"Type":"Row Selector"
          }
         ,"Settings":{
            "Enable Multi Select":true
           ,"Show Select All":true
           ,"Hide Control":false
          }
         ,"Layout":{
            "Sequence":10
          }
        }
       ,{
          "id":"11484654395291680"
         ,"Identification":{
            "Column Name":"APEX$ROW_ACTION"
           ,"Type":"Actions Menu"
          }
         ,"Layout":{
            "Sequence":20
          }
        }
       ,{
          "id":"11485235771291682"
         ,"Identification":{
            "Column Name":"ID"
           ,"Type":"Hidden"
          }
         ,"Settings":{
            "Value Protected":true
          }
         ,"Layout":{
            "Sequence":30
          }
         ,"Accessibility":{
            "Value Identifies Row":false
          }
         ,"Source":{
            "Type":"Database Column"
           ,"Database Column":"ID"
           ,"Data Type":"NUMBER"
           ,"Query Only":false
           ,"Primary Key":true
          }
         ,"Default":{
            "Duplicate Copies Existing Value":true
          }
         ,"Session State":{
            "Data Type":"VARCHAR2"
          }
         ,"Export \/ Printing":{
            "Include In Export \/ Print":false
          }
         ,"Enable Users To":{
            "Sort":true
           ,"Control Break\/Aggregate":true
          }
        }
       ,{
          "id":"11485860407291682"
         ,"Identification":{
            "Column Name":"FOLDER"
           ,"Type":"Textarea"
          }
         ,"Heading":{
            "Heading":"Folder"
           ,"Alignment":"start"
          }
         ,"Settings":{
            "Resizable":true
           ,"Auto-Height":false
           ,"Character Counter":false
           ,"Trim Spaces":"Leading and Trailing"
          }
         ,"Layout":{
            "Sequence":40
           ,"Column Alignment":"start"
           ,"Stretch":"Use Report Setting"
          }
         ,"Accessibility":{
            "Value Identifies Row":false
          }
         ,"Validation":{
            "Value Required":true
           ,"Maximum Length":255
          }
         ,"Source":{
            "Type":"Database Column"
           ,"Database Column":"FOLDER"
           ,"Data Type":"VARCHAR2"
           ,"Query Only":false
           ,"Primary Key":false
          }
         ,"Default":{
            "Duplicate Copies Existing Value":true
          }
         ,"Session State":{
            "Data Type":"VARCHAR2"
          }
         ,"Column Filter":{
            "Enabled":true
           ,"Performance Impacting Operators":[
              "Contains"
             ,"Starts With"
             ,"Case Insensitive"
             ,"Regular Expression"
            ]
           ,"Text Case":"Mixed"
           ,"LOV Type":"None"
          }
         ,"Export \/ Printing":{
            "Include In Export \/ Print":true
          }
         ,"Enable Users To":{
            "Sort":false
           ,"Hide":true
          }
        }
       ,{
          "id":"11486386894291683"
         ,"Identification":{
            "Column Name":"DESCRIPCION"
           ,"Type":"Textarea"
          }
         ,"Heading":{
            "Heading":"Descripcion"
           ,"Alignment":"start"
          }
         ,"Settings":{
            "Resizable":true
           ,"Auto-Height":false
           ,"Character Counter":false
           ,"Trim Spaces":"Leading and Trailing"
          }
         ,"Layout":{
            "Sequence":50
           ,"Column Alignment":"start"
           ,"Stretch":"Use Report Setting"
          }
         ,"Accessibility":{
            "Value Identifies Row":false
          }
         ,"Validation":{
            "Value Required":true
           ,"Maximum Length":255
          }
         ,"Source":{
            "Type":"Database Column"
           ,"Database Column":"DESCRIPCION"
           ,"Data Type":"VARCHAR2"
           ,"Query Only":false
           ,"Primary Key":false
          }
         ,"Default":{
            "Duplicate Copies Existing Value":true
          }
         ,"Session State":{
            "Data Type":"VARCHAR2"
          }
         ,"Column Filter":{
            "Enabled":true
           ,"Performance Impacting Operators":[
              "Contains"
             ,"Starts With"
             ,"Case Insensitive"
             ,"Regular Expression"
            ]
           ,"Text Case":"Mixed"
           ,"LOV Type":"None"
          }
         ,"Export \/ Printing":{
            "Include In Export \/ Print":true
          }
         ,"Enable Users To":{
            "Sort":false
           ,"Hide":true
          }
        }
      ]
     ,"Printing":{
        "Page":{
          "Size":"Letter"
         ,"Orientation":"Landscape"
         ,"Units":"Inches"
         ,"Width":11
         ,"Height":8.5
         ,"Border Width":0.5
         ,"Border Color":"#666666"
        }
       ,"Page Header":{
          "Font":"Helvetica"
         ,"Font Weight":"Normal"
         ,"Font Size":12
         ,"Font Color":"#000000"
         ,"Alignment":"center"
        }
       ,"Column Headings":{
          "Font":"Helvetica"
         ,"Font Weight":"Bold"
         ,"Font Size":10
         ,"Font Color":"#000000"
         ,"Background Color":"#EEEEEE"
        }
       ,"Columns":{
          "Font":"Helvetica"
         ,"Font Weight":"Normal"
         ,"Font Size":10
         ,"Font Color":"#000000"
         ,"Background Color":"#FFFFFF"
        }
       ,"Page Footer":{
          "Font":"Helvetica"
         ,"Font Weight":"Normal"
         ,"Font Size":12
         ,"Font Color":"#000000"
         ,"Alignment":"center"
        }
      }
    }
  ]
 ,"Processes":[
    {
      "id":"11487031321291683"
     ,"Identification":{
        "Name":"Administraci\u00F3n de categor\u00EDas  - Save Interactive Grid Data"
       ,"Type":"Interactive Grid - Automatic Row Processing (DML)"
       ,"Execution Chain":"None"
       ,"Editable Region":"Administraci\u00F3n de categor\u00EDas  (11482920938291678)"
      }
     ,"Settings":{
        "Target Type":"Region Source"
       ,"Prevent Lost Updates":true
       ,"Lock Row":"Yes"
       ,"Return Primary Key(s) after Insert":true
      }
     ,"Execution":{
        "Sequence":10
       ,"Point":"Processing"
       ,"Run Process":"Once Per Page Visit (default)"
      }
     ,"Error":{
        "Display Location":"Inline in Notification"
      }
     ,"Server-side Condition":{
        "Execution Scope":"For Created and Modified Rows"
      }
    }
  ]
}
