{
  "id":"10"
 ,"Identification":{
    "Name":"Application Static Files"
   ,"Alias":"APPLICATION-STATIC-FILES"
   ,"Title":"Application Static Files"
  }
 ,"Appearance":{
    "Page Mode":"Normal"
   ,"Page Template":"Theme Default"
   ,"Template Options":[
      "#DEFAULT#"
    ]
  }
 ,"Navigation Menu":{
    "Override User Interface Level":false
  }
 ,"Navigation":{
    "Cursor Focus":"Do not focus cursor"
   ,"Warn on Unsaved Changes":true
  }
 ,"CSS":{
    "Inline":".urlImages .a-CardView-media--widescreen:before {\n    padding-top: 20%;\n}\n\n.urlImages .a-CardView-iconWrap {\n    margin-top: calc(var(--a-cv-icon-container-size) \/ 2 * -1 - var(--a-cv-header-padding-y));\n}\n.urlImages .a-CardView-icon {\n    box-shadow: #fff 0 0 0 4px;\n}\n\n.apex-theme-redwood-light .urlImages .a-CardView-icon {\n    background-color: #508223;\n    color: #fff;\n}"
  }
 ,"Security":{
    "Authentication":"Page Requires Authentication"
   ,"Deep Linking":"Application Default"
   ,"Page Access Protection":"Arguments Must Have Checksum"
   ,"Form Auto Complete":"Off"
   ,"Browser Cache":"Application Default"
  }
 ,"Session Management":{
    "Rejoin Sessions":"Application Default"
  }
 ,"Advanced":{
    "Enable duplicate page submissions":"Yes - Enable page to be re-posted"
   ,"Reload on Submit":"Only for Success"
  }
 ,"Server Cache":{
    "Caching":"Disabled"
  }
 ,"Regions":[
    {
      "id":"16032630340211455"
     ,"Identification":{
        "Title":"Sobre Nosotros"
       ,"Type":"Cards"
      }
     ,"Source":{
        "Location":"Local Database"
       ,"Type":"Table \/ View"
       ,"Table Owner":"Parsing Schema"
       ,"Table Name":"IMAGENES"
       ,"Include ROWID Column":true
      }
     ,"Order By":{
        "Type":"None"
      }
     ,"Layout":{
        "Sequence":70
       ,"Parent Region":"No Parent"
       ,"Position":"BODY"
       ,"Start New Layout":false
       ,"Start New Row":false
       ,"Column":"Automatic"
       ,"New Column":false
       ,"Column Span":"Automatic"
      }
     ,"Appearance":{
        "Template":"Carousel Container (11346984315501780)"
       ,"Template Options":[
          "#DEFAULT#"
         ,"t-Region--hiddenOverflow"
        ]
       ,"Render Components":"Above Content"
      }
     ,"Advanced":{
        "Region Display Selector":false
       ,"Exclude Title from Translation":false
      }
     ,"Server Cache":{
        "Caching":"Disabled"
      }
     ,"Customization":{
        "Customizable":"Not Customizable By End Users"
      }
     ,"Attributes":{
        "id":"8243790844591717"
       ,"Appearance":{
          "Layout":"Grid"
         ,"Grid Columns":"Auto"
        }
       ,"Title":{
          "Advanced Formatting":false
        }
       ,"Subtitle":{
          "Advanced Formatting":false
        }
       ,"Body":{
          "Advanced Formatting":false
        }
       ,"Secondary Body":{
          "Advanced Formatting":false
        }
       ,"Icon and Badge":{
          "Icon Source":"No Icon"
        }
       ,"Media":{
          "Advanced Formatting":false
         ,"Source":"No Media"
        }
       ,"Performance":{
          "Lazy Loading":false
        }
       ,"Pagination":{
          "Type":"Scroll"
         ,"Show Total Count":false
        }
      }
    }
   ,{
      "id":"6051473971881510646"
     ,"Identification":{
        "Title":"Float with Custom CSS"
       ,"Type":"Cards"
      }
     ,"Source":{
        "Location":"Local Database"
       ,"Type":"SQL Query"
       ,"SQL Query":"select \u0027fa-apex\u0027  icon_class,\n       :APP_IMAGES || file_name image_url\nfrom apex_application_static_files\nwhere file_name = \u0027apex-mountain-range_light.png\u0027\nand application_id = :APP_ID"
      }
     ,"Layout":{
        "Sequence":60
       ,"Parent Region":"No Parent"
       ,"Position":"BODY"
       ,"Start New Layout":false
       ,"Start New Row":true
       ,"Column":"Automatic"
       ,"New Column":true
       ,"Column Span":"Automatic"
      }
     ,"Appearance":{
        "Template":"Alert (11342364808501771)"
       ,"Template Options":[
          "#DEFAULT#"
         ,"t-CardsRegion--styleB"
        ]
       ,"Render Components":"Above Content"
      }
     ,"Advanced":{
        "Region Display Selector":true
       ,"Exclude Title from Translation":false
      }
     ,"Server Cache":{
        "Caching":"Disabled"
      }
     ,"Customization":{
        "Customizable":"Not Customizable By End Users"
      }
     ,"Attributes":{
        "id":"8222166611519147"
       ,"Appearance":{
          "Layout":"Float"
        }
       ,"Card":{
          "CSS Classes":[
            "urlImages"
          ]
        }
       ,"Title":{
          "Advanced Formatting":true
         ,"HTML Expression":"\u003Ch3 class=\"a-CardView-title \"\u003EWhat is Oracle APEX?\u003C\/h3\u003E"
        }
       ,"Subtitle":{
          "Advanced Formatting":false
        }
       ,"Body":{
          "Advanced Formatting":true
         ,"HTML Expression":"\u003Cp\u003EOracle Application Express (APEX) is a low-code development platform that enables you to build scalable, secure enterprise apps, with world-class features, that can be deployed anywhere.\u003C\/p\u003E\n\n\u003Cp\u003EUsing APEX, developers can quickly develop and deploy compelling apps that solve real problems and provide immediate value. You won\u0027t need to be an expert in a vast array of technologies to deliver sophisticated solutions. Focus on solving the problem and let APEX take care of the rest.\u003C\/p\u003E"
        }
       ,"Secondary Body":{
          "Advanced Formatting":false
        }
       ,"Icon and Badge":{
          "Icon Source":"Icon Class Column"
         ,"Icon Column":"ICON_CLASS"
         ,"Icon CSS Classes":"fa"
         ,"Icon Position":"Start"
        }
       ,"Media":{
          "Advanced Formatting":false
         ,"Source":"Image URL"
         ,"URL":"\u0026IMAGE_URL!ATTR."
         ,"Position":"First"
         ,"Appearance":"Widescreen"
         ,"Sizing":"Cover"
         ,"Image Description":"Redwood Mountain"
        }
       ,"Performance":{
          "Lazy Loading":false
        }
       ,"Pagination":{
          "Type":"Scroll"
         ,"Show Total Count":false
        }
       ,"Actions":[
          {
            "id":"8222669870519148"
           ,"Identification":{
              "Type":"Title"
            }
           ,"Layout":{
              "Sequence":10
            }
           ,"Link":{
              "Type":"Redirect to URL"
             ,"Target":"https:\/\/apex.oracle.com"
             ,"Link Attributes":"target=\"_blank\""
            }
          }
        ]
      }
    }
   ,{
      "id":"6051474205358510649"
     ,"Identification":{
        "Title":"Horizontal Media Background"
       ,"Type":"Cards"
      }
     ,"Source":{
        "Location":"Local Database"
       ,"Type":"SQL Query"
       ,"SQL Query":"select \u0027fa-apex\u0027  icon_class,\n       :APP_IMAGES || file_name image_url\nfrom apex_application_static_files\nwhere file_name = \u0027#APP_FILES#Lucia\u0027\nand application_id = :APP_ID"
      }
     ,"Layout":{
        "Sequence":50
       ,"Parent Region":"No Parent"
       ,"Position":"BODY"
       ,"Start New Layout":false
       ,"Start New Row":true
       ,"Column":"Automatic"
       ,"New Column":true
       ,"Column Span":"Automatic"
      }
     ,"Appearance":{
        "Template":"Alert (11342364808501771)"
       ,"Template Options":[
          "#DEFAULT#"
         ,"t-CardsRegion--styleC"
        ]
       ,"Render Components":"Above Content"
      }
     ,"Advanced":{
        "Region Display Selector":true
       ,"Exclude Title from Translation":false
      }
     ,"Server Cache":{
        "Caching":"Disabled"
      }
     ,"Customization":{
        "Customizable":"Not Customizable By End Users"
      }
     ,"Attributes":{
        "id":"8223623421519149"
       ,"Appearance":{
          "Layout":"Horizontal (Row)"
        }
       ,"Title":{
          "Advanced Formatting":true
         ,"HTML Expression":"\u003Ch3 class=\"a-CardView-title \"\u003EWhat is Oracle APEX?\u003C\/h3\u003E"
        }
       ,"Subtitle":{
          "Advanced Formatting":false
        }
       ,"Body":{
          "Advanced Formatting":true
         ,"HTML Expression":"\u003Cp\u003EOracle Application Express (APEX) is a low-code development platform that enables you to build scalable, secure enterprise apps, with world-class features, that can be deployed anywhere.\u003C\/p\u003E\n\n\u003Cp\u003EUsing APEX, developers can quickly develop and deploy compelling apps that solve real problems and provide immediate value. You won\u0027t need to be an expert in a vast array of technologies to deliver sophisticated solutions. Focus on solving the problem and let APEX take care of the rest.\u003C\/p\u003E"
        }
       ,"Secondary Body":{
          "Advanced Formatting":false
        }
       ,"Icon and Badge":{
          "Icon Source":"Icon Class Column"
         ,"Icon Column":"ICON_CLASS"
         ,"Icon CSS Classes":"fa"
         ,"Icon Position":"Start"
        }
       ,"Media":{
          "Advanced Formatting":false
         ,"Source":"URL Column"
         ,"URL Column":"IMAGE_URL"
         ,"Position":"As Background Image"
         ,"Appearance":"Auto"
         ,"Sizing":"Cover"
         ,"Image Description":"Redwood Mountain"
        }
       ,"Performance":{
          "Lazy Loading":false
        }
       ,"Pagination":{
          "Type":"Scroll"
         ,"Show Total Count":false
        }
       ,"Actions":[
          {
            "id":"8224184880519150"
           ,"Identification":{
              "Type":"Title"
            }
           ,"Layout":{
              "Sequence":10
            }
           ,"Link":{
              "Type":"Redirect to URL"
             ,"Target":"https:\/\/apex.oracle.com"
             ,"Link Attributes":"target=\"_blank\""
            }
          }
        ]
      }
    }
   ,{
      "id":"6051474531834510652"
     ,"Identification":{
        "Title":"Horizontal Media First"
       ,"Type":"Cards"
      }
     ,"Source":{
        "Location":"Local Database"
       ,"Type":"SQL Query"
       ,"SQL Query":"select \u0027fa-apex\u0027  icon_class,\n       :APP_IMAGES || file_name image_url\nfrom apex_application_static_files\nwhere file_name = \u0027Lucia\u0027\nand application_id = :APP_ID"
      }
     ,"Layout":{
        "Sequence":40
       ,"Parent Region":"No Parent"
       ,"Position":"BODY"
       ,"Start New Layout":false
       ,"Start New Row":true
       ,"Column":"Automatic"
       ,"New Column":true
       ,"Column Span":"Automatic"
      }
     ,"Appearance":{
        "Template":"Alert (11342364808501771)"
       ,"Template Options":[
          "#DEFAULT#"
         ,"t-CardsRegion--styleB"
        ]
       ,"Render Components":"Above Content"
      }
     ,"Advanced":{
        "Region Display Selector":true
       ,"Exclude Title from Translation":false
      }
     ,"Server Cache":{
        "Caching":"Disabled"
      }
     ,"Customization":{
        "Customizable":"Not Customizable By End Users"
      }
     ,"Attributes":{
        "id":"8225161372519150"
       ,"Appearance":{
          "Layout":"Horizontal (Row)"
        }
       ,"Title":{
          "Advanced Formatting":true
         ,"HTML Expression":"\u003Ch3 class=\"a-CardView-title \"\u003EWhat is Oracle APEX?\u003C\/h3\u003E"
        }
       ,"Subtitle":{
          "Advanced Formatting":false
        }
       ,"Body":{
          "Advanced Formatting":true
         ,"HTML Expression":"\u003Cp\u003EOracle Application Express (APEX) is a low-code development platform that enables you to build scalable, secure enterprise apps, with world-class features, that can be deployed anywhere.\u003C\/p\u003E\n\n\u003Cp\u003EUsing APEX, developers can quickly develop and deploy compelling apps that solve real problems and provide immediate value. You won\u0027t need to be an expert in a vast array of technologies to deliver sophisticated solutions. Focus on solving the problem and let APEX take care of the rest.\u003C\/p\u003E"
        }
       ,"Secondary Body":{
          "Advanced Formatting":false
        }
       ,"Icon and Badge":{
          "Icon Source":"Icon Class Column"
         ,"Icon Column":"ICON_CLASS"
         ,"Icon CSS Classes":"fa"
         ,"Icon Position":"Start"
        }
       ,"Media":{
          "Advanced Formatting":false
         ,"Source":"URL Column"
         ,"URL Column":"IMAGE_URL"
         ,"Position":"First"
         ,"Appearance":"Widescreen"
         ,"Sizing":"Cover"
         ,"Image Description":"Redwood Mountain"
        }
       ,"Performance":{
          "Lazy Loading":false
        }
       ,"Pagination":{
          "Type":"Scroll"
         ,"Show Total Count":false
        }
       ,"Actions":[
          {
            "id":"8225646122519151"
           ,"Identification":{
              "Type":"Title"
            }
           ,"Layout":{
              "Sequence":10
            }
           ,"Link":{
              "Type":"Redirect to URL"
             ,"Target":"https:\/\/apex.oracle.com"
             ,"Link Attributes":"target=\"_blank\""
            }
          }
        ]
      }
    }
   ,{
      "id":"6051474841891510655"
     ,"Identification":{
        "Title":"RDS"
       ,"Type":"Region Display Selector"
      }
     ,"Layout":{
        "Sequence":30
       ,"Parent Region":"No Parent"
       ,"Position":"BODY"
       ,"Start New Layout":false
       ,"Start New Row":true
       ,"Column":"Automatic"
       ,"New Column":true
       ,"Column Span":"Automatic"
      }
     ,"Appearance":{
        "Template":"Blank with Attributes (No Grid) (11346218049501779)"
       ,"Template Options":[
          "#DEFAULT#"
        ]
       ,"Render Components":"Above Content"
      }
     ,"Advanced":{
        "Region Display Selector":false
       ,"Exclude Title from Translation":false
      }
     ,"Server Cache":{
        "Caching":"Disabled"
      }
     ,"Customization":{
        "Customizable":"Not Customizable By End Users"
      }
     ,"Attributes":{
        "Settings":{
          "Mode":"View Single Region"
         ,"Display Region Icons":false
         ,"Include \u0027Show All\u0027":false
         ,"Remember Selection":"No"
        }
      }
    }
   ,{
      "id":"7437246110505800670"
     ,"Identification":{
        "Title":"About this page"
       ,"Type":"Static Content"
      }
     ,"Source":{
        "HTML Code":"\u003Cp\u003EYou can reference application static files as Cards images.  Please note Cards expects ampersand (\u0026) substitution syntax. Usual way of referencing application static files cannot be used. i.e. \u003Cem\u003E#APP_IMAGE#myAppImage.png\u003C\/em\u003E. Also, \u003Cstrong\u003EAPP_IMAGES\u003C\/strong\u003E substituion needs to be substituted from the server as it is not one of the built-in substitutions client-side supports to render the value.\u003C\/p\u003E\n\n\u003Cp\u003ELet\u0027s say you are using \u003Cem\u003EIMAGE_URL\u003C\/em\u003E column as Cards media image, use the following query to reference the application static file:\u003C\/p\u003E\n\n\u003Cpre\u003E\nselect :APP_IMAGES || file_name as image_url\nfrom apex_application_static_files\nwhere file_name = \u0027myAppImage.png\u0027\nand application_id = :APP_ID\n\u003C\/pre\u003E\n\n\u003Cp\u003EYou can also define your own CSS classes to customize Cards styles. \u003Cstrong\u003EFloat with Custom CSS\u003C\/strong\u003E example displays Cards Icon and Media differently using page inline CSS.\u003C\/p\u003E"
      }
     ,"Layout":{
        "Sequence":10
       ,"Parent Region":"No Parent"
       ,"Position":"BODY"
       ,"Start New Layout":false
       ,"Start New Row":true
       ,"Column":"Automatic"
       ,"New Column":true
       ,"Column Span":"Automatic"
      }
     ,"Appearance":{
        "Template":"Collapsible (11358559501501787)"
       ,"Template Options":[
          "#DEFAULT#"
         ,"is-collapsed"
         ,"t-Region--scrollBody"
        ]
       ,"Icon":"fa-file-image-o"
       ,"Render Components":"Below Content"
      }
     ,"Advanced":{
        "Region Display Selector":false
       ,"Exclude Title from Translation":false
      }
     ,"Server Cache":{
        "Caching":"Disabled"
      }
     ,"Customization":{
        "Customizable":"Not Customizable By End Users"
      }
     ,"Attributes":{
        "Settings":{
          "Output As":"HTML"
         ,"Expand Shortcuts":false
        }
      }
    }
  ]
}
