{
  "id":"17"
 ,"Identification":{
    "Name":"Dashboard General"
   ,"Alias":"DASHBOARD-GENERAL"
   ,"Title":"Dashboard General"
  }
 ,"Appearance":{
    "Page Mode":"Normal"
   ,"Page Template":"Theme Default"
   ,"Template Options":[
      "#DEFAULT#"
    ]
  }
 ,"Navigation Menu":{
    "Override User Interface Level":true
   ,"List":"DASHBOARD (11043886966234213)"
   ,"List Position":"Side"
   ,"List Template":"Side Navigation Menu (11414761255501820)"
   ,"Template Options":[
      "#DEFAULT#"
     ,"t-TreeNav--styleA"
    ]
  }
 ,"Navigation":{
    "Cursor Focus":"Do not focus cursor"
   ,"Warn on Unsaved Changes":true
  }
 ,"Security":{
    "Authentication":"Page Requires Authentication"
   ,"Deep Linking":"Application Default"
   ,"Page Access Protection":"Arguments Must Have Checksum"
   ,"Form Auto Complete":"Off"
   ,"Browser Cache":"Application Default"
  }
 ,"Session Management":{
    "Rejoin Sessions":"Application Default"
  }
 ,"Advanced":{
    "Enable duplicate page submissions":"Yes - Enable page to be re-posted"
   ,"Reload on Submit":"Only for Success"
  }
 ,"Server Cache":{
    "Caching":"Disabled"
  }
 ,"Regions":[
    {
      "id":"11047413962319256"
     ,"Identification":{
        "Title":"Breadcrumb"
       ,"Type":"Breadcrumb"
      }
     ,"Source":{
        "Breadcrumb":"Breadcrumb (11320946023501739)"
      }
     ,"Layout":{
        "Sequence":10
       ,"Parent Region":"No Parent"
       ,"Position":"REGION_POSITION_01"
       ,"Start New Layout":false
       ,"Start New Row":true
       ,"Column":"Automatic"
       ,"New Column":true
       ,"Column Span":"Automatic"
      }
     ,"Appearance":{
        "Template":"Title Bar (11380653829501797)"
       ,"Template Options":[
          "#DEFAULT#"
         ,"t-BreadcrumbRegion--useBreadcrumbTitle"
        ]
       ,"Render Components":"Above Content"
      }
     ,"Advanced":{
        "Region Display Selector":false
       ,"Exclude Title from Translation":false
      }
     ,"Server Cache":{
        "Caching":"Disabled"
      }
     ,"Customization":{
        "Customizable":"Not Customizable By End Users"
      }
     ,"Attributes":{
        "Appearance":{
          "Breadcrumb Template":"Breadcrumb (11428688633501831)"
         ,"Template Options":[
            "#DEFAULT#"
          ]
        }
      }
    }
   ,{
      "id":"11048191211319260"
     ,"Identification":{
        "Title":"Estado Actual \/ Ley de Protecci\u00F3n de Datos"
       ,"Type":"Chart"
      }
     ,"Source":{
        "Location":"Local Database"
       ,"Type":"SQL Query"
       ,"SQL Query":"SELECT \n  R.EMPRESA_ID, \n  SUM(\n    CASE WHEN R.P1 = \u0027SI\u0027 THEN (SELECT PONDERACION FROM PREGUNTAS WHERE PREGUNTA_ID = 1) ELSE 0 END +\n    CASE WHEN R.P2 = \u0027SI\u0027 THEN (SELECT PONDERACION FROM PREGUNTAS WHERE PREGUNTA_ID = 2) ELSE 0 END +\n    CASE WHEN R.P3 = \u0027SI\u0027 THEN (SELECT PONDERACION FROM PREGUNTAS WHERE PREGUNTA_ID = 3) ELSE 0 END +\n    -- Agrega aqu\u00ED las dem\u00E1s condiciones para las preguntas P4 a P59\n    CASE WHEN R.P60 = \u0027SI\u0027 THEN (SELECT PONDERACION FROM PREGUNTAS WHERE PREGUNTA_ID = 60) ELSE 0 END\n  ) AS PUNTAJE_TOTAL\nFROM \n  RESPUESTAS R\nWHERE \n  R.EMPRESA_ID = :COD_EMPRESA AND\n  R.FECHA = TO_DATE(:FECHA, \u0027DD-MM-YYYY\u0027) -- Aseg\u00FArate de que el formato de fecha corresponda con el que utilizas\nGROUP BY \n  R.EMPRESA_ID;"
      }
     ,"Layout":{
        "Sequence":10
       ,"Parent Region":"No Parent"
       ,"Position":"BODY"
       ,"Start New Layout":false
       ,"Start New Row":true
       ,"Column":"Automatic"
       ,"New Column":true
       ,"Column Span":"Automatic"
      }
     ,"Appearance":{
        "Template":"Standard (11371245017501793)"
       ,"Template Options":[
          "#DEFAULT#"
         ,"t-Region--scrollBody"
        ]
       ,"Render Components":"Above Content"
      }
     ,"Advanced":{
        "Region Display Selector":false
       ,"Exclude Title from Translation":false
      }
     ,"Security":{
        "Escape special characters":false
      }
     ,"Server Cache":{
        "Caching":"Disabled"
      }
     ,"Customization":{
        "Customizable":"Not Customizable By End Users"
      }
     ,"Attributes":{
        "id":"11048565713319260"
       ,"Chart":{
          "Type":"Area"
        }
       ,"Appearance":{
          "Orientation":"Vertical"
         ,"Stack":false
        }
       ,"Data Cursor":{
          "Cursor":"Automatic"
         ,"Behavior":"Automatic"
         ,"Dim On Hover":true
        }
       ,"Multi-Series Chart Data":{
          "Fill Gaps in Chart Data":true
         ,"Sort Order":"Label - Ascending"
         ,"Render Gap as Zero":true
        }
       ,"Settings":{
          "Zoom and Scroll":"No"
        }
       ,"Animation":{
          "On Display":"Automatic"
         ,"On Data Change":"Automatic"
        }
       ,"Tooltip":{
          "Show":true
         ,"Show Series Name":true
         ,"Show Group Name":true
         ,"Show Value":true
        }
       ,"Legend":{
          "Show":false
        }
       ,"Series":[
          {
            "id":"11050275829319262"
           ,"Identification":{
              "Name":"Series 1"
            }
           ,"Execution":{
              "Sequence":10
            }
           ,"Source":{
              "Location":"Local Database"
             ,"Type":"SQL Query"
             ,"SQL Query":"select \u0027Label 1\u0027 label, 30 value from sys.dual\nunion all\nselect \u0027Label 2\u0027 label, 20 value from sys.dual\nunion all\nselect \u0027Label 3\u0027 label, 34 value from sys.dual\nunion all\nselect \u0027Label 4\u0027 label, 6  value from sys.dual\nunion all\nselect \u0027Label 5\u0027 label, 10 value from sys.dual"
            }
           ,"Column Mapping":{
              "Label":"LABEL"
             ,"Value":"VALUE"
            }
           ,"Appearance":{
              "Assigned To Y2 Axis":false
            }
           ,"Line":{
              "Type":"Automatic"
            }
           ,"Marker":{
              "Show":"Automatic"
             ,"Shape":"Automatic"
            }
           ,"Label":{
              "Show":false
            }
           ,"Performance":{
              "Maximum Rows to Process":20
            }
          }
        ]
       ,"Axes":[
          {
            "id":"11049026541319261"
           ,"Identification":{
              "Name":"x"
             ,"Show Axis":true
            }
           ,"Value":{
              "Format Scaling":"Automatic"
             ,"Baseline Scaling":"Zero"
             ,"Scale":"Linear"
            }
           ,"Major Ticks":{
              "Show":"Automatic"
            }
           ,"Minor Ticks":{
            }
           ,"Tick Label":{
              "Show":true
             ,"Rotation":true
             ,"Position":"Outside"
            }
          }
         ,{
            "id":"11049666597319262"
           ,"Identification":{
              "Name":"y"
             ,"Show Axis":true
            }
           ,"Value":{
              "Format Scaling":"Automatic"
             ,"Baseline Scaling":"Zero"
             ,"Scale":"Linear"
            }
           ,"Appearance":{
              "Position":"Automatic"
            }
           ,"Major Ticks":{
              "Show":"Automatic"
            }
           ,"Minor Ticks":{
            }
           ,"Tick Label":{
              "Show":true
            }
          }
        ]
      }
    }
   ,{
      "id":"11052382424319264"
     ,"Identification":{
        "Title":"Nivel de Riesgo"
       ,"Type":"Chart"
      }
     ,"Layout":{
        "Sequence":30
       ,"Parent Region":"No Parent"
       ,"Position":"BODY"
       ,"Start New Layout":false
       ,"Start New Row":false
       ,"Column":"Automatic"
       ,"New Column":true
       ,"Column Span":"Automatic"
      }
     ,"Appearance":{
        "Template":"Standard (11371245017501793)"
       ,"Template Options":[
          "#DEFAULT#"
         ,"t-Region--scrollBody"
        ]
       ,"Render Components":"Above Content"
      }
     ,"Advanced":{
        "Region Display Selector":false
       ,"Exclude Title from Translation":false
      }
     ,"Security":{
        "Escape special characters":false
      }
     ,"Server Cache":{
        "Caching":"Disabled"
      }
     ,"Customization":{
        "Customizable":"Not Customizable By End Users"
      }
     ,"Attributes":{
        "id":"11052750839319264"
       ,"Chart":{
          "Type":"Bar"
        }
       ,"Appearance":{
          "Orientation":"Vertical"
         ,"Stack":false
        }
       ,"Data Cursor":{
          "Cursor":"Automatic"
         ,"Behavior":"Automatic"
         ,"Dim On Hover":true
        }
       ,"Multi-Series Chart Data":{
          "Fill Gaps in Chart Data":true
         ,"Sort Order":"Label - Ascending"
         ,"Render Gap as Zero":true
        }
       ,"Settings":{
          "Zoom and Scroll":"No"
        }
       ,"Animation":{
          "On Display":"Automatic"
         ,"On Data Change":"Automatic"
        }
       ,"Tooltip":{
          "Show":true
         ,"Show Series Name":true
         ,"Show Group Name":true
         ,"Show Value":true
        }
       ,"Legend":{
          "Show":false
        }
       ,"Series":[
          {
            "id":"11054443189319265"
           ,"Identification":{
              "Name":"Series 1"
            }
           ,"Execution":{
              "Sequence":10
            }
           ,"Source":{
              "Location":"Local Database"
             ,"Type":"SQL Query"
             ,"SQL Query":"select \u0027Label 1\u0027 label, 30 value from sys.dual\nunion all\nselect \u0027Label 2\u0027 label, 20 value from sys.dual\nunion all\nselect \u0027Label 3\u0027 label, 34 value from sys.dual\nunion all\nselect \u0027Label 4\u0027 label, 6  value from sys.dual\nunion all\nselect \u0027Label 5\u0027 label, 10 value from sys.dual"
            }
           ,"Column Mapping":{
              "Label":"LABEL"
             ,"Value":"VALUE"
            }
           ,"Appearance":{
              "Assigned To Y2 Axis":false
            }
           ,"Label":{
              "Show":false
            }
           ,"Performance":{
              "Maximum Rows to Process":20
            }
          }
        ]
       ,"Axes":[
          {
            "id":"11053215316319264"
           ,"Identification":{
              "Name":"x"
             ,"Show Axis":true
            }
           ,"Value":{
              "Format Scaling":"Automatic"
             ,"Baseline Scaling":"Zero"
             ,"Scale":"Linear"
            }
           ,"Major Ticks":{
              "Show":"Automatic"
            }
           ,"Minor Ticks":{
            }
           ,"Tick Label":{
              "Show":true
             ,"Rotation":true
             ,"Position":"Outside"
            }
          }
         ,{
            "id":"11053859245319265"
           ,"Identification":{
              "Name":"y"
             ,"Show Axis":true
            }
           ,"Value":{
              "Format Scaling":"Automatic"
             ,"Baseline Scaling":"Zero"
             ,"Scale":"Linear"
            }
           ,"Appearance":{
              "Position":"Automatic"
            }
           ,"Major Ticks":{
              "Show":"Automatic"
            }
           ,"Minor Ticks":{
            }
           ,"Tick Label":{
              "Show":true
            }
          }
        ]
      }
    }
   ,{
      "id":"11057711174319267"
     ,"Identification":{
        "Title":"Tratamiento de Datos"
       ,"Type":"Chart"
      }
     ,"Layout":{
        "Sequence":50
       ,"Parent Region":"No Parent"
       ,"Position":"BODY"
       ,"Start New Layout":false
       ,"Start New Row":false
       ,"Column":"Automatic"
       ,"New Column":true
       ,"Column Span":"Automatic"
      }
     ,"Appearance":{
        "Template":"Standard (11371245017501793)"
       ,"Template Options":[
          "#DEFAULT#"
         ,"t-Region--scrollBody"
        ]
       ,"Render Components":"Above Content"
      }
     ,"Advanced":{
        "Region Display Selector":false
       ,"Exclude Title from Translation":false
      }
     ,"Security":{
        "Escape special characters":false
      }
     ,"Server Cache":{
        "Caching":"Disabled"
      }
     ,"Customization":{
        "Customizable":"Not Customizable By End Users"
      }
     ,"Attributes":{
        "id":"11058191675319267"
       ,"Chart":{
          "Type":"Area"
        }
       ,"Appearance":{
          "Orientation":"Vertical"
         ,"Stack":false
        }
       ,"Data Cursor":{
          "Cursor":"Automatic"
         ,"Behavior":"Automatic"
         ,"Dim On Hover":true
        }
       ,"Multi-Series Chart Data":{
          "Fill Gaps in Chart Data":true
         ,"Sort Order":"Label - Ascending"
         ,"Render Gap as Zero":true
        }
       ,"Settings":{
          "Zoom and Scroll":"No"
        }
       ,"Animation":{
          "On Display":"Automatic"
         ,"On Data Change":"Automatic"
        }
       ,"Tooltip":{
          "Show":true
         ,"Show Series Name":true
         ,"Show Group Name":true
         ,"Show Value":true
        }
       ,"Legend":{
          "Show":false
        }
       ,"Series":[
          {
            "id":"11059804320319268"
           ,"Identification":{
              "Name":"Series 1"
            }
           ,"Execution":{
              "Sequence":10
            }
           ,"Source":{
              "Location":"Local Database"
             ,"Type":"SQL Query"
             ,"SQL Query":"select \u0027Label 1\u0027 label, 30 value from sys.dual\nunion all\nselect \u0027Label 2\u0027 label, 20 value from sys.dual\nunion all\nselect \u0027Label 3\u0027 label, 34 value from sys.dual\nunion all\nselect \u0027Label 4\u0027 label, 6  value from sys.dual\nunion all\nselect \u0027Label 5\u0027 label, 10 value from sys.dual"
            }
           ,"Column Mapping":{
              "Label":"LABEL"
             ,"Value":"VALUE"
            }
           ,"Appearance":{
              "Assigned To Y2 Axis":false
            }
           ,"Line":{
              "Type":"Automatic"
            }
           ,"Marker":{
              "Show":"Automatic"
             ,"Shape":"Automatic"
            }
           ,"Label":{
              "Show":false
            }
           ,"Performance":{
              "Maximum Rows to Process":20
            }
          }
        ]
       ,"Axes":[
          {
            "id":"11058672974319267"
           ,"Identification":{
              "Name":"x"
             ,"Show Axis":true
            }
           ,"Value":{
              "Format Scaling":"Automatic"
             ,"Baseline Scaling":"Zero"
             ,"Scale":"Linear"
            }
           ,"Major Ticks":{
              "Show":"Automatic"
            }
           ,"Minor Ticks":{
            }
           ,"Tick Label":{
              "Show":true
             ,"Rotation":true
             ,"Position":"Outside"
            }
          }
         ,{
            "id":"11059218194319267"
           ,"Identification":{
              "Name":"y"
             ,"Show Axis":true
            }
           ,"Value":{
              "Format Scaling":"Automatic"
             ,"Baseline Scaling":"Zero"
             ,"Scale":"Linear"
            }
           ,"Appearance":{
              "Position":"Automatic"
            }
           ,"Major Ticks":{
              "Show":"Automatic"
            }
           ,"Minor Ticks":{
            }
           ,"Tick Label":{
              "Show":true
            }
          }
        ]
      }
    }
   ,{
      "id":"11060499954319268"
     ,"Identification":{
        "Title":"Comparaci\u00F3n por Categorias"
       ,"Type":"Chart"
      }
     ,"Layout":{
        "Sequence":60
       ,"Parent Region":"No Parent"
       ,"Position":"BODY"
       ,"Start New Layout":false
       ,"Start New Row":false
       ,"Column":"Automatic"
       ,"New Column":true
       ,"Column Span":"Automatic"
      }
     ,"Appearance":{
        "Template":"Standard (11371245017501793)"
       ,"Template Options":[
          "#DEFAULT#"
         ,"t-Region--scrollBody"
        ]
       ,"Render Components":"Above Content"
      }
     ,"Advanced":{
        "Region Display Selector":false
       ,"Exclude Title from Translation":false
      }
     ,"Security":{
        "Escape special characters":false
      }
     ,"Server Cache":{
        "Caching":"Disabled"
      }
     ,"Customization":{
        "Customizable":"Not Customizable By End Users"
      }
     ,"Attributes":{
        "id":"11060898858319268"
       ,"Chart":{
          "Type":"Pie"
        }
       ,"Data Cursor":{
          "Cursor":"Automatic"
         ,"Behavior":"Automatic"
         ,"Dim On Hover":true
        }
       ,"Settings":{
          "Pie Selection Effect":"Highlight"
        }
       ,"Value":{
          "Pie Chart Other Threshold":0
         ,"Format Scaling":"Automatic"
        }
       ,"Animation":{
          "On Display":"Automatic"
         ,"On Data Change":"Automatic"
        }
       ,"Tooltip":{
          "Show":true
         ,"Show Series Name":true
         ,"Show Value":true
        }
       ,"Legend":{
          "Show":false
        }
       ,"Series":[
          {
            "id":"11061380140319268"
           ,"Identification":{
              "Name":"Series 1"
            }
           ,"Execution":{
              "Sequence":10
            }
           ,"Source":{
              "Location":"Local Database"
             ,"Type":"SQL Query"
             ,"SQL Query":"select \u0027Label 1\u0027 label, 30 value from sys.dual\nunion all\nselect \u0027Label 2\u0027 label, 20 value from sys.dual\nunion all\nselect \u0027Label 3\u0027 label, 34 value from sys.dual\nunion all\nselect \u0027Label 4\u0027 label, 6  value from sys.dual\nunion all\nselect \u0027Label 5\u0027 label, 10 value from sys.dual"
            }
           ,"Column Mapping":{
              "Label":"LABEL"
             ,"Value":"VALUE"
            }
           ,"Label":{
              "Show":true
             ,"Position":"Automatic"
             ,"Display As":"Label"
            }
           ,"Performance":{
              "Maximum Rows to Process":20
            }
          }
        ]
      }
    }
  ]
}
