{
  "id":"22"
 ,"Identification":{
    "Name":"Resultados Seguridad de la Informaci\u00F3n"
   ,"Alias":"RESULTADOS-SEGURIDAD-DE-LA-INFORMACI\u00D3N"
   ,"Title":"Resultados Seguridad de la Informaci\u00F3n"
  }
 ,"Appearance":{
    "Page Mode":"Normal"
   ,"Page Template":"Theme Default"
   ,"Template Options":[
      "#DEFAULT#"
    ]
  }
 ,"Navigation Menu":{
    "Override User Interface Level":false
  }
 ,"Navigation":{
    "Cursor Focus":"Do not focus cursor"
   ,"Warn on Unsaved Changes":true
  }
 ,"Security":{
    "Authentication":"Page Requires Authentication"
   ,"Deep Linking":"Application Default"
   ,"Page Access Protection":"Arguments Must Have Checksum"
   ,"Form Auto Complete":"Off"
   ,"Browser Cache":"Application Default"
  }
 ,"Session Management":{
    "Rejoin Sessions":"Application Default"
  }
 ,"Advanced":{
    "Enable duplicate page submissions":"Yes - Enable page to be re-posted"
   ,"Reload on Submit":"Only for Success"
  }
 ,"Server Cache":{
    "Caching":"Disabled"
  }
 ,"Regions":[
    {
      "id":"12761857600088833"
     ,"Identification":{
        "Title":"Recomendaciones Generales"
       ,"Type":"Classic Report"
      }
     ,"Source":{
        "Location":"Local Database"
       ,"Type":"SQL Query"
       ,"SQL Query":"SELECT \n   -- RECOMENDACI\u00D3N_ID,\n    --RESPUESTA_ID,\n    RECOMENDACI\u00D3N,\n   -- CATEGORIA_ID,\n    CATEGORIA,\n    PONDERACION\nFROM \n    RECOMENDACION\n    \n    WHERE CATEGORIA_ID = 4;"
      }
     ,"Layout":{
        "Sequence":80
       ,"Parent Region":"No Parent"
       ,"Position":"BODY"
       ,"Start New Layout":false
       ,"Start New Row":true
       ,"Column":"Automatic"
       ,"New Column":true
       ,"Column Span":"Automatic"
      }
     ,"Appearance":{
        "Template":"Standard (11371245017501793)"
       ,"Template Options":[
          "#DEFAULT#"
         ,"t-Region--removeHeader"
         ,"t-Region--scrollBody"
        ]
       ,"Render Components":"Above Content"
      }
     ,"Advanced":{
        "Region Display Selector":false
       ,"Exclude Title from Translation":false
      }
     ,"Server Cache":{
        "Caching":"Disabled"
      }
     ,"Customization":{
        "Customizable":"Not Customizable By End Users"
      }
     ,"Attributes":{
        "Layout":{
          "Number of Rows Type":"Static Value"
         ,"Number of Rows":15
        }
       ,"Appearance":{
          "Template Type":"Theme"
         ,"Template":"Standard (11394305043501805)"
         ,"Template Options":[
            "#DEFAULT#"
           ,"t-Report--altRowsDefault"
           ,"t-Report--rowHighlight"
          ]
        }
       ,"Pagination":{
          "Type":"Row Ranges X to Y (with next and previous links)"
         ,"Display Position":"Bottom - Right"
         ,"Partial Page Refresh":true
        }
       ,"Performance":{
          "Lazy Loading":false
        }
       ,"Break Formatting":{
          "Break Columns":"No Break"
        }
       ,"Advanced":{
          "Strip HTML":false
         ,"Sort Nulls":"Last"
        }
       ,"Heading":{
          "Type":"Custom Headings"
        }
       ,"Download":{
          "CSV Export Enabled":false
        }
       ,"Printing":{
          "Enabled":false
        }
      }
     ,"Columns":[
        {
          "id":"12761964169088834"
         ,"Identification":{
            "Column Name":"RECOMENDACI\u00D3N"
           ,"Type":"Plain Text"
          }
         ,"Heading":{
            "Heading":"Recomendaci\u00F3n"
           ,"Alignment":"start"
          }
         ,"Layout":{
            "Sequence":10
           ,"Column Alignment":"start"
          }
         ,"Accessibility":{
            "Value Identifies Row":false
          }
         ,"Sorting":{
            "Sortable":true
          }
         ,"Export \/ Printing":{
            "Include In Export \/ Print":true
          }
         ,"Advanced":{
            "Compute Sum":false
          }
         ,"UI Defaults Reference":{
            "Table Owner":"Parsing Schema"
          }
         ,"Security":{
            "Escape special characters":true
          }
        }
       ,{
          "id":"12762085223088835"
         ,"Identification":{
            "Column Name":"CATEGORIA"
           ,"Type":"Plain Text"
          }
         ,"Heading":{
            "Heading":"Categoria"
           ,"Alignment":"start"
          }
         ,"Layout":{
            "Sequence":20
           ,"Column Alignment":"start"
          }
         ,"Accessibility":{
            "Value Identifies Row":false
          }
         ,"Sorting":{
            "Sortable":true
          }
         ,"Export \/ Printing":{
            "Include In Export \/ Print":true
          }
         ,"Advanced":{
            "Compute Sum":false
          }
         ,"UI Defaults Reference":{
            "Table Owner":"Parsing Schema"
          }
         ,"Security":{
            "Escape special characters":true
          }
        }
       ,{
          "id":"12762162711088836"
         ,"Identification":{
            "Column Name":"PONDERACION"
           ,"Type":"Plain Text"
          }
         ,"Heading":{
            "Heading":"Ponderacion"
           ,"Alignment":"end"
          }
         ,"Layout":{
            "Sequence":30
           ,"Column Alignment":"end"
          }
         ,"Accessibility":{
            "Value Identifies Row":false
          }
         ,"Sorting":{
            "Sortable":true
          }
         ,"Export \/ Printing":{
            "Include In Export \/ Print":true
          }
         ,"Advanced":{
            "Compute Sum":false
          }
         ,"UI Defaults Reference":{
            "Table Owner":"Parsing Schema"
          }
         ,"Security":{
            "Escape special characters":true
          }
        }
      ]
    }
   ,{
      "id":"12778252215153679"
     ,"Identification":{
        "Title":"Breadcrumb"
       ,"Type":"Breadcrumb"
      }
     ,"Source":{
        "Breadcrumb":"Breadcrumb (11320946023501739)"
      }
     ,"Layout":{
        "Sequence":10
       ,"Parent Region":"No Parent"
       ,"Position":"REGION_POSITION_01"
       ,"Start New Layout":false
       ,"Start New Row":true
       ,"Column":"Automatic"
       ,"New Column":true
       ,"Column Span":"Automatic"
      }
     ,"Appearance":{
        "Template":"Title Bar (11380653829501797)"
       ,"Template Options":[
          "#DEFAULT#"
         ,"t-BreadcrumbRegion--useBreadcrumbTitle"
        ]
       ,"Render Components":"Above Content"
      }
     ,"Advanced":{
        "Region Display Selector":false
       ,"Exclude Title from Translation":false
      }
     ,"Server Cache":{
        "Caching":"Disabled"
      }
     ,"Customization":{
        "Customizable":"Not Customizable By End Users"
      }
     ,"Attributes":{
        "Appearance":{
          "Breadcrumb Template":"Breadcrumb (11428688633501831)"
         ,"Template Options":[
            "#DEFAULT#"
          ]
        }
      }
    }
   ,{
      "id":"13009514970117423"
     ,"Identification":{
        "Title":"Recomendaciones Sugeridas"
       ,"Type":"Static Content"
      }
     ,"Source":{
        "HTML Code":"\u003Cp style=\"background: #f7f5f5; font-weight: bold; padding: 20px;  font-family: \u0027Cambria\u0027, serif; font-style: italic; font-size: 24px; text-align: center;\"\u003ERecomendaciones Sugeridas\u003C\/p\u003E\n"
      }
     ,"Layout":{
        "Sequence":70
       ,"Parent Region":"Recomendaciones Generales (12761857600088833)"
       ,"Position":"BODY"
       ,"Start New Layout":false
       ,"Start New Row":true
       ,"Column":"Automatic"
       ,"New Column":true
       ,"Column Span":"Automatic"
      }
     ,"Appearance":{
        "Template":"None"
       ,"Render Components":"Above Content"
      }
     ,"Advanced":{
        "Exclude Title from Translation":false
      }
     ,"Server Cache":{
        "Caching":"Disabled"
      }
     ,"Customization":{
        "Customizable":"Not Customizable By End Users"
      }
     ,"Attributes":{
        "Settings":{
          "Output As":"HTML"
         ,"Expand Shortcuts":false
        }
      }
    }
   ,{
      "id":"13343413525760546"
     ,"Identification":{
        "Title":"Puntaje"
       ,"Type":"Classic Report"
      }
     ,"Source":{
        "Location":"Local Database"
       ,"Type":"SQL Query"
       ,"SQL Query":"SELECT \n  R.EMPRESA_ID, \n  SUM(\n    CASE WHEN R.P31 = \u0027SI\u0027 THEN (SELECT PONDERACION FROM PREGUNTAS WHERE PREGUNTA_ID = 41) ELSE 0 END +\n    CASE WHEN R.P32 = \u0027SI\u0027 THEN (SELECT PONDERACION FROM PREGUNTAS WHERE PREGUNTA_ID = 42) ELSE 0 END +\n    CASE WHEN R.P33 = \u0027SI\u0027 THEN (SELECT PONDERACION FROM PREGUNTAS WHERE PREGUNTA_ID = 43) ELSE 0 END +\n    CASE WHEN R.P34 = \u0027SI\u0027 THEN (SELECT PONDERACION FROM PREGUNTAS WHERE PREGUNTA_ID = 44) ELSE 0 END +\n    CASE WHEN R.P35 = \u0027SI\u0027 THEN (SELECT PONDERACION FROM PREGUNTAS WHERE PREGUNTA_ID = 45) ELSE 0 END +\n    CASE WHEN R.P36 = \u0027SI\u0027 THEN (SELECT PONDERACION FROM PREGUNTAS WHERE PREGUNTA_ID = 46) ELSE 0 END +\n    CASE WHEN R.P37 = \u0027SI\u0027 THEN (SELECT PONDERACION FROM PREGUNTAS WHERE PREGUNTA_ID = 47) ELSE 0 END +\n    CASE WHEN R.P38 = \u0027SI\u0027 THEN (SELECT PONDERACION FROM PREGUNTAS WHERE PREGUNTA_ID = 48) ELSE 0 END +\n    CASE WHEN R.P39 = \u0027SI\u0027 THEN (SELECT PONDERACION FROM PREGUNTAS WHERE PREGUNTA_ID = 49) ELSE 0 END +\n    CASE WHEN R.P40 = \u0027SI\u0027 THEN (SELECT PONDERACION FROM PREGUNTAS WHERE PREGUNTA_ID = 50) ELSE 0 END\n  ) AS PUNTAJE_TOTAL\nFROM \n  RESPUESTAS R\nWHERE \n  R.EMPRESA_ID = :COD_EMPRESA --AND\n -- R.FECHA = TO_DATE(:FECHA, \u0027DD-MM-YYYY\u0027) \nGROUP BY \n  R.EMPRESA_ID;"
      }
     ,"Layout":{
        "Sequence":10
       ,"Parent Region":"Niveles de Riesgo (13360264611059807)"
       ,"Position":"BODY"
       ,"Start New Layout":false
       ,"Start New Row":true
       ,"Column":"Automatic"
       ,"New Column":true
       ,"Column Span":"Automatic"
      }
     ,"Appearance":{
        "Template":"Standard (11371245017501793)"
       ,"Template Options":[
          "t-Region--removeHeader"
         ,"t-Region--textContent"
         ,"t-Region--hiddenOverflow"
         ,"t-Form--noPadding"
         ,"margin-top-md"
         ,"margin-bottom-md"
         ,"margin-left-md"
         ,"margin-right-md"
        ]
       ,"Render Components":"Above Content"
      }
     ,"Advanced":{
        "Region Display Selector":false
       ,"Exclude Title from Translation":false
      }
     ,"Server Cache":{
        "Caching":"Disabled"
      }
     ,"Customization":{
        "Customizable":"Not Customizable By End Users"
      }
     ,"Attributes":{
        "Layout":{
          "Number of Rows Type":"Static Value"
         ,"Number of Rows":5
        }
       ,"Appearance":{
          "Template Type":"Theme"
         ,"Template":"Badge List (11390730203501803)"
         ,"Template Options":[
            "u-colors"
           ,"t-BadgeList--xlarge"
           ,"t-BadgeList--circular"
           ,"t-BadgeList--float"
          ]
        }
       ,"Pagination":{
          "Type":"No Pagination (Show All Rows)"
         ,"Partial Page Refresh":false
        }
       ,"Break Formatting":{
          "Break Columns":"No Break"
        }
       ,"Advanced":{
          "Strip HTML":false
         ,"Sort Nulls":"Last"
        }
       ,"Heading":{
          "Type":"Custom Headings"
        }
       ,"Download":{
          "CSV Export Enabled":false
        }
       ,"Printing":{
          "Enabled":false
        }
      }
     ,"Columns":[
        {
          "id":"13343568179760547"
         ,"Identification":{
            "Column Name":"EMPRESA_ID"
           ,"Type":"Hidden Column"
          }
         ,"Layout":{
            "Sequence":10
          }
         ,"UI Defaults Reference":{
            "Table Owner":"Parsing Schema"
          }
         ,"Security":{
            "Escape special characters":true
          }
        }
       ,{
          "id":"13360026420059805"
         ,"Identification":{
            "Column Name":"PUNTAJE_TOTAL"
           ,"Type":"Plain Text"
          }
         ,"Heading":{
            "Heading":"Puntaje Total"
           ,"Alignment":"end"
          }
         ,"Layout":{
            "Sequence":20
           ,"Column Alignment":"end"
          }
         ,"Accessibility":{
            "Value Identifies Row":false
          }
         ,"Sorting":{
            "Sortable":true
          }
         ,"Export \/ Printing":{
            "Include In Export \/ Print":true
          }
         ,"Advanced":{
            "Compute Sum":false
          }
         ,"UI Defaults Reference":{
            "Table Owner":"Parsing Schema"
          }
         ,"Security":{
            "Escape special characters":true
          }
        }
      ]
    }
   ,{
      "id":"13343743342760549"
     ,"Identification":{
        "Title":"Status Metrica"
       ,"Type":"Chart"
      }
     ,"Layout":{
        "Sequence":30
       ,"Parent Region":"Niveles de Riesgo (13360264611059807)"
       ,"Position":"BODY"
       ,"Start New Layout":false
       ,"Start New Row":false
       ,"Column":"5"
       ,"New Column":true
       ,"Column Span":"Automatic"
      }
     ,"Appearance":{
        "Template":"Standard (11371245017501793)"
       ,"Template Options":[
          "t-Region--removeHeader"
         ,"t-Region--textContent"
         ,"t-Region--hiddenOverflow"
        ]
       ,"Render Components":"Above Content"
      }
     ,"Advanced":{
        "Region Display Selector":false
       ,"Exclude Title from Translation":false
      }
     ,"Security":{
        "Escape special characters":true
      }
     ,"Server Cache":{
        "Caching":"Disabled"
      }
     ,"Customization":{
        "Customizable":"Not Customizable By End Users"
      }
     ,"Attributes":{
        "id":"13343850944760550"
       ,"Chart":{
          "Type":"Status Meter Gauge"
        }
       ,"Layout":{
          "Maximum Width":250
         ,"Height":200
        }
       ,"Gauge":{
          "Orientation":"Circular"
         ,"Show Plot Area":true
         ,"Indicator Size":0.5
         ,"Inner Radius":0.7
         ,"Start Angle":180
         ,"Angle Extent":180
        }
       ,"Value":{
          "Show":true
         ,"Value Type":"Percent"
         ,"Format":"Percent"
         ,"Format Scaling":"Automatic"
        }
       ,"Animation":{
          "On Display":"Automatic"
         ,"On Data Change":"Automatic"
        }
       ,"Tooltip":{
          "Show":true
        }
       ,"Series":[
          {
            "id":"13359631413059801"
           ,"Identification":{
              "Name":"New"
            }
           ,"Execution":{
              "Sequence":10
            }
           ,"Source":{
              "Location":"Local Database"
             ,"Type":"SQL Query"
             ,"SQL Query":"select\n    80 value, \n    100 as target \nfrom\n    dual;"
            }
           ,"Column Mapping":{
              "Value":"VALUE"
             ,"Maximum Value":"TARGET"
             ,"Custom Tooltip":"TARGET"
            }
           ,"Appearance":{
              "Color":"#008000"
            }
           ,"Thresholds":{
              "Values":"\u0026VALUE., \u0026TARGET."
             ,"Colors":"yellow,red"
             ,"Display":"All"
            }
           ,"Reference Lines":{
              "Values":"\u0026VALUE."
             ,"Colors":"Green"
            }
           ,"Label":{
              "Show":true
             ,"Position":"Automatic"
            }
          }
        ]
      }
    }
   ,{
      "id":"13360191630059806"
     ,"Identification":{
        "Title":"Rangos y Puntaje Total"
       ,"Type":"Static Content"
      }
     ,"Source":{
        "HTML Code":"\u003Cp style=\"background: #f7f5f5; font-weight: bold; padding: 20px;  font-family: \u0027Cambria\u0027, serif; font-style: italic; font-size: 24px;\"\u003ENiveles de Riesgo\u003C\/p\u003E\n\n\u003Cdiv style=\"font-size: 12px;\"\u003E\n\u003Cstrong\u003EAlto - Protegido (80-100%) \u003C\/strong\u003E: \n\u003Cp\u003EEste rango indica que el nivel de cumplimiento con las normativas y medidas de seguridad de la informaci\u00F3n es muy alto. Las entidades que se encuentran en este rango han implementado pr\u00E1cticas robustas de seguridad y tienen un riesgo muy bajo de incumplir las regulaciones. Se considera que la informaci\u00F3n est\u00E1 bien protegida.\u003C\/p\u003E\n\u003Cstrong\u003EMedio - Intermedio (50-80%) \u003C\/strong\u003E:\n\u003Cp\u003E Este rango refleja un nivel de cumplimiento intermedio. Las entidades en este grupo han adoptado medidas de seguridad, pero a\u00FAn existen \u00E1reas que requieren mejoras para alcanzar un nivel de protecci\u00F3n \u00F3ptimo. El riesgo de incumplimiento es moderado, lo que sugiere que mientras se han tomado medidas significativas, todav\u00EDa hay vulnerabilidades que deben ser abordadas.\u003C\/p\u003E\n\u003Cstrong\u003EBajo - En riesgo (0-50%) \u003C\/strong\u003E :\n\u003Cp\u003E En este rango, el nivel de cumplimiento es bajo y las pr\u00E1cticas de seguridad de la informaci\u00F3n son insuficientes o inadecuadas. Las entidades aqu\u00ED enfrentan un alto riesgo de incumplir con las regulaciones de seguridad de la informaci\u00F3n. Este rango indica una necesidad urgente de implementar medidas correctivas para mejorar la seguridad y el cumplimiento\u003C\/p\u003E"
      }
     ,"Layout":{
        "Sequence":50
       ,"Parent Region":"No Parent"
       ,"Position":"BODY"
       ,"Start New Layout":false
       ,"Start New Row":true
       ,"Column":"Automatic"
       ,"New Column":true
       ,"Column Span":"11"
      }
     ,"Appearance":{
        "Template":"None"
       ,"Render Components":"Above Content"
      }
     ,"Advanced":{
        "Exclude Title from Translation":false
      }
     ,"Server Cache":{
        "Caching":"Disabled"
      }
     ,"Customization":{
        "Customizable":"Not Customizable By End Users"
      }
     ,"Attributes":{
        "Settings":{
          "Output As":"HTML"
         ,"Expand Shortcuts":false
        }
      }
    }
   ,{
      "id":"13360264611059807"
     ,"Identification":{
        "Title":"Niveles de Riesgo"
       ,"Type":"Static Content"
      }
     ,"Layout":{
        "Sequence":20
       ,"Parent Region":"No Parent"
       ,"Position":"BODY"
       ,"Start New Layout":false
       ,"Start New Row":true
       ,"Column":"3"
       ,"New Column":true
       ,"Column Span":"Automatic"
      }
     ,"Appearance":{
        "Template":"None"
       ,"Render Components":"Above Content"
      }
     ,"Advanced":{
        "Exclude Title from Translation":false
      }
     ,"Server Cache":{
        "Caching":"Disabled"
      }
     ,"Customization":{
        "Customizable":"Not Customizable By End Users"
      }
     ,"Attributes":{
        "Settings":{
          "Output As":"HTML"
         ,"Expand Shortcuts":false
        }
      }
    }
   ,{
      "id":"13360779968059812"
     ,"Identification":{
        "Title":"New"
       ,"Type":"Static Content"
      }
     ,"Layout":{
        "Sequence":60
       ,"Parent Region":"No Parent"
       ,"Position":"BODY"
       ,"Start New Layout":false
       ,"Start New Row":true
       ,"Column":"Automatic"
       ,"New Column":true
       ,"Column Span":"Automatic"
      }
     ,"Appearance":{
        "Template":"None"
       ,"Render Components":"Above Content"
      }
     ,"Advanced":{
        "Exclude Title from Translation":false
      }
     ,"Server Cache":{
        "Caching":"Disabled"
      }
     ,"Customization":{
        "Customizable":"Not Customizable By End Users"
      }
     ,"Attributes":{
        "Settings":{
          "Output As":"HTML"
         ,"Expand Shortcuts":false
        }
      }
    }
  ]
}
