{
  "id":"3"
 ,"Identification":{
    "Name":"Dashboard"
   ,"Alias":"DASHBOARD"
   ,"Title":"Dashboard"
  }
 ,"Appearance":{
    "Page Mode":"Normal"
   ,"Page Template":"Theme Default"
   ,"Template Options":[
      "#DEFAULT#"
    ]
  }
 ,"Navigation Menu":{
    "Override User Interface Level":true
   ,"List":"Desktop Navigation Menu (11321436402501740)"
   ,"List Position":"Side"
   ,"List Template":"Side Navigation Menu (11414761255501820)"
   ,"Template Options":[
      "#DEFAULT#"
     ,"t-TreeNav--styleA"
    ]
  }
 ,"Navigation":{
    "Cursor Focus":"First item on page"
   ,"Warn on Unsaved Changes":true
  }
 ,"Security":{
    "Authentication":"Page Requires Authentication"
   ,"Deep Linking":"Application Default"
   ,"Page Access Protection":"Arguments Must Have Checksum"
   ,"Form Auto Complete":"Off"
   ,"Browser Cache":"Application Default"
  }
 ,"Session Management":{
    "Rejoin Sessions":"Application Default"
  }
 ,"Advanced":{
    "Enable duplicate page submissions":"Yes - Enable page to be re-posted"
   ,"Reload on Submit":"Only for Success"
  }
 ,"Server Cache":{
    "Caching":"Disabled"
  }
 ,"Regions":[
    {
      "id":"8250200806822917"
     ,"Identification":{
        "Title":"About this page"
       ,"Type":"Static Content"
      }
     ,"Layout":{
        "Sequence":20
       ,"Parent Region":"No Parent"
       ,"Position":"BODY"
       ,"Start New Layout":false
       ,"Start New Row":false
       ,"Column":"Automatic"
       ,"New Column":true
       ,"Column Span":"Automatic"
      }
     ,"Appearance":{
        "Template":"Blank with Attributes (11346055432501779)"
       ,"Template Options":[
          "#DEFAULT#"
        ]
       ,"Render Components":"Above Content"
      }
     ,"Advanced":{
        "Region Display Selector":false
       ,"Exclude Title from Translation":false
      }
     ,"Server Cache":{
        "Caching":"Disabled"
      }
     ,"Customization":{
        "Customizable":"Not Customizable By End Users"
      }
     ,"Attributes":{
        "Settings":{
          "Output As":"HTML"
         ,"Expand Shortcuts":false
        }
      }
    }
   ,{
      "id":"9402229698445813"
     ,"Identification":{
        "Title":"Breadcrumb"
       ,"Type":"Breadcrumb"
      }
     ,"Source":{
        "Breadcrumb":"Breadcrumb (11320946023501739)"
      }
     ,"Layout":{
        "Sequence":10
       ,"Parent Region":"No Parent"
       ,"Position":"REGION_POSITION_01"
       ,"Start New Layout":false
       ,"Start New Row":true
       ,"Column":"Automatic"
       ,"New Column":true
       ,"Column Span":"Automatic"
      }
     ,"Appearance":{
        "Template":"Title Bar (11380653829501797)"
       ,"Template Options":[
          "#DEFAULT#"
         ,"t-BreadcrumbRegion--useBreadcrumbTitle"
        ]
       ,"Render Components":"Above Content"
      }
     ,"Advanced":{
        "Region Display Selector":false
       ,"Exclude Title from Translation":false
      }
     ,"Server Cache":{
        "Caching":"Disabled"
      }
     ,"Customization":{
        "Customizable":"Not Customizable By End Users"
      }
     ,"Attributes":{
        "Appearance":{
          "Breadcrumb Template":"Breadcrumb (11428688633501831)"
         ,"Template Options":[
            "#DEFAULT#"
          ]
        }
      }
    }
   ,{
      "id":"13009741113117425"
     ,"Identification":{
        "Title":"Pie Comparativa Categorias"
       ,"Type":"Chart"
      }
     ,"Layout":{
        "Sequence":10
       ,"Parent Region":"About this page (8250200806822917)"
       ,"Position":"BODY"
       ,"Start New Layout":false
       ,"Start New Row":true
       ,"Column":"Automatic"
       ,"New Column":true
       ,"Column Span":"Automatic"
      }
     ,"Appearance":{
        "Template":"Standard (11371245017501793)"
       ,"Template Options":[
          "#DEFAULT#"
         ,"t-Region--removeHeader"
         ,"t-Region--scrollBody"
        ]
       ,"Render Components":"Above Content"
      }
     ,"Advanced":{
        "Region Display Selector":false
       ,"Exclude Title from Translation":false
      }
     ,"Security":{
        "Escape special characters":true
      }
     ,"Server Cache":{
        "Caching":"Disabled"
      }
     ,"Customization":{
        "Customizable":"Not Customizable By End Users"
      }
     ,"Attributes":{
        "id":"13009888125117426"
       ,"Chart":{
          "Type":"Pie"
        }
       ,"Title":{
          "Title":"Comparativa Categorias %"
        }
       ,"Layout":{
          "Height":400
        }
       ,"Data Cursor":{
          "Cursor":"Automatic"
         ,"Behavior":"Automatic"
         ,"Dim On Hover":true
        }
       ,"Settings":{
          "Pie Selection Effect":"Highlight"
        }
       ,"Value":{
          "Pie Chart Other Threshold":0
         ,"Format":"Percent"
         ,"Decimal Places":0
         ,"Format Scaling":"None"
        }
       ,"Animation":{
          "On Display":"Automatic"
         ,"On Data Change":"Automatic"
        }
       ,"Tooltip":{
          "Show":true
         ,"Show Series Name":true
         ,"Show Value":true
        }
       ,"Legend":{
          "Show":true
         ,"Position":"Automatic"
         ,"Hide and Show Behavior":"Rescale"
        }
       ,"Series":[
          {
            "id":"13009970375117427"
           ,"Identification":{
              "Name":"%"
            }
           ,"Execution":{
              "Sequence":10
            }
           ,"Source":{
              "Location":"Local Database"
             ,"Type":"SQL Query"
             ,"SQL Query":"SELECT \n  \u0027Principios de Protecci\u00F3n de Datos\u0027 LABEL ,\n  R.EMPRESA_ID,\n  SUM(\n    \n    CASE WHEN R.P1 = \u0027SI\u0027 THEN (SELECT PONDERACION FROM PREGUNTAS WHERE PREGUNTA_ID = 1) ELSE 0 END +\n    CASE WHEN R.P2 = \u0027SI\u0027 THEN (SELECT PONDERACION FROM PREGUNTAS WHERE PREGUNTA_ID = 2) ELSE 0 END +\n    CASE WHEN R.P3 = \u0027SI\u0027 THEN (SELECT PONDERACION FROM PREGUNTAS WHERE PREGUNTA_ID = 3) ELSE 0 END +\n    CASE WHEN R.P4 = \u0027SI\u0027 THEN (SELECT PONDERACION FROM PREGUNTAS WHERE PREGUNTA_ID = 4) ELSE 0 END +\n    CASE WHEN R.P5 = \u0027SI\u0027 THEN (SELECT PONDERACION FROM PREGUNTAS WHERE PREGUNTA_ID = 5) ELSE 0 END +\n    CASE WHEN R.P6 = \u0027SI\u0027 THEN (SELECT PONDERACION FROM PREGUNTAS WHERE PREGUNTA_ID = 6) ELSE 0 END +\n    CASE WHEN R.P7 = \u0027SI\u0027 THEN (SELECT PONDERACION FROM PREGUNTAS WHERE PREGUNTA_ID = 7) ELSE 0 END +\n    CASE WHEN R.P8 = \u0027SI\u0027 THEN (SELECT PONDERACION FROM PREGUNTAS WHERE PREGUNTA_ID = 8) ELSE 0 END +\n    CASE WHEN R.P9 = \u0027SI\u0027 THEN (SELECT PONDERACION FROM PREGUNTAS WHERE PREGUNTA_ID = 9) ELSE 0 END +\n    CASE WHEN R.P10 = \u0027SI\u0027 THEN (SELECT PONDERACION FROM PREGUNTAS WHERE PREGUNTA_ID = 10) ELSE 0 END\n   \n  ) AS PUNTAJE_TOTAL\nFROM \n  RESPUESTAS R\n  \nWHERE \n  R.EMPRESA_ID = 2\n\nGROUP BY \n  CATEGORIA, R.EMPRESA_ID\n\n UNION\n  SELECT \n  \u0027Autorizaci\u00F3n \u0026 Transferencia\u0027 LABEL ,\n  R.EMPRESA_ID,\n  SUM(\n    \n \n    CASE WHEN R.P11 = \u0027SI\u0027 THEN (SELECT PONDERACION FROM PREGUNTAS WHERE PREGUNTA_ID = 11) ELSE 0 END +\n    CASE WHEN R.P12 = \u0027SI\u0027 THEN (SELECT PONDERACION FROM PREGUNTAS WHERE PREGUNTA_ID = 12) ELSE 0 END +\n    CASE WHEN R.P13 = \u0027SI\u0027 THEN (SELECT PONDERACION FROM PREGUNTAS WHERE PREGUNTA_ID = 13) ELSE 0 END +\n    CASE WHEN R.P14 = \u0027SI\u0027 THEN (SELECT PONDERACION FROM PREGUNTAS WHERE PREGUNTA_ID = 14) ELSE 0 END +\n    CASE WHEN R.P15 = \u0027SI\u0027 THEN (SELECT PONDERACION FROM PREGUNTAS WHERE PREGUNTA_ID = 15) ELSE 0 END +\n    CASE WHEN R.P16 = \u0027SI\u0027 THEN (SELECT PONDERACION FROM PREGUNTAS WHERE PREGUNTA_ID = 16) ELSE 0 END +\n    CASE WHEN R.P17 = \u0027SI\u0027 THEN (SELECT PONDERACION FROM PREGUNTAS WHERE PREGUNTA_ID = 17) ELSE 0 END +\n    CASE WHEN R.P18 = \u0027SI\u0027 THEN (SELECT PONDERACION FROM PREGUNTAS WHERE PREGUNTA_ID = 18) ELSE 0 END +\n    CASE WHEN R.P19 = \u0027SI\u0027 THEN (SELECT PONDERACION FROM PREGUNTAS WHERE PREGUNTA_ID = 19) ELSE 0 END +\n    CASE WHEN R.P20 = \u0027SI\u0027 THEN (SELECT PONDERACION FROM PREGUNTAS WHERE PREGUNTA_ID = 20) ELSE 0 END\n\n   \n  ) AS PUNTAJE_TOTAL\nFROM \n  RESPUESTAS R\n  \nWHERE \n  R.EMPRESA_ID = 2\n\nGROUP BY \n  CATEGORIA, R.EMPRESA_ID\nUNION\n  SELECT \n  \u0027Derechos de los Titulares\u0027 LABEL ,\n  R.EMPRESA_ID,\n  SUM(\n    \n \n    CASE WHEN R.P21 = \u0027SI\u0027 THEN (SELECT PONDERACION FROM PREGUNTAS WHERE PREGUNTA_ID = 31) ELSE 0 END +\n    CASE WHEN R.P22 = \u0027SI\u0027 THEN (SELECT PONDERACION FROM PREGUNTAS WHERE PREGUNTA_ID = 32) ELSE 0 END +\n    CASE WHEN R.P23 = \u0027SI\u0027 THEN (SELECT PONDERACION FROM PREGUNTAS WHERE PREGUNTA_ID = 33) ELSE 0 END +\n    CASE WHEN R.P24 = \u0027SI\u0027 THEN (SELECT PONDERACION FROM PREGUNTAS WHERE PREGUNTA_ID = 34) ELSE 0 END +\n    CASE WHEN R.P25 = \u0027SI\u0027 THEN (SELECT PONDERACION FROM PREGUNTAS WHERE PREGUNTA_ID = 35) ELSE 0 END +\n    CASE WHEN R.P26 = \u0027SI\u0027 THEN (SELECT PONDERACION FROM PREGUNTAS WHERE PREGUNTA_ID = 36) ELSE 0 END +\n    CASE WHEN R.P27 = \u0027SI\u0027 THEN (SELECT PONDERACION FROM PREGUNTAS WHERE PREGUNTA_ID = 37) ELSE 0 END +\n    CASE WHEN R.P28 = \u0027SI\u0027 THEN (SELECT PONDERACION FROM PREGUNTAS WHERE PREGUNTA_ID = 38) ELSE 0 END +\n    CASE WHEN R.P29 = \u0027SI\u0027 THEN (SELECT PONDERACION FROM PREGUNTAS WHERE PREGUNTA_ID = 39) ELSE 0 END +\n    CASE WHEN R.P30 = \u0027SI\u0027 THEN (SELECT PONDERACION FROM PREGUNTAS WHERE PREGUNTA_ID = 40) ELSE 0 END\n\n   \n  ) AS PUNTAJE_TOTAL\nFROM \n  RESPUESTAS R\n  \nWHERE \n  R.EMPRESA_ID = 2\n\nGROUP BY \n  CATEGORIA, R.EMPRESA_ID\n\nUNION\n  SELECT \n  \u0027Seguridad de la Informaci\u00F3n\u0027 LABEL ,\n  R.EMPRESA_ID,\n  SUM(\n    \n \n    CASE WHEN R.P31 = \u0027SI\u0027 THEN (SELECT PONDERACION FROM PREGUNTAS WHERE PREGUNTA_ID = 31) ELSE 0 END +\n    CASE WHEN R.P32 = \u0027SI\u0027 THEN (SELECT PONDERACION FROM PREGUNTAS WHERE PREGUNTA_ID = 32) ELSE 0 END +\n    CASE WHEN R.P33 = \u0027SI\u0027 THEN (SELECT PONDERACION FROM PREGUNTAS WHERE PREGUNTA_ID = 33) ELSE 0 END +\n    CASE WHEN R.P34 = \u0027SI\u0027 THEN (SELECT PONDERACION FROM PREGUNTAS WHERE PREGUNTA_ID = 34) ELSE 0 END +\n    CASE WHEN R.P35 = \u0027SI\u0027 THEN (SELECT PONDERACION FROM PREGUNTAS WHERE PREGUNTA_ID = 35) ELSE 0 END +\n    CASE WHEN R.P36 = \u0027SI\u0027 THEN (SELECT PONDERACION FROM PREGUNTAS WHERE PREGUNTA_ID = 36) ELSE 0 END +\n    CASE WHEN R.P37 = \u0027SI\u0027 THEN (SELECT PONDERACION FROM PREGUNTAS WHERE PREGUNTA_ID = 37) ELSE 0 END +\n    CASE WHEN R.P38 = \u0027SI\u0027 THEN (SELECT PONDERACION FROM PREGUNTAS WHERE PREGUNTA_ID = 38) ELSE 0 END +\n    CASE WHEN R.P39 = \u0027SI\u0027 THEN (SELECT PONDERACION FROM PREGUNTAS WHERE PREGUNTA_ID = 39) ELSE 0 END +\n    CASE WHEN R.P40 = \u0027SI\u0027 THEN (SELECT PONDERACION FROM PREGUNTAS WHERE PREGUNTA_ID = 40) ELSE 0 END\n\n   \n  ) AS PUNTAJE_TOTAL\nFROM \n  RESPUESTAS R\n  \nWHERE \n  R.EMPRESA_ID = 2\n\nGROUP BY \n  CATEGORIA, R.EMPRESA_ID\n\n  \nUNION\n  SELECT \n  \u0027Tratamiento de Datos\u0027 LABEL ,\n  R.EMPRESA_ID,\n  SUM(\n    \n \n    CASE WHEN R.P41 = \u0027SI\u0027 THEN (SELECT PONDERACION FROM PREGUNTAS WHERE PREGUNTA_ID = 41) ELSE 0 END +\n    CASE WHEN R.P42 = \u0027SI\u0027 THEN (SELECT PONDERACION FROM PREGUNTAS WHERE PREGUNTA_ID = 42) ELSE 0 END +\n    CASE WHEN R.P43 = \u0027SI\u0027 THEN (SELECT PONDERACION FROM PREGUNTAS WHERE PREGUNTA_ID = 43) ELSE 0 END +\n    CASE WHEN R.P44 = \u0027SI\u0027 THEN (SELECT PONDERACION FROM PREGUNTAS WHERE PREGUNTA_ID = 44) ELSE 0 END +\n    CASE WHEN R.P45 = \u0027SI\u0027 THEN (SELECT PONDERACION FROM PREGUNTAS WHERE PREGUNTA_ID = 45) ELSE 0 END +\n    CASE WHEN R.P46 = \u0027SI\u0027 THEN (SELECT PONDERACION FROM PREGUNTAS WHERE PREGUNTA_ID = 46) ELSE 0 END +\n    CASE WHEN R.P47 = \u0027SI\u0027 THEN (SELECT PONDERACION FROM PREGUNTAS WHERE PREGUNTA_ID = 47) ELSE 0 END +\n    CASE WHEN R.P48 = \u0027SI\u0027 THEN (SELECT PONDERACION FROM PREGUNTAS WHERE PREGUNTA_ID = 48) ELSE 0 END +\n    CASE WHEN R.P49 = \u0027SI\u0027 THEN (SELECT PONDERACION FROM PREGUNTAS WHERE PREGUNTA_ID = 49) ELSE 0 END +\n    CASE WHEN R.P50 = \u0027SI\u0027 THEN (SELECT PONDERACION FROM PREGUNTAS WHERE PREGUNTA_ID = 50) ELSE 0 END\n\n   \n  ) AS PUNTAJE_TOTAL\nFROM \n  RESPUESTAS R\n  \nWHERE \n  R.EMPRESA_ID = 2\n\nGROUP BY \n  CATEGORIA, R.EMPRESA_ID\n\n   \nUNION\n  SELECT \n  \u0027Historia Clinica\u0027 LABEL ,\n  R.EMPRESA_ID,\n  SUM(\n    \n \n    CASE WHEN R.P51 = \u0027SI\u0027 THEN (SELECT PONDERACION FROM PREGUNTAS WHERE PREGUNTA_ID = 41) ELSE 0 END +\n    CASE WHEN R.P42 = \u0027SI\u0027 THEN (SELECT PONDERACION FROM PREGUNTAS WHERE PREGUNTA_ID = 42) ELSE 0 END +\n    CASE WHEN R.P43 = \u0027SI\u0027 THEN (SELECT PONDERACION FROM PREGUNTAS WHERE PREGUNTA_ID = 43) ELSE 0 END +\n    CASE WHEN R.P44 = \u0027SI\u0027 THEN (SELECT PONDERACION FROM PREGUNTAS WHERE PREGUNTA_ID = 44) ELSE 0 END +\n    CASE WHEN R.P45 = \u0027SI\u0027 THEN (SELECT PONDERACION FROM PREGUNTAS WHERE PREGUNTA_ID = 45) ELSE 0 END +\n    CASE WHEN R.P46 = \u0027SI\u0027 THEN (SELECT PONDERACION FROM PREGUNTAS WHERE PREGUNTA_ID = 46) ELSE 0 END +\n    CASE WHEN R.P47 = \u0027SI\u0027 THEN (SELECT PONDERACION FROM PREGUNTAS WHERE PREGUNTA_ID = 47) ELSE 0 END +\n    CASE WHEN R.P48 = \u0027SI\u0027 THEN (SELECT PONDERACION FROM PREGUNTAS WHERE PREGUNTA_ID = 48) ELSE 0 END +\n    CASE WHEN R.P49 = \u0027SI\u0027 THEN (SELECT PONDERACION FROM PREGUNTAS WHERE PREGUNTA_ID = 49) ELSE 0 END +\n    CASE WHEN R.P50 = \u0027SI\u0027 THEN (SELECT PONDERACION FROM PREGUNTAS WHERE PREGUNTA_ID = 50) ELSE 0 END\n\n   \n  ) AS PUNTAJE_TOTAL\nFROM \n  RESPUESTAS R\n  \nWHERE \n  R.EMPRESA_ID = 2\n\nGROUP BY \n  CATEGORIA, R.EMPRESA_ID\n\n  UNION\n  SELECT \n  \u0027An\u00E1lisis de Riesgos\u0027 LABEL ,\n  R.EMPRESA_ID,\n  SUM(\n    \n \n    CASE WHEN R.P51 = \u0027SI\u0027 THEN (SELECT PONDERACION FROM PREGUNTAS WHERE PREGUNTA_ID = 51) ELSE 0 END +\n    CASE WHEN R.P52 = \u0027SI\u0027 THEN (SELECT PONDERACION FROM PREGUNTAS WHERE PREGUNTA_ID = 52) ELSE 0 END +\n    CASE WHEN R.P53 = \u0027SI\u0027 THEN (SELECT PONDERACION FROM PREGUNTAS WHERE PREGUNTA_ID = 53) ELSE 0 END +\n    CASE WHEN R.P54 = \u0027SI\u0027 THEN (SELECT PONDERACION FROM PREGUNTAS WHERE PREGUNTA_ID = 54) ELSE 0 END +\n    CASE WHEN R.P55 = \u0027SI\u0027 THEN (SELECT PONDERACION FROM PREGUNTAS WHERE PREGUNTA_ID = 55) ELSE 0 END +\n    CASE WHEN R.P56 = \u0027SI\u0027 THEN (SELECT PONDERACION FROM PREGUNTAS WHERE PREGUNTA_ID = 56) ELSE 0 END +\n    CASE WHEN R.P57 = \u0027SI\u0027 THEN (SELECT PONDERACION FROM PREGUNTAS WHERE PREGUNTA_ID = 57) ELSE 0 END +\n    CASE WHEN R.P58 = \u0027SI\u0027 THEN (SELECT PONDERACION FROM PREGUNTAS WHERE PREGUNTA_ID = 58) ELSE 0 END +\n    CASE WHEN R.P59 = \u0027SI\u0027 THEN (SELECT PONDERACION FROM PREGUNTAS WHERE PREGUNTA_ID = 59) ELSE 0 END +\n    CASE WHEN R.P60 = \u0027SI\u0027 THEN (SELECT PONDERACION FROM PREGUNTAS WHERE PREGUNTA_ID = 60) ELSE 0 END\n\n   \n  ) AS PUNTAJE_TOTAL\nFROM \n  RESPUESTAS R\n  \nWHERE \n  R.EMPRESA_ID = 2\n\nGROUP BY \n  CATEGORIA, R.EMPRESA_ID"
            }
           ,"Column Mapping":{
              "Label":"LABEL"
             ,"Value":"PUNTAJE_TOTAL"
            }
           ,"Label":{
              "Show":true
             ,"Position":"Automatic"
             ,"Display As":"Label"
            }
          }
        ]
      }
    }
   ,{
      "id":"13010994399117437"
     ,"Identification":{
        "Title":"Radar"
       ,"Type":"Chart"
      }
     ,"Layout":{
        "Sequence":30
       ,"Parent Region":"About this page (8250200806822917)"
       ,"Position":"BODY"
       ,"Start New Layout":false
       ,"Start New Row":true
       ,"Column":"Automatic"
       ,"New Column":true
       ,"Column Span":"Automatic"
      }
     ,"Appearance":{
        "Template":"Standard (11371245017501793)"
       ,"Template Options":[
          "#DEFAULT#"
         ,"t-Region--removeHeader"
         ,"t-Region--scrollBody"
        ]
       ,"Render Components":"Above Content"
      }
     ,"Advanced":{
        "Region Display Selector":false
       ,"Exclude Title from Translation":false
      }
     ,"Security":{
        "Escape special characters":true
      }
     ,"Server Cache":{
        "Caching":"Disabled"
      }
     ,"Customization":{
        "Customizable":"Not Customizable By End Users"
      }
     ,"Attributes":{
        "id":"13011045510117438"
       ,"Chart":{
          "Type":"Radar"
        }
       ,"Title":{
          "Title":"Radar"
        }
       ,"Appearance":{
          "Stack":false
        }
       ,"Layout":{
          "Height":400
        }
       ,"Data Cursor":{
          "Cursor":"Automatic"
         ,"Behavior":"Automatic"
         ,"Dim On Hover":true
        }
       ,"Multi-Series Chart Data":{
          "Fill Gaps in Chart Data":true
         ,"Sort Order":"Label - Ascending"
         ,"Render Gap as Zero":true
        }
       ,"Settings":{
          "Zoom and Scroll":"No"
        }
       ,"Animation":{
          "On Display":"Automatic"
         ,"On Data Change":"Automatic"
        }
       ,"Tooltip":{
          "Show":true
         ,"Show Series Name":true
         ,"Show Group Name":true
         ,"Show Value":true
        }
       ,"Legend":{
          "Show":true
         ,"Position":"Automatic"
         ,"Hide and Show Behavior":"Rescale"
        }
       ,"Series":[
          {
            "id":"13011125380117439"
           ,"Identification":{
              "Name":"Cliente"
             ,"Type":"Line"
            }
           ,"Execution":{
              "Sequence":10
            }
           ,"Source":{
              "Location":"Local Database"
             ,"Type":"SQL Query"
             ,"SQL Query":"SELECT \n  \u0027Principios de Protecci\u00F3n de Datos\u0027 LABEL ,\n  R.EMPRESA_ID,\n  SUM(\n    \n    CASE WHEN R.P1 = \u0027SI\u0027 THEN (SELECT PONDERACION FROM PREGUNTAS WHERE PREGUNTA_ID = 1) ELSE 0 END +\n    CASE WHEN R.P2 = \u0027SI\u0027 THEN (SELECT PONDERACION FROM PREGUNTAS WHERE PREGUNTA_ID = 2) ELSE 0 END +\n    CASE WHEN R.P3 = \u0027SI\u0027 THEN (SELECT PONDERACION FROM PREGUNTAS WHERE PREGUNTA_ID = 3) ELSE 0 END +\n    CASE WHEN R.P4 = \u0027SI\u0027 THEN (SELECT PONDERACION FROM PREGUNTAS WHERE PREGUNTA_ID = 4) ELSE 0 END +\n    CASE WHEN R.P5 = \u0027SI\u0027 THEN (SELECT PONDERACION FROM PREGUNTAS WHERE PREGUNTA_ID = 5) ELSE 0 END +\n    CASE WHEN R.P6 = \u0027SI\u0027 THEN (SELECT PONDERACION FROM PREGUNTAS WHERE PREGUNTA_ID = 6) ELSE 0 END +\n    CASE WHEN R.P7 = \u0027SI\u0027 THEN (SELECT PONDERACION FROM PREGUNTAS WHERE PREGUNTA_ID = 7) ELSE 0 END +\n    CASE WHEN R.P8 = \u0027SI\u0027 THEN (SELECT PONDERACION FROM PREGUNTAS WHERE PREGUNTA_ID = 8) ELSE 0 END +\n    CASE WHEN R.P9 = \u0027SI\u0027 THEN (SELECT PONDERACION FROM PREGUNTAS WHERE PREGUNTA_ID = 9) ELSE 0 END +\n    CASE WHEN R.P10 = \u0027SI\u0027 THEN (SELECT PONDERACION FROM PREGUNTAS WHERE PREGUNTA_ID = 10) ELSE 0 END\n   \n  ) AS PUNTAJE_TOTAL\nFROM \n  RESPUESTAS R\n  \nWHERE \n  R.EMPRESA_ID = 2\n\nGROUP BY \n  CATEGORIA, R.EMPRESA_ID\n\n UNION\n  SELECT \n  \u0027Autorizaci\u00F3n \u0026 Transferencia\u0027 LABEL ,\n  R.EMPRESA_ID,\n  SUM(\n    \n \n    CASE WHEN R.P11 = \u0027SI\u0027 THEN (SELECT PONDERACION FROM PREGUNTAS WHERE PREGUNTA_ID = 11) ELSE 0 END +\n    CASE WHEN R.P12 = \u0027SI\u0027 THEN (SELECT PONDERACION FROM PREGUNTAS WHERE PREGUNTA_ID = 12) ELSE 0 END +\n    CASE WHEN R.P13 = \u0027SI\u0027 THEN (SELECT PONDERACION FROM PREGUNTAS WHERE PREGUNTA_ID = 13) ELSE 0 END +\n    CASE WHEN R.P14 = \u0027SI\u0027 THEN (SELECT PONDERACION FROM PREGUNTAS WHERE PREGUNTA_ID = 14) ELSE 0 END +\n    CASE WHEN R.P15 = \u0027SI\u0027 THEN (SELECT PONDERACION FROM PREGUNTAS WHERE PREGUNTA_ID = 15) ELSE 0 END +\n    CASE WHEN R.P16 = \u0027SI\u0027 THEN (SELECT PONDERACION FROM PREGUNTAS WHERE PREGUNTA_ID = 16) ELSE 0 END +\n    CASE WHEN R.P17 = \u0027SI\u0027 THEN (SELECT PONDERACION FROM PREGUNTAS WHERE PREGUNTA_ID = 17) ELSE 0 END +\n    CASE WHEN R.P18 = \u0027SI\u0027 THEN (SELECT PONDERACION FROM PREGUNTAS WHERE PREGUNTA_ID = 18) ELSE 0 END +\n    CASE WHEN R.P19 = \u0027SI\u0027 THEN (SELECT PONDERACION FROM PREGUNTAS WHERE PREGUNTA_ID = 19) ELSE 0 END +\n    CASE WHEN R.P20 = \u0027SI\u0027 THEN (SELECT PONDERACION FROM PREGUNTAS WHERE PREGUNTA_ID = 20) ELSE 0 END\n\n   \n  ) AS PUNTAJE_TOTAL\nFROM \n  RESPUESTAS R\n  \nWHERE \n  R.EMPRESA_ID = 2\n\nGROUP BY \n  CATEGORIA, R.EMPRESA_ID\nUNION\n  SELECT \n  \u0027Derechos de los Titulares\u0027 LABEL ,\n  R.EMPRESA_ID,\n  SUM(\n    \n \n    CASE WHEN R.P21 = \u0027SI\u0027 THEN (SELECT PONDERACION FROM PREGUNTAS WHERE PREGUNTA_ID = 31) ELSE 0 END +\n    CASE WHEN R.P22 = \u0027SI\u0027 THEN (SELECT PONDERACION FROM PREGUNTAS WHERE PREGUNTA_ID = 32) ELSE 0 END +\n    CASE WHEN R.P23 = \u0027SI\u0027 THEN (SELECT PONDERACION FROM PREGUNTAS WHERE PREGUNTA_ID = 33) ELSE 0 END +\n    CASE WHEN R.P24 = \u0027SI\u0027 THEN (SELECT PONDERACION FROM PREGUNTAS WHERE PREGUNTA_ID = 34) ELSE 0 END +\n    CASE WHEN R.P25 = \u0027SI\u0027 THEN (SELECT PONDERACION FROM PREGUNTAS WHERE PREGUNTA_ID = 35) ELSE 0 END +\n    CASE WHEN R.P26 = \u0027SI\u0027 THEN (SELECT PONDERACION FROM PREGUNTAS WHERE PREGUNTA_ID = 36) ELSE 0 END +\n    CASE WHEN R.P27 = \u0027SI\u0027 THEN (SELECT PONDERACION FROM PREGUNTAS WHERE PREGUNTA_ID = 37) ELSE 0 END +\n    CASE WHEN R.P28 = \u0027SI\u0027 THEN (SELECT PONDERACION FROM PREGUNTAS WHERE PREGUNTA_ID = 38) ELSE 0 END +\n    CASE WHEN R.P29 = \u0027SI\u0027 THEN (SELECT PONDERACION FROM PREGUNTAS WHERE PREGUNTA_ID = 39) ELSE 0 END +\n    CASE WHEN R.P30 = \u0027SI\u0027 THEN (SELECT PONDERACION FROM PREGUNTAS WHERE PREGUNTA_ID = 40) ELSE 0 END\n\n   \n  ) AS PUNTAJE_TOTAL\nFROM \n  RESPUESTAS R\n  \nWHERE \n  R.EMPRESA_ID = 2\n\nGROUP BY \n  CATEGORIA, R.EMPRESA_ID\n\nUNION\n  SELECT \n  \u0027Seguridad de la Informaci\u00F3n\u0027 LABEL ,\n  R.EMPRESA_ID,\n  SUM(\n    \n \n    CASE WHEN R.P31 = \u0027SI\u0027 THEN (SELECT PONDERACION FROM PREGUNTAS WHERE PREGUNTA_ID = 31) ELSE 0 END +\n    CASE WHEN R.P32 = \u0027SI\u0027 THEN (SELECT PONDERACION FROM PREGUNTAS WHERE PREGUNTA_ID = 32) ELSE 0 END +\n    CASE WHEN R.P33 = \u0027SI\u0027 THEN (SELECT PONDERACION FROM PREGUNTAS WHERE PREGUNTA_ID = 33) ELSE 0 END +\n    CASE WHEN R.P34 = \u0027SI\u0027 THEN (SELECT PONDERACION FROM PREGUNTAS WHERE PREGUNTA_ID = 34) ELSE 0 END +\n    CASE WHEN R.P35 = \u0027SI\u0027 THEN (SELECT PONDERACION FROM PREGUNTAS WHERE PREGUNTA_ID = 35) ELSE 0 END +\n    CASE WHEN R.P36 = \u0027SI\u0027 THEN (SELECT PONDERACION FROM PREGUNTAS WHERE PREGUNTA_ID = 36) ELSE 0 END +\n    CASE WHEN R.P37 = \u0027SI\u0027 THEN (SELECT PONDERACION FROM PREGUNTAS WHERE PREGUNTA_ID = 37) ELSE 0 END +\n    CASE WHEN R.P38 = \u0027SI\u0027 THEN (SELECT PONDERACION FROM PREGUNTAS WHERE PREGUNTA_ID = 38) ELSE 0 END +\n    CASE WHEN R.P39 = \u0027SI\u0027 THEN (SELECT PONDERACION FROM PREGUNTAS WHERE PREGUNTA_ID = 39) ELSE 0 END +\n    CASE WHEN R.P40 = \u0027SI\u0027 THEN (SELECT PONDERACION FROM PREGUNTAS WHERE PREGUNTA_ID = 40) ELSE 0 END\n\n   \n  ) AS PUNTAJE_TOTAL\nFROM \n  RESPUESTAS R\n  \nWHERE \n  R.EMPRESA_ID = 2\n\nGROUP BY \n  CATEGORIA, R.EMPRESA_ID\n\n  \nUNION\n  SELECT \n  \u0027Tratamiento de Datos\u0027 LABEL ,\n  R.EMPRESA_ID,\n  SUM(\n    \n \n    CASE WHEN R.P41 = \u0027SI\u0027 THEN (SELECT PONDERACION FROM PREGUNTAS WHERE PREGUNTA_ID = 41) ELSE 0 END +\n    CASE WHEN R.P42 = \u0027SI\u0027 THEN (SELECT PONDERACION FROM PREGUNTAS WHERE PREGUNTA_ID = 42) ELSE 0 END +\n    CASE WHEN R.P43 = \u0027SI\u0027 THEN (SELECT PONDERACION FROM PREGUNTAS WHERE PREGUNTA_ID = 43) ELSE 0 END +\n    CASE WHEN R.P44 = \u0027SI\u0027 THEN (SELECT PONDERACION FROM PREGUNTAS WHERE PREGUNTA_ID = 44) ELSE 0 END +\n    CASE WHEN R.P45 = \u0027SI\u0027 THEN (SELECT PONDERACION FROM PREGUNTAS WHERE PREGUNTA_ID = 45) ELSE 0 END +\n    CASE WHEN R.P46 = \u0027SI\u0027 THEN (SELECT PONDERACION FROM PREGUNTAS WHERE PREGUNTA_ID = 46) ELSE 0 END +\n    CASE WHEN R.P47 = \u0027SI\u0027 THEN (SELECT PONDERACION FROM PREGUNTAS WHERE PREGUNTA_ID = 47) ELSE 0 END +\n    CASE WHEN R.P48 = \u0027SI\u0027 THEN (SELECT PONDERACION FROM PREGUNTAS WHERE PREGUNTA_ID = 48) ELSE 0 END +\n    CASE WHEN R.P49 = \u0027SI\u0027 THEN (SELECT PONDERACION FROM PREGUNTAS WHERE PREGUNTA_ID = 49) ELSE 0 END +\n    CASE WHEN R.P50 = \u0027SI\u0027 THEN (SELECT PONDERACION FROM PREGUNTAS WHERE PREGUNTA_ID = 50) ELSE 0 END\n\n   \n  ) AS PUNTAJE_TOTAL\nFROM \n  RESPUESTAS R\n  \nWHERE \n  R.EMPRESA_ID = 2\n\nGROUP BY \n  CATEGORIA, R.EMPRESA_ID\n\n   \nUNION\n  SELECT \n  \u0027Historia Clinica\u0027 LABEL ,\n  R.EMPRESA_ID,\n  SUM(\n    \n \n    CASE WHEN R.P51 = \u0027SI\u0027 THEN (SELECT PONDERACION FROM PREGUNTAS WHERE PREGUNTA_ID = 41) ELSE 0 END +\n    CASE WHEN R.P42 = \u0027SI\u0027 THEN (SELECT PONDERACION FROM PREGUNTAS WHERE PREGUNTA_ID = 42) ELSE 0 END +\n    CASE WHEN R.P43 = \u0027SI\u0027 THEN (SELECT PONDERACION FROM PREGUNTAS WHERE PREGUNTA_ID = 43) ELSE 0 END +\n    CASE WHEN R.P44 = \u0027SI\u0027 THEN (SELECT PONDERACION FROM PREGUNTAS WHERE PREGUNTA_ID = 44) ELSE 0 END +\n    CASE WHEN R.P45 = \u0027SI\u0027 THEN (SELECT PONDERACION FROM PREGUNTAS WHERE PREGUNTA_ID = 45) ELSE 0 END +\n    CASE WHEN R.P46 = \u0027SI\u0027 THEN (SELECT PONDERACION FROM PREGUNTAS WHERE PREGUNTA_ID = 46) ELSE 0 END +\n    CASE WHEN R.P47 = \u0027SI\u0027 THEN (SELECT PONDERACION FROM PREGUNTAS WHERE PREGUNTA_ID = 47) ELSE 0 END +\n    CASE WHEN R.P48 = \u0027SI\u0027 THEN (SELECT PONDERACION FROM PREGUNTAS WHERE PREGUNTA_ID = 48) ELSE 0 END +\n    CASE WHEN R.P49 = \u0027SI\u0027 THEN (SELECT PONDERACION FROM PREGUNTAS WHERE PREGUNTA_ID = 49) ELSE 0 END +\n    CASE WHEN R.P50 = \u0027SI\u0027 THEN (SELECT PONDERACION FROM PREGUNTAS WHERE PREGUNTA_ID = 50) ELSE 0 END\n\n   \n  ) AS PUNTAJE_TOTAL\nFROM \n  RESPUESTAS R\n  \nWHERE \n  R.EMPRESA_ID = 2\n\nGROUP BY \n  CATEGORIA, R.EMPRESA_ID\n\n  UNION\n  SELECT \n  \u0027An\u00E1lisis de Riesgos\u0027 LABEL ,\n  R.EMPRESA_ID,\n  SUM(\n    \n \n    CASE WHEN R.P51 = \u0027SI\u0027 THEN (SELECT PONDERACION FROM PREGUNTAS WHERE PREGUNTA_ID = 51) ELSE 0 END +\n    CASE WHEN R.P52 = \u0027SI\u0027 THEN (SELECT PONDERACION FROM PREGUNTAS WHERE PREGUNTA_ID = 52) ELSE 0 END +\n    CASE WHEN R.P53 = \u0027SI\u0027 THEN (SELECT PONDERACION FROM PREGUNTAS WHERE PREGUNTA_ID = 53) ELSE 0 END +\n    CASE WHEN R.P54 = \u0027SI\u0027 THEN (SELECT PONDERACION FROM PREGUNTAS WHERE PREGUNTA_ID = 54) ELSE 0 END +\n    CASE WHEN R.P55 = \u0027SI\u0027 THEN (SELECT PONDERACION FROM PREGUNTAS WHERE PREGUNTA_ID = 55) ELSE 0 END +\n    CASE WHEN R.P56 = \u0027SI\u0027 THEN (SELECT PONDERACION FROM PREGUNTAS WHERE PREGUNTA_ID = 56) ELSE 0 END +\n    CASE WHEN R.P57 = \u0027SI\u0027 THEN (SELECT PONDERACION FROM PREGUNTAS WHERE PREGUNTA_ID = 57) ELSE 0 END +\n    CASE WHEN R.P58 = \u0027SI\u0027 THEN (SELECT PONDERACION FROM PREGUNTAS WHERE PREGUNTA_ID = 58) ELSE 0 END +\n    CASE WHEN R.P59 = \u0027SI\u0027 THEN (SELECT PONDERACION FROM PREGUNTAS WHERE PREGUNTA_ID = 59) ELSE 0 END +\n    CASE WHEN R.P60 = \u0027SI\u0027 THEN (SELECT PONDERACION FROM PREGUNTAS WHERE PREGUNTA_ID = 60) ELSE 0 END\n\n   \n  ) AS PUNTAJE_TOTAL\nFROM \n  RESPUESTAS R\n  \nWHERE \n  R.EMPRESA_ID = 2\n\nGROUP BY \n  CATEGORIA, R.EMPRESA_ID"
            }
           ,"Column Mapping":{
              "Label":"LABEL"
             ,"Value":"PUNTAJE_TOTAL"
            }
           ,"Line":{
              "Type":"Automatic"
            }
           ,"Label":{
              "Show":true
             ,"Position":"Automatic"
            }
          }
         ,{
            "id":"13011491106117442"
           ,"Identification":{
              "Name":"Base"
             ,"Type":"Line"
            }
           ,"Execution":{
              "Sequence":20
            }
           ,"Source":{
              "Location":"Local Database"
             ,"Type":"SQL Query"
             ,"SQL Query":"SELECT \n  \u0027Principios de Protecci\u00F3n de Datos\u0027 LABEL ,\n  R.EMPRESA_ID,\n  100 PUNTAJE_TOTAL\nFROM \n  RESPUESTAS R\n  \nWHERE \n  R.EMPRESA_ID = 0\n\nGROUP BY \n  CATEGORIA, R.EMPRESA_ID\n\n UNION\n Select \n  \u0027Autorizaci\u00F3n \u0026 Transferencia\u0027 LABEL ,\n  R.EMPRESA_ID,\n  100 PUNTAJE_TOTAL\nFROM \n  RESPUESTAS R\n  \nWHERE \n  R.EMPRESA_ID = 0\n\nGROUP BY \n  CATEGORIA, R.EMPRESA_ID\n\n UNION\n Select \n  \u0027Derechos de los Titulares\u0027 LABEL ,\n  R.EMPRESA_ID,\n  100 PUNTAJE_TOTAL\nFROM \n  RESPUESTAS R\n  \nWHERE \n  R.EMPRESA_ID = 0\n\nGROUP BY \n  CATEGORIA, R.EMPRESA_ID\n\n UNION\n Select \n  \u0027Seguridad de la Informaci\u00F3n\u0027 LABEL ,\n  R.EMPRESA_ID,\n  100 PUNTAJE_TOTAL\nFROM \n  RESPUESTAS R\n  \nWHERE \n  R.EMPRESA_ID = 0\n\nGROUP BY \n  CATEGORIA, R.EMPRESA_ID\n\n   UNION\n Select \n  \u0027Tratamiento de Datos\u0027 LABEL ,\n  R.EMPRESA_ID,\n  100 PUNTAJE_TOTAL\nFROM \n  RESPUESTAS R\n  \nWHERE \n  R.EMPRESA_ID = 0\n\nGROUP BY \n  CATEGORIA, R.EMPRESA_ID\n\n     UNION\n Select \n  \u0027Historia Clinica\u0027 LABEL ,\n  R.EMPRESA_ID,\n  100 PUNTAJE_TOTAL\nFROM \n  RESPUESTAS R\n  \nWHERE \n  R.EMPRESA_ID = 0\n\nGROUP BY \n  CATEGORIA, R.EMPRESA_ID\n\n     UNION\n Select \n  \u0027An\u00E1lisis de Riesgo\u0027 LABEL ,\n  R.EMPRESA_ID,\n  100 PUNTAJE_TOTAL\nFROM \n  RESPUESTAS R\n  \nWHERE \n  R.EMPRESA_ID = 0\n\nGROUP BY \n  CATEGORIA, R.EMPRESA_ID\n\n"
            }
           ,"Column Mapping":{
              "Label":"LABEL"
             ,"Value":"PUNTAJE_TOTAL"
            }
           ,"Line":{
              "Type":"Automatic"
            }
           ,"Label":{
              "Show":true
             ,"Position":"Automatic"
            }
          }
        ]
       ,"Axes":[
          {
            "id":"13011244689117440"
           ,"Identification":{
              "Name":"x"
             ,"Show Axis":true
            }
           ,"Value":{
              "Format Scaling":"Automatic"
             ,"Baseline Scaling":"Zero"
             ,"Scale":"Linear"
            }
           ,"Major Ticks":{
              "Show":"Yes"
            }
           ,"Minor Ticks":{
              "Show":false
            }
           ,"Tick Label":{
              "Show":true
             ,"Rotation":true
             ,"Position":"Outside"
            }
          }
         ,{
            "id":"13011316129117441"
           ,"Identification":{
              "Name":"y"
             ,"Show Axis":true
            }
           ,"Value":{
              "Format":"Decimal"
             ,"Decimal Places":0
             ,"Format Scaling":"None"
             ,"Baseline Scaling":"Zero"
             ,"Scale":"Linear"
            }
           ,"Appearance":{
              "Position":"Automatic"
            }
           ,"Major Ticks":{
              "Show":"Yes"
            }
           ,"Minor Ticks":{
              "Show":false
            }
           ,"Tick Label":{
              "Show":true
            }
          }
        ]
      }
    }
   ,{
      "id":"13364149013059846"
     ,"Identification":{
        "Title":"New"
       ,"Type":"Chart"
      }
     ,"Layout":{
        "Sequence":20
       ,"Parent Region":"About this page (8250200806822917)"
       ,"Position":"BODY"
       ,"Start New Layout":false
       ,"Start New Row":false
       ,"Column":"Automatic"
       ,"New Column":true
       ,"Column Span":"Automatic"
      }
     ,"Appearance":{
        "Template":"Standard (11371245017501793)"
       ,"Template Options":[
          "#DEFAULT#"
         ,"t-Region--removeHeader"
         ,"t-Region--scrollBody"
        ]
       ,"Render Components":"Above Content"
      }
     ,"Advanced":{
        "Region Display Selector":false
       ,"Exclude Title from Translation":false
      }
     ,"Security":{
        "Escape special characters":true
      }
     ,"Server Cache":{
        "Caching":"Disabled"
      }
     ,"Customization":{
        "Customizable":"Not Customizable By End Users"
      }
     ,"Attributes":{
        "id":"13364206496059847"
       ,"Chart":{
          "Type":"Bar"
        }
       ,"Title":{
          "Title":"Comparativa Categorias Puntaje Total"
        }
       ,"Appearance":{
          "Orientation":"Vertical"
         ,"Stack":false
        }
       ,"Layout":{
          "Height":400
        }
       ,"Data Cursor":{
          "Cursor":"Automatic"
         ,"Behavior":"Automatic"
         ,"Dim On Hover":true
        }
       ,"Multi-Series Chart Data":{
          "Fill Gaps in Chart Data":true
         ,"Sort Order":"Label - Ascending"
         ,"Render Gap as Zero":true
        }
       ,"Settings":{
          "Zoom and Scroll":"No"
        }
       ,"Animation":{
          "On Display":"Automatic"
         ,"On Data Change":"Automatic"
        }
       ,"Tooltip":{
          "Show":true
         ,"Show Series Name":true
         ,"Show Group Name":true
         ,"Show Value":true
        }
       ,"Legend":{
          "Show":false
        }
       ,"Series":[
          {
            "id":"13364339883059848"
           ,"Identification":{
              "Name":"Comparaci\u00F3n"
            }
           ,"Execution":{
              "Sequence":10
            }
           ,"Source":{
              "Location":"Local Database"
             ,"Type":"SQL Query"
             ,"SQL Query":"SELECT \n  \u0027Principios de Protecci\u00F3n de Datos\u0027 LABEL ,\n  R.EMPRESA_ID,\n  SUM(\n    \n    CASE WHEN R.P1 = \u0027SI\u0027 THEN (SELECT PONDERACION FROM PREGUNTAS WHERE PREGUNTA_ID = 1) ELSE 0 END +\n    CASE WHEN R.P2 = \u0027SI\u0027 THEN (SELECT PONDERACION FROM PREGUNTAS WHERE PREGUNTA_ID = 2) ELSE 0 END +\n    CASE WHEN R.P3 = \u0027SI\u0027 THEN (SELECT PONDERACION FROM PREGUNTAS WHERE PREGUNTA_ID = 3) ELSE 0 END +\n    CASE WHEN R.P4 = \u0027SI\u0027 THEN (SELECT PONDERACION FROM PREGUNTAS WHERE PREGUNTA_ID = 4) ELSE 0 END +\n    CASE WHEN R.P5 = \u0027SI\u0027 THEN (SELECT PONDERACION FROM PREGUNTAS WHERE PREGUNTA_ID = 5) ELSE 0 END +\n    CASE WHEN R.P6 = \u0027SI\u0027 THEN (SELECT PONDERACION FROM PREGUNTAS WHERE PREGUNTA_ID = 6) ELSE 0 END +\n    CASE WHEN R.P7 = \u0027SI\u0027 THEN (SELECT PONDERACION FROM PREGUNTAS WHERE PREGUNTA_ID = 7) ELSE 0 END +\n    CASE WHEN R.P8 = \u0027SI\u0027 THEN (SELECT PONDERACION FROM PREGUNTAS WHERE PREGUNTA_ID = 8) ELSE 0 END +\n    CASE WHEN R.P9 = \u0027SI\u0027 THEN (SELECT PONDERACION FROM PREGUNTAS WHERE PREGUNTA_ID = 9) ELSE 0 END +\n    CASE WHEN R.P10 = \u0027SI\u0027 THEN (SELECT PONDERACION FROM PREGUNTAS WHERE PREGUNTA_ID = 10) ELSE 0 END\n   \n  ) AS PUNTAJE_TOTAL\nFROM \n  RESPUESTAS R\n  \nWHERE \n  R.EMPRESA_ID = 2\n\nGROUP BY \n  CATEGORIA, R.EMPRESA_ID\n\n UNION\n  SELECT \n  \u0027Autorizaci\u00F3n \u0026 Transferencia\u0027 LABEL ,\n  R.EMPRESA_ID,\n  SUM(\n    \n \n    CASE WHEN R.P11 = \u0027SI\u0027 THEN (SELECT PONDERACION FROM PREGUNTAS WHERE PREGUNTA_ID = 11) ELSE 0 END +\n    CASE WHEN R.P12 = \u0027SI\u0027 THEN (SELECT PONDERACION FROM PREGUNTAS WHERE PREGUNTA_ID = 12) ELSE 0 END +\n    CASE WHEN R.P13 = \u0027SI\u0027 THEN (SELECT PONDERACION FROM PREGUNTAS WHERE PREGUNTA_ID = 13) ELSE 0 END +\n    CASE WHEN R.P14 = \u0027SI\u0027 THEN (SELECT PONDERACION FROM PREGUNTAS WHERE PREGUNTA_ID = 14) ELSE 0 END +\n    CASE WHEN R.P15 = \u0027SI\u0027 THEN (SELECT PONDERACION FROM PREGUNTAS WHERE PREGUNTA_ID = 15) ELSE 0 END +\n    CASE WHEN R.P16 = \u0027SI\u0027 THEN (SELECT PONDERACION FROM PREGUNTAS WHERE PREGUNTA_ID = 16) ELSE 0 END +\n    CASE WHEN R.P17 = \u0027SI\u0027 THEN (SELECT PONDERACION FROM PREGUNTAS WHERE PREGUNTA_ID = 17) ELSE 0 END +\n    CASE WHEN R.P18 = \u0027SI\u0027 THEN (SELECT PONDERACION FROM PREGUNTAS WHERE PREGUNTA_ID = 18) ELSE 0 END +\n    CASE WHEN R.P19 = \u0027SI\u0027 THEN (SELECT PONDERACION FROM PREGUNTAS WHERE PREGUNTA_ID = 19) ELSE 0 END +\n    CASE WHEN R.P20 = \u0027SI\u0027 THEN (SELECT PONDERACION FROM PREGUNTAS WHERE PREGUNTA_ID = 20) ELSE 0 END\n\n   \n  ) AS PUNTAJE_TOTAL\nFROM \n  RESPUESTAS R\n  \nWHERE \n  R.EMPRESA_ID = 2\n\nGROUP BY \n  CATEGORIA, R.EMPRESA_ID\nUNION\n  SELECT \n  \u0027Derechos de los Titulares\u0027 LABEL ,\n  R.EMPRESA_ID,\n  SUM(\n    \n \n    CASE WHEN R.P21 = \u0027SI\u0027 THEN (SELECT PONDERACION FROM PREGUNTAS WHERE PREGUNTA_ID = 31) ELSE 0 END +\n    CASE WHEN R.P22 = \u0027SI\u0027 THEN (SELECT PONDERACION FROM PREGUNTAS WHERE PREGUNTA_ID = 32) ELSE 0 END +\n    CASE WHEN R.P23 = \u0027SI\u0027 THEN (SELECT PONDERACION FROM PREGUNTAS WHERE PREGUNTA_ID = 33) ELSE 0 END +\n    CASE WHEN R.P24 = \u0027SI\u0027 THEN (SELECT PONDERACION FROM PREGUNTAS WHERE PREGUNTA_ID = 34) ELSE 0 END +\n    CASE WHEN R.P25 = \u0027SI\u0027 THEN (SELECT PONDERACION FROM PREGUNTAS WHERE PREGUNTA_ID = 35) ELSE 0 END +\n    CASE WHEN R.P26 = \u0027SI\u0027 THEN (SELECT PONDERACION FROM PREGUNTAS WHERE PREGUNTA_ID = 36) ELSE 0 END +\n    CASE WHEN R.P27 = \u0027SI\u0027 THEN (SELECT PONDERACION FROM PREGUNTAS WHERE PREGUNTA_ID = 37) ELSE 0 END +\n    CASE WHEN R.P28 = \u0027SI\u0027 THEN (SELECT PONDERACION FROM PREGUNTAS WHERE PREGUNTA_ID = 38) ELSE 0 END +\n    CASE WHEN R.P29 = \u0027SI\u0027 THEN (SELECT PONDERACION FROM PREGUNTAS WHERE PREGUNTA_ID = 39) ELSE 0 END +\n    CASE WHEN R.P30 = \u0027SI\u0027 THEN (SELECT PONDERACION FROM PREGUNTAS WHERE PREGUNTA_ID = 40) ELSE 0 END\n\n   \n  ) AS PUNTAJE_TOTAL\nFROM \n  RESPUESTAS R\n  \nWHERE \n  R.EMPRESA_ID = 2\n\nGROUP BY \n  CATEGORIA, R.EMPRESA_ID\n\nUNION\n  SELECT \n  \u0027Seguridad de la Informaci\u00F3n\u0027 LABEL ,\n  R.EMPRESA_ID,\n  SUM(\n    \n \n    CASE WHEN R.P31 = \u0027SI\u0027 THEN (SELECT PONDERACION FROM PREGUNTAS WHERE PREGUNTA_ID = 31) ELSE 0 END +\n    CASE WHEN R.P32 = \u0027SI\u0027 THEN (SELECT PONDERACION FROM PREGUNTAS WHERE PREGUNTA_ID = 32) ELSE 0 END +\n    CASE WHEN R.P33 = \u0027SI\u0027 THEN (SELECT PONDERACION FROM PREGUNTAS WHERE PREGUNTA_ID = 33) ELSE 0 END +\n    CASE WHEN R.P34 = \u0027SI\u0027 THEN (SELECT PONDERACION FROM PREGUNTAS WHERE PREGUNTA_ID = 34) ELSE 0 END +\n    CASE WHEN R.P35 = \u0027SI\u0027 THEN (SELECT PONDERACION FROM PREGUNTAS WHERE PREGUNTA_ID = 35) ELSE 0 END +\n    CASE WHEN R.P36 = \u0027SI\u0027 THEN (SELECT PONDERACION FROM PREGUNTAS WHERE PREGUNTA_ID = 36) ELSE 0 END +\n    CASE WHEN R.P37 = \u0027SI\u0027 THEN (SELECT PONDERACION FROM PREGUNTAS WHERE PREGUNTA_ID = 37) ELSE 0 END +\n    CASE WHEN R.P38 = \u0027SI\u0027 THEN (SELECT PONDERACION FROM PREGUNTAS WHERE PREGUNTA_ID = 38) ELSE 0 END +\n    CASE WHEN R.P39 = \u0027SI\u0027 THEN (SELECT PONDERACION FROM PREGUNTAS WHERE PREGUNTA_ID = 39) ELSE 0 END +\n    CASE WHEN R.P40 = \u0027SI\u0027 THEN (SELECT PONDERACION FROM PREGUNTAS WHERE PREGUNTA_ID = 40) ELSE 0 END\n\n   \n  ) AS PUNTAJE_TOTAL\nFROM \n  RESPUESTAS R\n  \nWHERE \n  R.EMPRESA_ID = 2\n\nGROUP BY \n  CATEGORIA, R.EMPRESA_ID\n\n  \nUNION\n  SELECT \n  \u0027Tratamiento de Datos\u0027 LABEL ,\n  R.EMPRESA_ID,\n  SUM(\n    \n \n    CASE WHEN R.P41 = \u0027SI\u0027 THEN (SELECT PONDERACION FROM PREGUNTAS WHERE PREGUNTA_ID = 41) ELSE 0 END +\n    CASE WHEN R.P42 = \u0027SI\u0027 THEN (SELECT PONDERACION FROM PREGUNTAS WHERE PREGUNTA_ID = 42) ELSE 0 END +\n    CASE WHEN R.P43 = \u0027SI\u0027 THEN (SELECT PONDERACION FROM PREGUNTAS WHERE PREGUNTA_ID = 43) ELSE 0 END +\n    CASE WHEN R.P44 = \u0027SI\u0027 THEN (SELECT PONDERACION FROM PREGUNTAS WHERE PREGUNTA_ID = 44) ELSE 0 END +\n    CASE WHEN R.P45 = \u0027SI\u0027 THEN (SELECT PONDERACION FROM PREGUNTAS WHERE PREGUNTA_ID = 45) ELSE 0 END +\n    CASE WHEN R.P46 = \u0027SI\u0027 THEN (SELECT PONDERACION FROM PREGUNTAS WHERE PREGUNTA_ID = 46) ELSE 0 END +\n    CASE WHEN R.P47 = \u0027SI\u0027 THEN (SELECT PONDERACION FROM PREGUNTAS WHERE PREGUNTA_ID = 47) ELSE 0 END +\n    CASE WHEN R.P48 = \u0027SI\u0027 THEN (SELECT PONDERACION FROM PREGUNTAS WHERE PREGUNTA_ID = 48) ELSE 0 END +\n    CASE WHEN R.P49 = \u0027SI\u0027 THEN (SELECT PONDERACION FROM PREGUNTAS WHERE PREGUNTA_ID = 49) ELSE 0 END +\n    CASE WHEN R.P50 = \u0027SI\u0027 THEN (SELECT PONDERACION FROM PREGUNTAS WHERE PREGUNTA_ID = 50) ELSE 0 END\n\n   \n  ) AS PUNTAJE_TOTAL\nFROM \n  RESPUESTAS R\n  \nWHERE \n  R.EMPRESA_ID = 2\n\nGROUP BY \n  CATEGORIA, R.EMPRESA_ID\n\n   \nUNION\n  SELECT \n  \u0027Historia Clinica\u0027 LABEL ,\n  R.EMPRESA_ID,\n  SUM(\n    \n \n    CASE WHEN R.P51 = \u0027SI\u0027 THEN (SELECT PONDERACION FROM PREGUNTAS WHERE PREGUNTA_ID = 41) ELSE 0 END +\n    CASE WHEN R.P42 = \u0027SI\u0027 THEN (SELECT PONDERACION FROM PREGUNTAS WHERE PREGUNTA_ID = 42) ELSE 0 END +\n    CASE WHEN R.P43 = \u0027SI\u0027 THEN (SELECT PONDERACION FROM PREGUNTAS WHERE PREGUNTA_ID = 43) ELSE 0 END +\n    CASE WHEN R.P44 = \u0027SI\u0027 THEN (SELECT PONDERACION FROM PREGUNTAS WHERE PREGUNTA_ID = 44) ELSE 0 END +\n    CASE WHEN R.P45 = \u0027SI\u0027 THEN (SELECT PONDERACION FROM PREGUNTAS WHERE PREGUNTA_ID = 45) ELSE 0 END +\n    CASE WHEN R.P46 = \u0027SI\u0027 THEN (SELECT PONDERACION FROM PREGUNTAS WHERE PREGUNTA_ID = 46) ELSE 0 END +\n    CASE WHEN R.P47 = \u0027SI\u0027 THEN (SELECT PONDERACION FROM PREGUNTAS WHERE PREGUNTA_ID = 47) ELSE 0 END +\n    CASE WHEN R.P48 = \u0027SI\u0027 THEN (SELECT PONDERACION FROM PREGUNTAS WHERE PREGUNTA_ID = 48) ELSE 0 END +\n    CASE WHEN R.P49 = \u0027SI\u0027 THEN (SELECT PONDERACION FROM PREGUNTAS WHERE PREGUNTA_ID = 49) ELSE 0 END +\n    CASE WHEN R.P50 = \u0027SI\u0027 THEN (SELECT PONDERACION FROM PREGUNTAS WHERE PREGUNTA_ID = 50) ELSE 0 END\n\n   \n  ) AS PUNTAJE_TOTAL\nFROM \n  RESPUESTAS R\n  \nWHERE \n  R.EMPRESA_ID = 2\n\nGROUP BY \n  CATEGORIA, R.EMPRESA_ID\n\n  UNION\n  SELECT \n  \u0027An\u00E1lisis de Riesgos\u0027 LABEL ,\n  R.EMPRESA_ID,\n  SUM(\n    \n \n    CASE WHEN R.P51 = \u0027SI\u0027 THEN (SELECT PONDERACION FROM PREGUNTAS WHERE PREGUNTA_ID = 51) ELSE 0 END +\n    CASE WHEN R.P52 = \u0027SI\u0027 THEN (SELECT PONDERACION FROM PREGUNTAS WHERE PREGUNTA_ID = 52) ELSE 0 END +\n    CASE WHEN R.P53 = \u0027SI\u0027 THEN (SELECT PONDERACION FROM PREGUNTAS WHERE PREGUNTA_ID = 53) ELSE 0 END +\n    CASE WHEN R.P54 = \u0027SI\u0027 THEN (SELECT PONDERACION FROM PREGUNTAS WHERE PREGUNTA_ID = 54) ELSE 0 END +\n    CASE WHEN R.P55 = \u0027SI\u0027 THEN (SELECT PONDERACION FROM PREGUNTAS WHERE PREGUNTA_ID = 55) ELSE 0 END +\n    CASE WHEN R.P56 = \u0027SI\u0027 THEN (SELECT PONDERACION FROM PREGUNTAS WHERE PREGUNTA_ID = 56) ELSE 0 END +\n    CASE WHEN R.P57 = \u0027SI\u0027 THEN (SELECT PONDERACION FROM PREGUNTAS WHERE PREGUNTA_ID = 57) ELSE 0 END +\n    CASE WHEN R.P58 = \u0027SI\u0027 THEN (SELECT PONDERACION FROM PREGUNTAS WHERE PREGUNTA_ID = 58) ELSE 0 END +\n    CASE WHEN R.P59 = \u0027SI\u0027 THEN (SELECT PONDERACION FROM PREGUNTAS WHERE PREGUNTA_ID = 59) ELSE 0 END +\n    CASE WHEN R.P60 = \u0027SI\u0027 THEN (SELECT PONDERACION FROM PREGUNTAS WHERE PREGUNTA_ID = 60) ELSE 0 END\n\n   \n  ) AS PUNTAJE_TOTAL\nFROM \n  RESPUESTAS R\n  \nWHERE \n  R.EMPRESA_ID = 2\n\nGROUP BY \n  CATEGORIA, R.EMPRESA_ID"
            }
           ,"Column Mapping":{
              "Label":"LABEL"
             ,"Value":"PUNTAJE_TOTAL"
            }
           ,"Appearance":{
              "Color":"#009dff"
             ,"Assigned To Y2 Axis":false
            }
           ,"Label":{
              "Show":false
            }
          }
        ]
       ,"Axes":[
          {
            "id":"13364448764059849"
           ,"Identification":{
              "Name":"x"
             ,"Show Axis":true
            }
           ,"Value":{
              "Format Scaling":"Automatic"
             ,"Baseline Scaling":"Zero"
             ,"Scale":"Linear"
            }
           ,"Major Ticks":{
              "Show":"Yes"
            }
           ,"Minor Ticks":{
              "Show":true
            }
           ,"Tick Label":{
              "Show":true
             ,"Rotation":true
             ,"Position":"Outside"
             ,"Font Color":"#070807"
            }
          }
         ,{
            "id":"13364588076059850"
           ,"Identification":{
              "Name":"y"
             ,"Show Axis":true
            }
           ,"Value":{
              "Format":"Decimal"
             ,"Decimal Places":0
             ,"Format Scaling":"None"
             ,"Baseline Scaling":"Zero"
             ,"Scale":"Linear"
            }
           ,"Appearance":{
              "Position":"Automatic"
            }
           ,"Major Ticks":{
              "Show":"Yes"
            }
           ,"Minor Ticks":{
              "Show":false
            }
           ,"Tick Label":{
              "Show":true
            }
          }
         ,{
            "id":"13964724239916101"
           ,"Identification":{
              "Name":"y2"
             ,"Show Axis":true
            }
           ,"Value":{
              "Format Scaling":"Automatic"
             ,"Baseline Scaling":"Zero"
             ,"Scale":"Linear"
            }
           ,"Appearance":{
              "Position":"Automatic"
            }
           ,"Major Ticks":{
              "Show":"Yes"
            }
           ,"Minor Ticks":{
              "Show":false
            }
           ,"Tick Label":{
              "Show":true
            }
           ,"Dual Y Axes":{
              "Show":"Automatic"
            }
          }
        ]
      }
    }
   ,{
      "id":"13964911978916103"
     ,"Identification":{
        "Title":"New"
       ,"Type":"Static Content"
      }
     ,"Source":{
        "HTML Code":"\n\n\u003Cp style=\"background: #f7f5f5; font-weight: bold; padding: 20px;  font-family: \u0027Cambria\u0027, serif; font-style: italic; font-size: 24px;\"\u003ENiveles de Riesgo\u003C\/p\u003E\n\n\u003Cstrong\u003EAlto - Protegido (80-100%) \u003C\/strong\u003E: \n\u003Cp\u003EEste rango indica un alto nivel y optimo de cumplimiento en la Protecci\u00F3n de Datos Personales \u003C\/p\u003E\n\u003Cstrong\u003EMedio - Intermedio (50-80%) \u003C\/strong\u003E:\n\u003Cp\u003ELas entidades en este rango muestran un cumplimiento moderado con las normativas. Aunque se han tomado algunas medidas para asegurar lo datos, a\u00FAn existen brechas o inconsistencias que deben ser resueltas para asegurar pleno cumplimiento. \u003C\/p\u003E\n\u003Cstrong\u003EBajo - En riesgo (0-50%) \u003C\/strong\u003E : \n\u003Cp\u003EEn este rango, las entidades exhiben un bajo nivel de cumplimiento con los requisitos.  Esto representa un alto riesgo de incumplimiento\u003Cp\u003E"
      }
     ,"Layout":{
        "Sequence":40
       ,"Parent Region":"About this page (8250200806822917)"
       ,"Position":"BODY"
       ,"Start New Layout":false
       ,"Start New Row":false
       ,"Column":"Automatic"
       ,"New Column":false
       ,"Column Span":"Automatic"
      }
     ,"Appearance":{
        "Template":"Standard (11371245017501793)"
       ,"Template Options":[
          "#DEFAULT#"
         ,"t-Region--removeHeader"
         ,"t-Region--scrollBody"
        ]
       ,"Render Components":"Above Content"
      }
     ,"Advanced":{
        "Region Display Selector":false
       ,"Exclude Title from Translation":false
      }
     ,"Server Cache":{
        "Caching":"Disabled"
      }
     ,"Customization":{
        "Customizable":"Not Customizable By End Users"
      }
     ,"Attributes":{
        "Settings":{
          "Output As":"HTML"
         ,"Expand Shortcuts":false
        }
      }
    }
  ]
}
