{
  "id":"28"
 ,"Identification":{
    "Name":"Derechos de los Titulares"
   ,"Alias":"DERECHOS-DE-LOS-TITULARES"
   ,"Title":"Derechos de los Titulares"
  }
 ,"Appearance":{
    "Page Mode":"Normal"
   ,"Page Template":"Theme Default"
   ,"Template Options":[
      "#DEFAULT#"
    ]
  }
 ,"Navigation Menu":{
    "Override User Interface Level":false
  }
 ,"Navigation":{
    "Cursor Focus":"Do not focus cursor"
   ,"Warn on Unsaved Changes":true
  }
 ,"Security":{
    "Authentication":"Page Requires Authentication"
   ,"Deep Linking":"Application Default"
   ,"Page Access Protection":"Arguments Must Have Checksum"
   ,"Form Auto Complete":"Off"
   ,"Browser Cache":"Application Default"
  }
 ,"Session Management":{
    "Rejoin Sessions":"Application Default"
  }
 ,"Advanced":{
    "Enable duplicate page submissions":"Yes - Enable page to be re-posted"
   ,"Reload on Submit":"Only for Success"
  }
 ,"Server Cache":{
    "Caching":"Disabled"
  }
 ,"Regions":[
    {
      "id":"12117857191655252"
     ,"Identification":{
        "Title":"Breadcrumb"
       ,"Type":"Breadcrumb"
      }
     ,"Source":{
        "Breadcrumb":"Breadcrumb (11320946023501739)"
      }
     ,"Layout":{
        "Sequence":10
       ,"Parent Region":"No Parent"
       ,"Position":"REGION_POSITION_01"
       ,"Start New Layout":false
       ,"Start New Row":true
       ,"Column":"Automatic"
       ,"New Column":true
       ,"Column Span":"Automatic"
      }
     ,"Appearance":{
        "Template":"Title Bar (11380653829501797)"
       ,"Template Options":[
          "#DEFAULT#"
         ,"t-BreadcrumbRegion--useBreadcrumbTitle"
        ]
       ,"Render Components":"Above Content"
      }
     ,"Advanced":{
        "Region Display Selector":false
       ,"Exclude Title from Translation":false
      }
     ,"Server Cache":{
        "Caching":"Disabled"
      }
     ,"Customization":{
        "Customizable":"Not Customizable By End Users"
      }
     ,"Attributes":{
        "Appearance":{
          "Breadcrumb Template":"Breadcrumb (11428688633501831)"
         ,"Template Options":[
            "#DEFAULT#"
          ]
        }
      }
    }
   ,{
      "id":"12118540475655318"
     ,"Identification":{
        "Title":"Por favor lea muy bien las siguientes preguntas y responda SI o NO "
       ,"Type":"Form"
      }
     ,"Source":{
        "Location":"Local Database"
       ,"Type":"Table \/ View"
       ,"Table Owner":"Parsing Schema"
       ,"Table Name":"RESPUESTAS"
       ,"Include ROWID Column":false
      }
     ,"Layout":{
        "Sequence":10
       ,"Parent Region":"No Parent"
       ,"Position":"BODY"
       ,"Start New Layout":false
       ,"Start New Row":true
       ,"Column":"Automatic"
       ,"New Column":true
       ,"Column Span":"Automatic"
      }
     ,"Appearance":{
        "Template":"Standard (11371245017501793)"
       ,"Template Options":[
          "#DEFAULT#"
         ,"t-Region--scrollBody"
        ]
       ,"Render Components":"Above Content"
      }
     ,"Advanced":{
        "Region Display Selector":false
       ,"Exclude Title from Translation":false
      }
     ,"Server Cache":{
        "Caching":"Disabled"
      }
     ,"Customization":{
        "Customizable":"Not Customizable By End Users"
      }
     ,"Attributes":{
        "Edit":{
          "Enabled":true
         ,"Allowed Operations":[
            "Add Row"
           ,"Update Row"
           ,"Delete Row"
          ]
         ,"Lost Update Type":"Row Values"
        }
      }
    }
  ]
 ,"Page Items":[
    {
      "id":"12118948595655319"
     ,"Identification":{
        "Name":"P28_RESPUESTA_ID"
       ,"Type":"Hidden"
      }
     ,"Settings":{
        "Value Protected":true
      }
     ,"Layout":{
        "Sequence":10
       ,"Region":"Por favor lea muy bien las siguientes preguntas y responda SI o NO  (12118540475655318)"
       ,"Position":"BODY"
      }
     ,"Advanced":{
        "Warn on Unsaved Changes":"Page Default"
      }
     ,"Source":{
        "Form Region":"Por favor lea muy bien las siguientes preguntas y responda SI o NO  (12118540475655318)"
       ,"Column":"RESPUESTA_ID"
       ,"Data Type":"NUMBER"
       ,"Query Only":true
       ,"Primary Key":true
      }
     ,"Session State":{
        "Data Type":"VARCHAR2"
       ,"Storage":"Per Request (Memory Only)"
      }
     ,"Security":{
        "Session State Protection":"Checksum Required - Session Level"
       ,"Store value encrypted in session state":true
       ,"Restricted Characters":"All characters can be saved."
      }
    }
   ,{
      "id":"12119355456655319"
     ,"Identification":{
        "Name":"P28_EMPRESA_ID"
       ,"Type":"Hidden"
      }
     ,"Settings":{
        "Value Protected":true
      }
     ,"Layout":{
        "Sequence":30
       ,"Region":"Por favor lea muy bien las siguientes preguntas y responda SI o NO  (12118540475655318)"
       ,"Position":"BODY"
      }
     ,"Advanced":{
        "Warn on Unsaved Changes":"Page Default"
      }
     ,"Source":{
        "Form Region":"Por favor lea muy bien las siguientes preguntas y responda SI o NO  (12118540475655318)"
       ,"Column":"EMPRESA_ID"
       ,"Data Type":"NUMBER"
       ,"Query Only":false
       ,"Primary Key":false
      }
     ,"Default":{
        "Type":"Item"
       ,"Item":":COD_EMPRESA"
      }
     ,"Session State":{
        "Data Type":"VARCHAR2"
       ,"Storage":"Per Request (Memory Only)"
      }
     ,"Security":{
        "Session State Protection":"Unrestricted"
       ,"Store value encrypted in session state":true
       ,"Restricted Characters":"All characters can be saved."
      }
    }
   ,{
      "id":"12120119341655319"
     ,"Identification":{
        "Name":"P28_FECHA"
       ,"Type":"Date Picker"
      }
     ,"Label":{
        "Label":"Fecha"
       ,"Alignment":"Left"
      }
     ,"Settings":{
        "Show Time":false
       ,"Display As":"Popup"
       ,"Minimum Date":"None"
       ,"Maximum Date":"None"
       ,"Multiple Months":"No"
       ,"Use Defaults":true
      }
     ,"Layout":{
        "Sequence":40
       ,"Region":"Por favor lea muy bien las siguientes preguntas y responda SI o NO  (12118540475655318)"
       ,"Position":"BODY"
       ,"Alignment":"Left"
       ,"Start New Layout":false
       ,"Start New Row":true
       ,"Column":"Automatic"
       ,"New Column":true
       ,"Column Span":"Automatic"
       ,"Label Column Span":"Page Template Default"
      }
     ,"Appearance":{
        "Template":"Optional - Floating (11426260554501828)"
       ,"Template Options":[
          "#DEFAULT#"
        ]
       ,"Width":32
      }
     ,"Validation":{
        "Value Required":true
       ,"Maximum Length":255
      }
     ,"Advanced":{
        "Warn on Unsaved Changes":"Page Default"
      }
     ,"Source":{
        "Form Region":"Por favor lea muy bien las siguientes preguntas y responda SI o NO  (12118540475655318)"
       ,"Column":"FECHA"
       ,"Data Type":"DATE"
       ,"Query Only":false
       ,"Primary Key":false
      }
     ,"Session State":{
        "Storage":"Per Request (Memory Only)"
      }
     ,"Quick Picks":{
        "Show Quick Picks":false
      }
     ,"Security":{
        "Session State Protection":"Unrestricted"
       ,"Store value encrypted in session state":true
       ,"Restricted Characters":"All characters can be saved."
      }
    }
   ,{
      "id":"12128103142655324"
     ,"Identification":{
        "Name":"P28_P21"
       ,"Type":"Radio Group"
      }
     ,"Label":{
        "Label":"\u00BFTiene la empresa un procedimiento claro y accesible para que los titulares de datos ejerzan su derecho de acceso?"
       ,"Alignment":"Left"
      }
     ,"Settings":{
        "Number of Columns":1
       ,"Page Action on Selection":"None"
      }
     ,"Layout":{
        "Sequence":50
       ,"Region":"Por favor lea muy bien las siguientes preguntas y responda SI o NO  (12118540475655318)"
       ,"Position":"BODY"
       ,"Alignment":"Left"
       ,"Start New Layout":false
       ,"Start New Row":true
       ,"Column":"Automatic"
       ,"New Column":true
       ,"Column Span":"Automatic"
       ,"Label Column Span":"Page Template Default"
      }
     ,"Appearance":{
        "Template":"Required - Floating (11426491132501829)"
       ,"Template Options":[
          "#DEFAULT#"
        ]
      }
     ,"Validation":{
        "Value Required":true
      }
     ,"List of Values":{
        "Type":"Shared Component"
       ,"List of Values":"OPCIONESRESPUESTA1 (9564260198175030)"
       ,"Display Extra Values":false
       ,"Display Null Value":false
      }
     ,"Advanced":{
        "Warn on Unsaved Changes":"Page Default"
      }
     ,"Source":{
        "Form Region":"Por favor lea muy bien las siguientes preguntas y responda SI o NO  (12118540475655318)"
       ,"Column":"P21"
       ,"Data Type":"VARCHAR2"
       ,"Query Only":false
       ,"Primary Key":false
      }
     ,"Session State":{
        "Storage":"Per Request (Memory Only)"
      }
     ,"Security":{
        "Session State Protection":"Unrestricted"
       ,"Store value encrypted in session state":true
       ,"Escape special characters":true
       ,"Restricted Characters":"All characters can be saved."
      }
    }
   ,{
      "id":"12128505944655324"
     ,"Identification":{
        "Name":"P28_P22"
       ,"Type":"Radio Group"
      }
     ,"Label":{
        "Label":"\u00BFSe permite a los titulares actualizar sus datos personales cuando estos son inexactos o incompletos?"
       ,"Alignment":"Left"
      }
     ,"Settings":{
        "Number of Columns":1
       ,"Page Action on Selection":"None"
      }
     ,"Layout":{
        "Sequence":60
       ,"Region":"Por favor lea muy bien las siguientes preguntas y responda SI o NO  (12118540475655318)"
       ,"Position":"BODY"
       ,"Alignment":"Left"
       ,"Start New Layout":false
       ,"Start New Row":true
       ,"Column":"Automatic"
       ,"New Column":true
       ,"Column Span":"Automatic"
       ,"Label Column Span":"Page Template Default"
      }
     ,"Appearance":{
        "Template":"Required - Floating (11426491132501829)"
       ,"Template Options":[
          "#DEFAULT#"
        ]
      }
     ,"Validation":{
        "Value Required":true
      }
     ,"List of Values":{
        "Type":"Shared Component"
       ,"List of Values":"OPCIONESRESPUESTA1 (9564260198175030)"
       ,"Display Extra Values":false
       ,"Display Null Value":false
      }
     ,"Advanced":{
        "Warn on Unsaved Changes":"Page Default"
      }
     ,"Source":{
        "Form Region":"Por favor lea muy bien las siguientes preguntas y responda SI o NO  (12118540475655318)"
       ,"Column":"P22"
       ,"Data Type":"VARCHAR2"
       ,"Query Only":false
       ,"Primary Key":false
      }
     ,"Session State":{
        "Storage":"Per Request (Memory Only)"
      }
     ,"Security":{
        "Session State Protection":"Unrestricted"
       ,"Store value encrypted in session state":true
       ,"Escape special characters":true
       ,"Restricted Characters":"All characters can be saved."
      }
    }
   ,{
      "id":"12128920301655324"
     ,"Identification":{
        "Name":"P28_P23"
       ,"Type":"Radio Group"
      }
     ,"Label":{
        "Label":"\u00BFLa empresa tiene establecido un mecanismo para que los titulares puedan solicitar la supresi\u00F3n de sus datos personales?"
       ,"Alignment":"Left"
      }
     ,"Settings":{
        "Number of Columns":1
       ,"Page Action on Selection":"None"
      }
     ,"Layout":{
        "Sequence":70
       ,"Region":"Por favor lea muy bien las siguientes preguntas y responda SI o NO  (12118540475655318)"
       ,"Position":"BODY"
       ,"Alignment":"Left"
       ,"Start New Layout":false
       ,"Start New Row":true
       ,"Column":"Automatic"
       ,"New Column":true
       ,"Column Span":"Automatic"
       ,"Label Column Span":"Page Template Default"
      }
     ,"Appearance":{
        "Template":"Required - Floating (11426491132501829)"
       ,"Template Options":[
          "#DEFAULT#"
        ]
      }
     ,"Validation":{
        "Value Required":true
      }
     ,"List of Values":{
        "Type":"Shared Component"
       ,"List of Values":"OPCIONESRESPUESTA1 (9564260198175030)"
       ,"Display Extra Values":false
       ,"Display Null Value":false
      }
     ,"Advanced":{
        "Warn on Unsaved Changes":"Page Default"
      }
     ,"Source":{
        "Form Region":"Por favor lea muy bien las siguientes preguntas y responda SI o NO  (12118540475655318)"
       ,"Column":"P23"
       ,"Data Type":"VARCHAR2"
       ,"Query Only":false
       ,"Primary Key":false
      }
     ,"Session State":{
        "Storage":"Per Request (Memory Only)"
      }
     ,"Security":{
        "Session State Protection":"Unrestricted"
       ,"Store value encrypted in session state":true
       ,"Escape special characters":true
       ,"Restricted Characters":"All characters can be saved."
      }
    }
   ,{
      "id":"12129350854655324"
     ,"Identification":{
        "Name":"P28_P24"
       ,"Type":"Radio Group"
      }
     ,"Label":{
        "Label":"\u00BFSe informa a los titulares sobre los usos y tratamientos que se dan a sus datos personales?"
       ,"Alignment":"Left"
      }
     ,"Settings":{
        "Number of Columns":1
       ,"Page Action on Selection":"None"
      }
     ,"Layout":{
        "Sequence":80
       ,"Region":"Por favor lea muy bien las siguientes preguntas y responda SI o NO  (12118540475655318)"
       ,"Position":"BODY"
       ,"Alignment":"Left"
       ,"Start New Layout":false
       ,"Start New Row":true
       ,"Column":"Automatic"
       ,"New Column":true
       ,"Column Span":"Automatic"
       ,"Label Column Span":"Page Template Default"
      }
     ,"Appearance":{
        "Template":"Required - Floating (11426491132501829)"
       ,"Template Options":[
          "#DEFAULT#"
        ]
      }
     ,"Validation":{
        "Value Required":true
      }
     ,"List of Values":{
        "Type":"Shared Component"
       ,"List of Values":"OPCIONESRESPUESTA1 (9564260198175030)"
       ,"Display Extra Values":false
       ,"Display Null Value":false
      }
     ,"Advanced":{
        "Warn on Unsaved Changes":"Page Default"
      }
     ,"Source":{
        "Form Region":"Por favor lea muy bien las siguientes preguntas y responda SI o NO  (12118540475655318)"
       ,"Column":"P24"
       ,"Data Type":"VARCHAR2"
       ,"Query Only":false
       ,"Primary Key":false
      }
     ,"Session State":{
        "Storage":"Per Request (Memory Only)"
      }
     ,"Security":{
        "Session State Protection":"Unrestricted"
       ,"Store value encrypted in session state":true
       ,"Escape special characters":true
       ,"Restricted Characters":"All characters can be saved."
      }
    }
   ,{
      "id":"12129797489655325"
     ,"Identification":{
        "Name":"P28_P25"
       ,"Type":"Radio Group"
      }
     ,"Label":{
        "Label":"\u00BFPueden los titulares oponerse al tratamiento de sus datos personales para ciertos fines?"
       ,"Alignment":"Left"
      }
     ,"Settings":{
        "Number of Columns":1
       ,"Page Action on Selection":"None"
      }
     ,"Layout":{
        "Sequence":90
       ,"Region":"Por favor lea muy bien las siguientes preguntas y responda SI o NO  (12118540475655318)"
       ,"Position":"BODY"
       ,"Alignment":"Left"
       ,"Start New Layout":false
       ,"Start New Row":true
       ,"Column":"Automatic"
       ,"New Column":true
       ,"Column Span":"Automatic"
       ,"Label Column Span":"Page Template Default"
      }
     ,"Appearance":{
        "Template":"Required - Floating (11426491132501829)"
       ,"Template Options":[
          "#DEFAULT#"
        ]
      }
     ,"Validation":{
        "Value Required":true
      }
     ,"List of Values":{
        "Type":"Shared Component"
       ,"List of Values":"OPCIONESRESPUESTA1 (9564260198175030)"
       ,"Display Extra Values":false
       ,"Display Null Value":false
      }
     ,"Advanced":{
        "Warn on Unsaved Changes":"Page Default"
      }
     ,"Source":{
        "Form Region":"Por favor lea muy bien las siguientes preguntas y responda SI o NO  (12118540475655318)"
       ,"Column":"P25"
       ,"Data Type":"VARCHAR2"
       ,"Query Only":false
       ,"Primary Key":false
      }
     ,"Session State":{
        "Storage":"Per Request (Memory Only)"
      }
     ,"Security":{
        "Session State Protection":"Unrestricted"
       ,"Store value encrypted in session state":true
       ,"Escape special characters":true
       ,"Restricted Characters":"All characters can be saved."
      }
    }
   ,{
      "id":"12130193981655325"
     ,"Identification":{
        "Name":"P28_P26"
       ,"Type":"Radio Group"
      }
     ,"Label":{
        "Label":"\u00BFTienen un encargado del tratamiento de datos? "
       ,"Alignment":"Left"
      }
     ,"Settings":{
        "Number of Columns":1
       ,"Page Action on Selection":"None"
      }
     ,"Layout":{
        "Sequence":100
       ,"Region":"Por favor lea muy bien las siguientes preguntas y responda SI o NO  (12118540475655318)"
       ,"Position":"BODY"
       ,"Alignment":"Left"
       ,"Start New Layout":false
       ,"Start New Row":true
       ,"Column":"Automatic"
       ,"New Column":true
       ,"Column Span":"Automatic"
       ,"Label Column Span":"Page Template Default"
      }
     ,"Appearance":{
        "Template":"Required - Floating (11426491132501829)"
       ,"Template Options":[
          "#DEFAULT#"
        ]
      }
     ,"Validation":{
        "Value Required":true
      }
     ,"List of Values":{
        "Type":"Shared Component"
       ,"List of Values":"OPCIONESRESPUESTA1 (9564260198175030)"
       ,"Display Extra Values":false
       ,"Display Null Value":false
      }
     ,"Advanced":{
        "Warn on Unsaved Changes":"Page Default"
      }
     ,"Source":{
        "Form Region":"Por favor lea muy bien las siguientes preguntas y responda SI o NO  (12118540475655318)"
       ,"Column":"P26"
       ,"Data Type":"VARCHAR2"
       ,"Query Only":false
       ,"Primary Key":false
      }
     ,"Session State":{
        "Storage":"Per Request (Memory Only)"
      }
     ,"Security":{
        "Session State Protection":"Unrestricted"
       ,"Store value encrypted in session state":true
       ,"Escape special characters":true
       ,"Restricted Characters":"All characters can be saved."
      }
    }
   ,{
      "id":"12130580907655325"
     ,"Identification":{
        "Name":"P28_P27"
       ,"Type":"Radio Group"
      }
     ,"Label":{
        "Label":"\"\u00BFSi el tratamiento se basa en el consentimiento se informa de la existencia del derecho a retirarlo en  cualquier momento?\""
       ,"Alignment":"Left"
      }
     ,"Settings":{
        "Number of Columns":1
       ,"Page Action on Selection":"None"
      }
     ,"Layout":{
        "Sequence":110
       ,"Region":"Por favor lea muy bien las siguientes preguntas y responda SI o NO  (12118540475655318)"
       ,"Position":"BODY"
       ,"Alignment":"Left"
       ,"Start New Layout":false
       ,"Start New Row":true
       ,"Column":"Automatic"
       ,"New Column":true
       ,"Column Span":"Automatic"
       ,"Label Column Span":"Page Template Default"
      }
     ,"Appearance":{
        "Template":"Required - Floating (11426491132501829)"
       ,"Template Options":[
          "#DEFAULT#"
        ]
      }
     ,"Validation":{
        "Value Required":true
      }
     ,"List of Values":{
        "Type":"Shared Component"
       ,"List of Values":"OPCIONESRESPUESTA1 (9564260198175030)"
       ,"Display Extra Values":false
       ,"Display Null Value":false
      }
     ,"Advanced":{
        "Warn on Unsaved Changes":"Page Default"
      }
     ,"Source":{
        "Form Region":"Por favor lea muy bien las siguientes preguntas y responda SI o NO  (12118540475655318)"
       ,"Column":"P27"
       ,"Data Type":"VARCHAR2"
       ,"Query Only":false
       ,"Primary Key":false
      }
     ,"Session State":{
        "Storage":"Per Request (Memory Only)"
      }
     ,"Security":{
        "Session State Protection":"Unrestricted"
       ,"Store value encrypted in session state":true
       ,"Escape special characters":true
       ,"Restricted Characters":"All characters can be saved."
      }
    }
   ,{
      "id":"12130904061655326"
     ,"Identification":{
        "Name":"P28_P28"
       ,"Type":"Radio Group"
      }
     ,"Label":{
        "Label":"\u00BFSe facilita al interesado el ejercicio de sus derechos?"
       ,"Alignment":"Left"
      }
     ,"Settings":{
        "Number of Columns":1
       ,"Page Action on Selection":"None"
      }
     ,"Layout":{
        "Sequence":120
       ,"Region":"Por favor lea muy bien las siguientes preguntas y responda SI o NO  (12118540475655318)"
       ,"Position":"BODY"
       ,"Alignment":"Left"
       ,"Start New Layout":false
       ,"Start New Row":true
       ,"Column":"Automatic"
       ,"New Column":true
       ,"Column Span":"Automatic"
       ,"Label Column Span":"Page Template Default"
      }
     ,"Appearance":{
        "Template":"Required - Floating (11426491132501829)"
       ,"Template Options":[
          "#DEFAULT#"
        ]
      }
     ,"Validation":{
        "Value Required":true
      }
     ,"List of Values":{
        "Type":"Shared Component"
       ,"List of Values":"OPCIONESRESPUESTA1 (9564260198175030)"
       ,"Display Extra Values":false
       ,"Display Null Value":false
      }
     ,"Advanced":{
        "Warn on Unsaved Changes":"Page Default"
      }
     ,"Source":{
        "Form Region":"Por favor lea muy bien las siguientes preguntas y responda SI o NO  (12118540475655318)"
       ,"Column":"P28"
       ,"Data Type":"VARCHAR2"
       ,"Query Only":false
       ,"Primary Key":false
      }
     ,"Session State":{
        "Storage":"Per Request (Memory Only)"
      }
     ,"Security":{
        "Session State Protection":"Unrestricted"
       ,"Store value encrypted in session state":true
       ,"Escape special characters":true
       ,"Restricted Characters":"All characters can be saved."
      }
    }
   ,{
      "id":"12131354895655326"
     ,"Identification":{
        "Name":"P28_P29"
       ,"Type":"Radio Group"
      }
     ,"Label":{
        "Label":"\u00BFLa informaci\u00F3n se facilita en lenguaje claro y sencillo?"
       ,"Alignment":"Left"
      }
     ,"Settings":{
        "Number of Columns":1
       ,"Page Action on Selection":"None"
      }
     ,"Layout":{
        "Sequence":130
       ,"Region":"Por favor lea muy bien las siguientes preguntas y responda SI o NO  (12118540475655318)"
       ,"Position":"BODY"
       ,"Alignment":"Left"
       ,"Start New Layout":false
       ,"Start New Row":true
       ,"Column":"Automatic"
       ,"New Column":true
       ,"Column Span":"Automatic"
       ,"Label Column Span":"Page Template Default"
      }
     ,"Appearance":{
        "Template":"Required - Floating (11426491132501829)"
       ,"Template Options":[
          "#DEFAULT#"
        ]
      }
     ,"Validation":{
        "Value Required":true
      }
     ,"List of Values":{
        "Type":"Shared Component"
       ,"List of Values":"OPCIONESRESPUESTA1 (9564260198175030)"
       ,"Display Extra Values":false
       ,"Display Null Value":false
      }
     ,"Advanced":{
        "Warn on Unsaved Changes":"Page Default"
      }
     ,"Source":{
        "Form Region":"Por favor lea muy bien las siguientes preguntas y responda SI o NO  (12118540475655318)"
       ,"Column":"P29"
       ,"Data Type":"VARCHAR2"
       ,"Query Only":false
       ,"Primary Key":false
      }
     ,"Session State":{
        "Storage":"Per Request (Memory Only)"
      }
     ,"Security":{
        "Session State Protection":"Unrestricted"
       ,"Store value encrypted in session state":true
       ,"Escape special characters":true
       ,"Restricted Characters":"All characters can be saved."
      }
    }
   ,{
      "id":"12131701386655326"
     ,"Identification":{
        "Name":"P28_P30"
       ,"Type":"Radio Group"
      }
     ,"Label":{
        "Label":"\u00BFLa informaci\u00F3n se facilita de forma concisa, transparente e inteligible?"
       ,"Alignment":"Left"
      }
     ,"Settings":{
        "Number of Columns":1
       ,"Page Action on Selection":"None"
      }
     ,"Layout":{
        "Sequence":140
       ,"Region":"Por favor lea muy bien las siguientes preguntas y responda SI o NO  (12118540475655318)"
       ,"Position":"BODY"
       ,"Alignment":"Left"
       ,"Start New Layout":false
       ,"Start New Row":true
       ,"Column":"Automatic"
       ,"New Column":true
       ,"Column Span":"Automatic"
       ,"Label Column Span":"Page Template Default"
      }
     ,"Appearance":{
        "Template":"Required - Floating (11426491132501829)"
       ,"Template Options":[
          "#DEFAULT#"
        ]
      }
     ,"Validation":{
        "Value Required":true
      }
     ,"List of Values":{
        "Type":"Shared Component"
       ,"List of Values":"OPCIONESRESPUESTA1 (9564260198175030)"
       ,"Display Extra Values":false
       ,"Display Null Value":false
      }
     ,"Advanced":{
        "Warn on Unsaved Changes":"Page Default"
      }
     ,"Source":{
        "Form Region":"Por favor lea muy bien las siguientes preguntas y responda SI o NO  (12118540475655318)"
       ,"Column":"P30"
       ,"Data Type":"VARCHAR2"
       ,"Query Only":false
       ,"Primary Key":false
      }
     ,"Session State":{
        "Storage":"Per Request (Memory Only)"
      }
     ,"Security":{
        "Session State Protection":"Unrestricted"
       ,"Store value encrypted in session state":true
       ,"Escape special characters":true
       ,"Restricted Characters":"All characters can be saved."
      }
    }
   ,{
      "id":"13770296515629945"
     ,"Identification":{
        "Name":"P28_CATEGORIA"
       ,"Type":"Select List"
      }
     ,"Label":{
        "Label":"Selecciona la Categoria"
       ,"Alignment":"Left"
      }
     ,"Settings":{
        "Page Action on Selection":"None"
       ,"Allow Multi Selection":false
      }
     ,"Layout":{
        "Sequence":20
       ,"Region":"Por favor lea muy bien las siguientes preguntas y responda SI o NO  (12118540475655318)"
       ,"Position":"BODY"
       ,"Alignment":"Left"
       ,"Start New Layout":false
       ,"Start New Row":true
       ,"Column":"Automatic"
       ,"New Column":true
       ,"Column Span":"Automatic"
       ,"Label Column Span":"Page Template Default"
      }
     ,"Appearance":{
        "Template":"Optional - Floating (11426260554501828)"
       ,"Template Options":[
          "#DEFAULT#"
        ]
       ,"Height":1
      }
     ,"Validation":{
        "Value Required":true
      }
     ,"List of Values":{
        "Type":"Static Values"
       ,"Static Values":"STATIC:Derechos;Derechos"
       ,"Display Extra Values":true
       ,"Display Null Value":true
      }
     ,"Advanced":{
        "Warn on Unsaved Changes":"Page Default"
      }
     ,"Source":{
        "Form Region":"Por favor lea muy bien las siguientes preguntas y responda SI o NO  (12118540475655318)"
       ,"Column":"CATEGORIA"
       ,"Data Type":"VARCHAR2"
       ,"Query Only":false
       ,"Primary Key":false
      }
     ,"Session State":{
        "Storage":"Per Request (Memory Only)"
      }
     ,"Quick Picks":{
        "Show Quick Picks":false
      }
     ,"Security":{
        "Session State Protection":"Unrestricted"
       ,"Store value encrypted in session state":true
       ,"Restricted Characters":"All characters can be saved."
      }
    }
  ]
 ,"Buttons":[
    {
      "id":"12162964468655344"
     ,"Identification":{
        "Button Name":"DELETE"
       ,"Label":"Delete"
      }
     ,"Layout":{
        "Sequence":20
       ,"Region":"Por favor lea muy bien las siguientes preguntas y responda SI o NO  (12118540475655318)"
       ,"Position":"DELETE"
       ,"Start New Layout":false
       ,"Start New Row":true
       ,"Column":"Automatic"
       ,"New Column":true
       ,"Column Span":"Automatic"
      }
     ,"Appearance":{
        "Button Template":"Text (11427348859501830)"
       ,"Hot":false
       ,"Template Options":[
          "#DEFAULT#"
        ]
      }
     ,"Behavior":{
        "Action":"Submit Page"
       ,"Execute Validations":false
       ,"Warn on Unsaved Changes":"Do Not Check"
       ,"Database Action":"SQL DELETE action"
      }
     ,"Confirmation":{
        "Message":"\u0026APP_TEXT$DELETE_MSG!RAW."
       ,"Style":"Danger"
      }
     ,"Server-side Condition":{
        "Type":"Item is NOT NULL"
       ,"Item":"P28_RESPUESTA_ID"
      }
    }
   ,{
      "id":"12163394356655344"
     ,"Identification":{
        "Button Name":"SAVE"
       ,"Label":"Apply Changes"
      }
     ,"Layout":{
        "Sequence":30
       ,"Region":"Por favor lea muy bien las siguientes preguntas y responda SI o NO  (12118540475655318)"
       ,"Position":"CHANGE"
       ,"Start New Layout":false
       ,"Start New Row":true
       ,"Column":"Automatic"
       ,"New Column":true
       ,"Column Span":"Automatic"
      }
     ,"Appearance":{
        "Button Template":"Text (11427348859501830)"
       ,"Hot":true
       ,"Template Options":[
          "#DEFAULT#"
        ]
      }
     ,"Behavior":{
        "Action":"Submit Page"
       ,"Execute Validations":true
       ,"Warn on Unsaved Changes":"Do Not Check"
       ,"Database Action":"SQL UPDATE action"
      }
     ,"Server-side Condition":{
        "Type":"Item is NOT NULL"
       ,"Item":"P28_RESPUESTA_ID"
      }
    }
   ,{
      "id":"12163719030655344"
     ,"Identification":{
        "Button Name":"CREATE"
       ,"Label":"Create"
      }
     ,"Layout":{
        "Sequence":40
       ,"Region":"Por favor lea muy bien las siguientes preguntas y responda SI o NO  (12118540475655318)"
       ,"Position":"CREATE"
       ,"Start New Layout":false
       ,"Start New Row":true
       ,"Column":"Automatic"
       ,"New Column":true
       ,"Column Span":"Automatic"
      }
     ,"Appearance":{
        "Button Template":"Text (11427348859501830)"
       ,"Hot":true
       ,"Template Options":[
          "#DEFAULT#"
        ]
      }
     ,"Behavior":{
        "Action":"Submit Page"
       ,"Execute Validations":true
       ,"Warn on Unsaved Changes":"Do Not Check"
       ,"Database Action":"SQL INSERT action"
      }
     ,"Server-side Condition":{
        "Type":"Item is NULL"
       ,"Item":"P28_RESPUESTA_ID"
      }
    }
  ]
 ,"Computations":[
    {
      "id":"12007838503535122"
     ,"Identification":{
        "Item Name":"P28_EMPRESA_ID"
      }
     ,"Execution":{
        "Sequence":10
       ,"Point":"After Header"
      }
     ,"Computation":{
        "Type":"Item"
       ,"Item Name":"COD_EMPRESA"
      }
    }
  ]
 ,"Processes":[
    {
      "id":"12164527203655345"
     ,"Identification":{
        "Name":"Initialize form Derechos de los Titulares"
       ,"Type":"Form - Initialization"
       ,"Execution Chain":"None"
       ,"Form Region":"Por favor lea muy bien las siguientes preguntas y responda SI o NO  (12118540475655318)"
      }
     ,"Execution":{
        "Sequence":10
       ,"Point":"Before Header"
       ,"Run Process":"Once Per Page Visit (default)"
      }
    }
   ,{
      "id":"12164943879655345"
     ,"Identification":{
        "Name":"Process form Derechos de los Titulares"
       ,"Type":"Form - Automatic Row Processing (DML)"
       ,"Execution Chain":"None"
       ,"Form Region":"Por favor lea muy bien las siguientes preguntas y responda SI o NO  (12118540475655318)"
      }
     ,"Settings":{
        "Target Type":"Region Source"
       ,"Prevent Lost Updates":true
       ,"Lock Row":"Yes"
       ,"Return Primary Key(s) after Insert":true
      }
     ,"Execution":{
        "Sequence":10
       ,"Point":"Processing"
       ,"Run Process":"Once Per Page Visit (default)"
      }
     ,"Error":{
        "Display Location":"Inline in Notification"
      }
    }
  ]
 ,"Branches":[
    {
      "id":"12164090332655345"
     ,"Identification":{
        "Name":"Go To Page 1"
      }
     ,"Execution":{
        "Sequence":1
       ,"Point":"After Processing"
      }
     ,"Behavior":{
        "Type":"Page or URL (Redirect)"
       ,"Target":{
          "url":"f?p=\u0026APP_ID.:40:\u0026SESSION.::\u0026DEBUG.:::\u0026success_msg=#SUCCESS_MSG#"
         ,"Page":"40"
        }
      }
    }
  ]
}
