{
  "id":"15"
 ,"Identification":{
    "Name":"Categorias Evaluaci\u00F3n de Protecci\u00F3n de Datos"
   ,"Alias":"CATEGORIAS-EVALUACI\u00D3N-DE-PROTECCI\u00D3N-DE-DATOS"
   ,"Title":"Categorias Evaluaci\u00F3n de Protecci\u00F3n de Datos"
  }
 ,"Appearance":{
    "Page Mode":"Normal"
   ,"Page Template":"Theme Default"
   ,"Template Options":[
      "#DEFAULT#"
    ]
  }
 ,"Navigation Menu":{
    "Override User Interface Level":false
  }
 ,"Navigation":{
    "Cursor Focus":"Do not focus cursor"
   ,"Warn on Unsaved Changes":false
  }
 ,"Security":{
    "Authentication":"Page Requires Authentication"
   ,"Deep Linking":"Application Default"
   ,"Page Access Protection":"Arguments Must Have Checksum"
   ,"Form Auto Complete":"Off"
   ,"Browser Cache":"Application Default"
  }
 ,"Session Management":{
    "Rejoin Sessions":"Application Default"
  }
 ,"Advanced":{
    "Enable duplicate page submissions":"Yes - Enable page to be re-posted"
   ,"Reload on Submit":"Only for Success"
  }
 ,"Server Cache":{
    "Caching":"Disabled"
  }
 ,"Regions":[
    {
      "id":"8979514735491954558"
     ,"Identification":{
        "Title":"About this page"
       ,"Type":"Static Content"
      }
     ,"Source":{
        "HTML Code":"\u003Cp\u003EYou can add multiple actions per Card.  Also, an action can display conditionally based on column values for each row.\u003C\/p\u003E\n\u003Cp\u003EThis example displays 2 actions per card.  Title action displays without any condition.  Edit button action displays only if employee belongs to department 10.\u003C\/p\u003E"
      }
     ,"Layout":{
        "Sequence":10
       ,"Parent Region":"No Parent"
       ,"Position":"BODY"
       ,"Start New Layout":false
       ,"Start New Row":true
       ,"Column":"Automatic"
       ,"New Column":true
       ,"Column Span":"Automatic"
      }
     ,"Appearance":{
        "Template":"Collapsible (11358559501501787)"
       ,"Template Options":[
          "#DEFAULT#"
         ,"is-collapsed"
         ,"t-Region--scrollBody"
        ]
       ,"Icon":"fa-link"
       ,"Render Components":"Below Content"
      }
     ,"Advanced":{
        "Region Display Selector":false
       ,"Exclude Title from Translation":false
      }
     ,"Server Cache":{
        "Caching":"Disabled"
      }
     ,"Customization":{
        "Customizable":"Not Customizable By End Users"
      }
     ,"Attributes":{
        "Settings":{
          "Output As":"HTML"
         ,"Expand Shortcuts":false
        }
      }
    }
   ,{
      "id":"11562787481020215731"
     ,"Identification":{
        "Title":"Conditional Card Actions"
       ,"Type":"Cards"
      }
     ,"Source":{
        "Location":"Local Database"
       ,"Type":"Table \/ View"
       ,"Table Owner":"Parsing Schema"
       ,"Table Name":"EBA_DEMO_CARD_EMP"
       ,"Include ROWID Column":false
      }
     ,"Order By":{
        "Type":"Item"
       ,"Item":{"orderBys":[{"key":"ENAME","expr":"\"ENAME\" asc"},{"key":"JOB","expr":"\"JOB\" asc"},{"key":"DEPTNO","expr":"\"DEPTNO\" asc"}],"itemName":"P15_ORDER_BY"}
      }
     ,"Layout":{
        "Sequence":20
       ,"Parent Region":"No Parent"
       ,"Position":"BODY"
       ,"Start New Layout":false
       ,"Start New Row":true
       ,"Column":"Automatic"
       ,"New Column":true
       ,"Column Span":"Automatic"
      }
     ,"Appearance":{
        "Template":"Alert (11342364808501771)"
       ,"Template Options":[
          "#DEFAULT#"
         ,"t-CardsRegion--styleB"
        ]
       ,"Render Components":"Above Content"
      }
     ,"Advanced":{
        "Region Display Selector":false
       ,"Exclude Title from Translation":false
      }
     ,"Server Cache":{
        "Caching":"Disabled"
      }
     ,"Customization":{
        "Customizable":"Not Customizable By End Users"
      }
     ,"Attributes":{
        "id":"11702177235785792"
       ,"Appearance":{
          "Layout":"Grid"
         ,"Grid Columns":"Auto"
        }
       ,"Card":{
          "Primary Key Column 1":"EMPNO"
        }
       ,"Title":{
          "Advanced Formatting":false
         ,"Column":"ENAME"
        }
       ,"Subtitle":{
          "Advanced Formatting":false
         ,"Column":"JOB"
        }
       ,"Body":{
          "Advanced Formatting":false
        }
       ,"Secondary Body":{
          "Advanced Formatting":false
        }
       ,"Icon and Badge":{
          "Icon Source":"Image BLOB Column"
         ,"Image Column":"PROFILE_IMAGE"
         ,"Icon Position":"Start"
         ,"Icon Description":"\u0026ENAME. - \u0026JOB."
         ,"Badge Column":"DEPTNO"
         ,"Badge Label":"Department: "
        }
       ,"Media":{
          "Advanced Formatting":false
         ,"Source":"No Media"
        }
       ,"BLOB Attributes":{
          "Mime Type Column":"MIMETYPE"
         ,"Last Updated Column":"IMAGE_LAST_UPDATE"
        }
       ,"Performance":{
          "Lazy Loading":false
        }
       ,"Pagination":{
          "Type":"Scroll"
         ,"Show Total Count":false
        }
       ,"Actions":[
          {
            "id":"11702662920785793"
           ,"Identification":{
              "Type":"Title"
            }
           ,"Layout":{
              "Sequence":20
            }
           ,"Link":{
              "Type":"Redirect to Page in this Application"
             ,"Target":{
                "url":"f?p=\u0026APP_ID.:15:\u0026SESSION.::\u0026DEBUG.:::"
               ,"Page":"15"
              }
            }
           ,"Security":{
              "Authorization Scheme":"11341879678194212378"
            }
          }
         ,{
            "id":"11703222439785794"
           ,"Identification":{
              "Type":"Button"
             ,"Label":"Edit"
            }
           ,"Layout":{
              "Position":"Primary"
             ,"Sequence":30
            }
           ,"Link":{
              "Type":"Redirect to Page in this Application"
             ,"Target":{
                "url":"f?p=\u0026APP_ID.:14:\u0026SESSION.::\u0026DEBUG.:14:P14_EMPNO:\u0026EMPNO."
               ,"Page":"14"
               ,"Clear Cache":"14"
               ,"Values":{
                  "P14_EMPNO":"\u0026EMPNO."
                }
              }
            }
           ,"Appearance":{
              "Display Type":"Text with Icon"
             ,"Icon":"fa-file-o"
             ,"Hot":true
            }
           ,"Server-side Condition":{
              "Type":"Expression"
             ,"Language":"PL\/SQL"
             ,"PL\/SQL Expression":":JOB = \u0027DEVEOPER\u0027 or :DEPTNO = 10"
             ,"Execute Condition":"For Each Row"
            }
          }
        ]
      }
    }
  ]
 ,"Page Items":[
    {
      "id":"5698133515109465658"
     ,"Identification":{
        "Name":"P15_ORDER_BY"
       ,"Type":"Select List"
      }
     ,"Label":{
        "Label":"Order By"
       ,"Alignment":"Left"
      }
     ,"Settings":{
        "Page Action on Selection":"None"
       ,"Allow Multi Selection":false
      }
     ,"Layout":{
        "Sequence":10
       ,"Region":"Conditional Card Actions (11562787481020215731)"
       ,"Position":"BODY"
       ,"Alignment":"Left"
       ,"Start New Layout":false
       ,"Start New Row":true
       ,"Column":"Automatic"
       ,"New Column":true
       ,"Column Span":"Automatic"
       ,"Label Column Span":"Page Template Default"
      }
     ,"Appearance":{
        "Template":"Optional - Floating (11426260554501828)"
       ,"Template Options":[
          "#DEFAULT#"
        ]
       ,"Height":1
      }
     ,"Validation":{
        "Value Required":false
      }
     ,"List of Values":{
        "Type":"Static Values"
       ,"Static Values":"STATIC2:Ename;ENAME,Job;JOB,Deptno;DEPTNO"
       ,"Display Extra Values":false
       ,"Display Null Value":false
      }
     ,"Advanced":{
        "Warn on Unsaved Changes":"Page Default"
      }
     ,"Source":{
        "Type":"Null"
       ,"Used":"Only when current value in session state is null"
      }
     ,"Default":{
        "Type":"Static"
       ,"Static Value":"DEPTNO"
      }
     ,"Session State":{
        "Storage":"Per Session (Persistent)"
      }
     ,"Quick Picks":{
        "Show Quick Picks":false
      }
     ,"Security":{
        "Session State Protection":"Unrestricted"
       ,"Store value encrypted in session state":true
       ,"Restricted Characters":"All characters can be saved."
      }
    }
  ]
}
