{
  "id":"11"
 ,"Identification":{
    "Name":"Resultados Autorizaci\u00F3n y Transferencia"
   ,"Alias":"RESULTADOS-AUTORIZACI\u00D3N-Y-TRANSFERENCIA"
   ,"Title":"Resultados Autorizaci\u00F3n y Transferencia"
  }
 ,"Appearance":{
    "Page Mode":"Normal"
   ,"Page Template":"Theme Default"
   ,"Template Options":[
      "#DEFAULT#"
    ]
  }
 ,"Navigation Menu":{
    "Override User Interface Level":false
  }
 ,"Navigation":{
    "Cursor Focus":"Do not focus cursor"
   ,"Warn on Unsaved Changes":true
  }
 ,"Security":{
    "Authentication":"Page Requires Authentication"
   ,"Deep Linking":"Application Default"
   ,"Page Access Protection":"Arguments Must Have Checksum"
   ,"Form Auto Complete":"Off"
   ,"Browser Cache":"Application Default"
  }
 ,"Session Management":{
    "Rejoin Sessions":"Application Default"
  }
 ,"Advanced":{
    "Enable duplicate page submissions":"Yes - Enable page to be re-posted"
   ,"Reload on Submit":"Only for Success"
  }
 ,"Server Cache":{
    "Caching":"Disabled"
  }
 ,"Regions":[
    {
      "id":"12760445963088819"
     ,"Identification":{
        "Title":"Recomendaciones Sugeridas"
       ,"Type":"Classic Report"
      }
     ,"Source":{
        "Location":"Local Database"
       ,"Type":"SQL Query"
       ,"SQL Query":"SELECT \n   -- RECOMENDACI\u00D3N_ID,\n    --RESPUESTA_ID,\n    RECOMENDACI\u00D3N,\n   -- CATEGORIA_ID,\n    CATEGORIA,\n    PONDERACION\nFROM \n    RECOMENDACION\n    \n    WHERE CATEGORIA_ID = 2;"
      }
     ,"Layout":{
        "Sequence":80
       ,"Parent Region":"No Parent"
       ,"Position":"BODY"
       ,"Start New Layout":false
       ,"Start New Row":true
       ,"Column":"Automatic"
       ,"New Column":true
       ,"Column Span":"Automatic"
      }
     ,"Appearance":{
        "Template":"Standard (11371245017501793)"
       ,"Template Options":[
          "#DEFAULT#"
         ,"t-Region--removeHeader"
         ,"t-Region--scrollBody"
        ]
       ,"Render Components":"Above Content"
      }
     ,"Advanced":{
        "Region Display Selector":false
       ,"Exclude Title from Translation":false
      }
     ,"Server Cache":{
        "Caching":"Disabled"
      }
     ,"Customization":{
        "Customizable":"Not Customizable By End Users"
      }
     ,"Attributes":{
        "Layout":{
          "Number of Rows Type":"Static Value"
         ,"Number of Rows":15
        }
       ,"Appearance":{
          "Template Type":"Theme"
         ,"Template":"Standard (11394305043501805)"
         ,"Template Options":[
            "#DEFAULT#"
           ,"t-Report--altRowsDefault"
           ,"t-Report--rowHighlight"
          ]
        }
       ,"Pagination":{
          "Type":"Row Ranges X to Y (with next and previous links)"
         ,"Display Position":"Bottom - Right"
         ,"Partial Page Refresh":true
        }
       ,"Performance":{
          "Lazy Loading":false
        }
       ,"Break Formatting":{
          "Break Columns":"No Break"
        }
       ,"Advanced":{
          "Strip HTML":false
         ,"Sort Nulls":"Last"
        }
       ,"Heading":{
          "Type":"Custom Headings"
        }
       ,"Download":{
          "CSV Export Enabled":false
        }
       ,"Printing":{
          "Enabled":false
        }
      }
     ,"Columns":[
        {
          "id":"12760536760088820"
         ,"Identification":{
            "Column Name":"RECOMENDACI\u00D3N"
           ,"Type":"Plain Text"
          }
         ,"Heading":{
            "Heading":"Recomendaci\u00F3n"
           ,"Alignment":"start"
          }
         ,"Layout":{
            "Sequence":10
           ,"Column Alignment":"start"
          }
         ,"Accessibility":{
            "Value Identifies Row":false
          }
         ,"Sorting":{
            "Sortable":true
          }
         ,"Export \/ Printing":{
            "Include In Export \/ Print":true
          }
         ,"Advanced":{
            "Compute Sum":false
          }
         ,"UI Defaults Reference":{
            "Table Owner":"Parsing Schema"
          }
         ,"Security":{
            "Escape special characters":true
          }
        }
       ,{
          "id":"12760649535088821"
         ,"Identification":{
            "Column Name":"CATEGORIA"
           ,"Type":"Hidden Column"
          }
         ,"Layout":{
            "Sequence":20
          }
         ,"UI Defaults Reference":{
            "Table Owner":"Parsing Schema"
          }
         ,"Security":{
            "Escape special characters":true
          }
        }
       ,{
          "id":"12760796789088822"
         ,"Identification":{
            "Column Name":"PONDERACION"
           ,"Type":"Plain Text"
          }
         ,"Heading":{
            "Heading":"Ponderacion"
           ,"Alignment":"end"
          }
         ,"Layout":{
            "Sequence":30
           ,"Column Alignment":"end"
          }
         ,"Accessibility":{
            "Value Identifies Row":false
          }
         ,"Sorting":{
            "Sortable":true
          }
         ,"Export \/ Printing":{
            "Include In Export \/ Print":true
          }
         ,"Advanced":{
            "Compute Sum":false
          }
         ,"UI Defaults Reference":{
            "Table Owner":"Parsing Schema"
          }
         ,"Security":{
            "Escape special characters":true
          }
        }
      ]
    }
   ,{
      "id":"12776479439144623"
     ,"Identification":{
        "Title":"Breadcrumb"
       ,"Type":"Breadcrumb"
      }
     ,"Source":{
        "Breadcrumb":"Breadcrumb (11320946023501739)"
      }
     ,"Layout":{
        "Sequence":10
       ,"Parent Region":"No Parent"
       ,"Position":"REGION_POSITION_01"
       ,"Start New Layout":false
       ,"Start New Row":true
       ,"Column":"Automatic"
       ,"New Column":true
       ,"Column Span":"Automatic"
      }
     ,"Appearance":{
        "Template":"Title Bar (11380653829501797)"
       ,"Template Options":[
          "#DEFAULT#"
         ,"t-BreadcrumbRegion--useBreadcrumbTitle"
        ]
       ,"Render Components":"Above Content"
      }
     ,"Advanced":{
        "Region Display Selector":false
       ,"Exclude Title from Translation":false
      }
     ,"Server Cache":{
        "Caching":"Disabled"
      }
     ,"Customization":{
        "Customizable":"Not Customizable By End Users"
      }
     ,"Attributes":{
        "Appearance":{
          "Breadcrumb Template":"Breadcrumb (11428688633501831)"
         ,"Template Options":[
            "#DEFAULT#"
          ]
        }
      }
    }
   ,{
      "id":"12994146455111116"
     ,"Identification":{
        "Title":"Puntaje Total"
       ,"Type":"Classic Report"
      }
     ,"Source":{
        "Location":"Local Database"
       ,"Type":"SQL Query"
       ,"SQL Query":"SELECT \n  R.EMPRESA_ID, \n  SUM(\n    CASE WHEN R.P11 = \u0027SI\u0027 THEN (SELECT PONDERACION FROM PREGUNTAS WHERE PREGUNTA_ID = 11) ELSE 0 END +\n    CASE WHEN R.P12 = \u0027SI\u0027 THEN (SELECT PONDERACION FROM PREGUNTAS WHERE PREGUNTA_ID = 12) ELSE 0 END +\n    CASE WHEN R.P13 = \u0027SI\u0027 THEN (SELECT PONDERACION FROM PREGUNTAS WHERE PREGUNTA_ID = 13) ELSE 0 END +\n    CASE WHEN R.P14 = \u0027SI\u0027 THEN (SELECT PONDERACION FROM PREGUNTAS WHERE PREGUNTA_ID = 14) ELSE 0 END +\n    CASE WHEN R.P15 = \u0027SI\u0027 THEN (SELECT PONDERACION FROM PREGUNTAS WHERE PREGUNTA_ID = 15) ELSE 0 END +\n    CASE WHEN R.P16 = \u0027SI\u0027 THEN (SELECT PONDERACION FROM PREGUNTAS WHERE PREGUNTA_ID = 16) ELSE 0 END +\n    CASE WHEN R.P17 = \u0027SI\u0027 THEN (SELECT PONDERACION FROM PREGUNTAS WHERE PREGUNTA_ID = 17) ELSE 0 END +\n    CASE WHEN R.P18 = \u0027SI\u0027 THEN (SELECT PONDERACION FROM PREGUNTAS WHERE PREGUNTA_ID = 18) ELSE 0 END +\n    CASE WHEN R.P19 = \u0027SI\u0027 THEN (SELECT PONDERACION FROM PREGUNTAS WHERE PREGUNTA_ID = 19) ELSE 0 END +\n    CASE WHEN R.P20 = \u0027SI\u0027 THEN (SELECT PONDERACION FROM PREGUNTAS WHERE PREGUNTA_ID = 20) ELSE 0 END\n  ) AS PUNTAJE_TOTAL\nFROM \n  RESPUESTAS R\nWHERE \n  R.EMPRESA_ID = :COD_EMPRESA --AND\n -- R.FECHA = TO_DATE(:FECHA, \u0027DD-MM-YYYY\u0027) \nGROUP BY \n  R.EMPRESA_ID;"
      }
     ,"Layout":{
        "Sequence":20
       ,"Parent Region":"Nivel de Riesgo (13360804646059813)"
       ,"Position":"BODY"
       ,"Start New Layout":false
       ,"Start New Row":true
       ,"Column":"Automatic"
       ,"New Column":true
       ,"Column Span":"Automatic"
      }
     ,"Appearance":{
        "Template":"Blank with Attributes (11346055432501779)"
       ,"Template Options":[
          "#DEFAULT#"
        ]
       ,"Render Components":"Above Content"
      }
     ,"Advanced":{
        "Region Display Selector":false
       ,"Exclude Title from Translation":false
      }
     ,"Server Cache":{
        "Caching":"Disabled"
      }
     ,"Customization":{
        "Customizable":"Not Customizable By End Users"
      }
     ,"Attributes":{
        "Layout":{
          "Number of Rows Type":"Static Value"
         ,"Number of Rows":10
        }
       ,"Appearance":{
          "Template Type":"Theme"
         ,"Template":"Badge List (11390730203501803)"
         ,"Template Options":[
            "#DEFAULT#"
           ,"u-colors"
           ,"t-BadgeList--xxlarge"
           ,"t-BadgeList--circular"
           ,"t-BadgeList--fixed"
          ]
        }
       ,"Pagination":{
          "Type":"No Pagination (Show All Rows)"
         ,"Partial Page Refresh":true
        }
       ,"Performance":{
          "Lazy Loading":false
        }
       ,"Break Formatting":{
          "Break Columns":"No Break"
        }
       ,"Advanced":{
          "Strip HTML":false
         ,"Sort Nulls":"Last"
        }
       ,"Heading":{
          "Type":"Custom Headings"
        }
       ,"Download":{
          "CSV Export Enabled":false
        }
       ,"Printing":{
          "Enabled":false
        }
      }
     ,"Columns":[
        {
          "id":"12994203750111117"
         ,"Identification":{
            "Column Name":"EMPRESA_ID"
           ,"Type":"Hidden Column"
          }
         ,"Layout":{
            "Sequence":10
          }
         ,"UI Defaults Reference":{
            "Table Owner":"Parsing Schema"
          }
         ,"Security":{
            "Escape special characters":true
          }
        }
       ,{
          "id":"12994395543111118"
         ,"Identification":{
            "Column Name":"PUNTAJE_TOTAL"
           ,"Type":"Plain Text"
          }
         ,"Heading":{
            "Heading":"Puntaje Total"
           ,"Alignment":"end"
          }
         ,"Layout":{
            "Sequence":20
           ,"Column Alignment":"end"
          }
         ,"Accessibility":{
            "Value Identifies Row":false
          }
         ,"Sorting":{
            "Sortable":true
          }
         ,"Export \/ Printing":{
            "Include In Export \/ Print":true
          }
         ,"Advanced":{
            "Compute Sum":false
          }
         ,"UI Defaults Reference":{
            "Table Owner":"Parsing Schema"
          }
         ,"Security":{
            "Escape special characters":true
          }
        }
      ]
    }
   ,{
      "id":"13360804646059813"
     ,"Identification":{
        "Title":"Nivel de Riesgo"
       ,"Type":"Static Content"
      }
     ,"Layout":{
        "Sequence":20
       ,"Parent Region":"No Parent"
       ,"Position":"BODY"
       ,"Start New Layout":false
       ,"Start New Row":true
       ,"Column":"1"
       ,"New Column":true
       ,"Column Span":"Automatic"
      }
     ,"Appearance":{
        "Template":"None"
       ,"Render Components":"Above Content"
      }
     ,"Advanced":{
        "Exclude Title from Translation":false
      }
     ,"Server Cache":{
        "Caching":"Disabled"
      }
     ,"Customization":{
        "Customizable":"Not Customizable By End Users"
      }
     ,"Attributes":{
        "Settings":{
          "Output As":"HTML"
         ,"Expand Shortcuts":false
        }
      }
    }
   ,{
      "id":"13361457089059819"
     ,"Identification":{
        "Title":"Rangos y Puntaje Total"
       ,"Type":"Static Content"
      }
     ,"Source":{
        "HTML Code":"\u003Cp style=\"background: #f7f5f5; font-weight: bold; padding: 20px;  font-family: \u0027Cambria\u0027, serif; font-style: italic; font-size: 24px;\"\u003ENiveles de Riesgo\u003C\/p\u003E\n\n\u003Cstrong\u003EAlto - Protegido (80-100%) \u003C\/strong\u003E: \n\u003Cp\u003EEste rango indica un alto nivel de cumplimiento en cuanto a obtener las autorizaciones necesarias antes de procesar datos personales y adherirse a los protocolos establecidos para la transferencia segura de datos tanto dentro como fuera del pa\u00EDs. Las entidades en este rango tienen procedimientos claros y efectivos para garantizar que todas las transferencias de datos y las autorizaciones cumplen con la ley, minimizando el riesgo de incumplimiento.\u003C\/p\u003E\n\u003Cstrong\u003EMedio - Intermedio (50-80%) \u003C\/strong\u003E:\n\u003Cp\u003ELas entidades en este rango muestran un cumplimiento moderado con las normativas de autorizaci\u00F3n y transferencia de datos. Aunque se han tomado algunas medidas para asegurar el consentimiento y la seguridad en la transferencia de datos, a\u00FAn existen brechas o inconsistencias que deben ser resueltas para asegurar pleno cumplimiento. Existe un riesgo moderado de incumplimiento debido a estas deficiencias.\u003C\/p\u003E\n\u003Cstrong\u003EBajo - En riesgo (0-50%) \u003C\/strong\u003E : \n\u003Cp\u003EEn este rango, las entidades exhiben un bajo nivel de cumplimiento con los requisitos de autorizaci\u00F3n y transferencia de datos. Las pr\u00E1cticas de consentimiento para el procesamiento de datos personales pueden ser inadecuadas o no estar claramente definidas, y las medidas de seguridad para la transferencia de datos pueden ser deficientes o no estar implementadas de manera efectiva. Esto representa un alto riesgo de incumplimiento\u003Cp\u003E"
      }
     ,"Layout":{
        "Sequence":50
       ,"Parent Region":"No Parent"
       ,"Position":"BODY"
       ,"Start New Layout":false
       ,"Start New Row":true
       ,"Column":"Automatic"
       ,"New Column":true
       ,"Column Span":"11"
      }
     ,"Appearance":{
        "Template":"None"
       ,"Render Components":"Above Content"
      }
     ,"Advanced":{
        "Exclude Title from Translation":false
      }
     ,"Server Cache":{
        "Caching":"Disabled"
      }
     ,"Customization":{
        "Customizable":"Not Customizable By End Users"
      }
     ,"Attributes":{
        "Settings":{
          "Output As":"HTML"
         ,"Expand Shortcuts":false
        }
      }
    }
   ,{
      "id":"13361559421059820"
     ,"Identification":{
        "Title":"New"
       ,"Type":"Static Content"
      }
     ,"Source":{
        "HTML Code":"\u003Cp style=\"background: #f7f5f5; font-weight: bold; padding: 20px;  font-family: \u0027Cambria\u0027, serif; font-style: italic; font-size: 24px; text-align: center;\"\u003ERecomendaciones Sugeridas\u003C\/p\u003E"
      }
     ,"Layout":{
        "Sequence":70
       ,"Parent Region":"Recomendaciones Sugeridas (12760445963088819)"
       ,"Position":"BODY"
       ,"Start New Layout":false
       ,"Start New Row":true
       ,"Column":"Automatic"
       ,"New Column":true
       ,"Column Span":"Automatic"
      }
     ,"Appearance":{
        "Template":"None"
       ,"Render Components":"Above Content"
      }
     ,"Advanced":{
        "Exclude Title from Translation":false
      }
     ,"Server Cache":{
        "Caching":"Disabled"
      }
     ,"Customization":{
        "Customizable":"Not Customizable By End Users"
      }
     ,"Attributes":{
        "Settings":{
          "Output As":"HTML"
         ,"Expand Shortcuts":false
        }
      }
    }
  ]
}
