{
  "id":"24"
 ,"Identification":{
    "Name":"Resultados Tratamiento de Datos"
   ,"Alias":"RESULTADOS-TRATAMIENTO-DE-DATOS"
   ,"Title":"Resultados Tratamiento de Datos"
  }
 ,"Appearance":{
    "Page Mode":"Normal"
   ,"Page Template":"Theme Default"
   ,"Template Options":[
      "#DEFAULT#"
    ]
  }
 ,"Navigation Menu":{
    "Override User Interface Level":false
  }
 ,"Navigation":{
    "Cursor Focus":"Do not focus cursor"
   ,"Warn on Unsaved Changes":true
  }
 ,"Security":{
    "Authentication":"Page Requires Authentication"
   ,"Deep Linking":"Application Default"
   ,"Page Access Protection":"Arguments Must Have Checksum"
   ,"Form Auto Complete":"Off"
   ,"Browser Cache":"Application Default"
  }
 ,"Session Management":{
    "Rejoin Sessions":"Application Default"
  }
 ,"Advanced":{
    "Enable duplicate page submissions":"Yes - Enable page to be re-posted"
   ,"Reload on Submit":"Only for Success"
  }
 ,"Server Cache":{
    "Caching":"Disabled"
  }
 ,"Regions":[
    {
      "id":"12763324137088848"
     ,"Identification":{
        "Title":"Recomendaciones Generales"
       ,"Type":"Classic Report"
      }
     ,"Source":{
        "Location":"Local Database"
       ,"Type":"SQL Query"
       ,"SQL Query":"SELECT \n   -- RECOMENDACI\u00D3N_ID,\n    --RESPUESTA_ID,\n    RECOMENDACI\u00D3N,\n   -- CATEGORIA_ID,\n    CATEGORIA,\n    PONDERACION\nFROM \n    RECOMENDACION\n    \n    WHERE CATEGORIA_ID = 5;"
      }
     ,"Layout":{
        "Sequence":40
       ,"Parent Region":"No Parent"
       ,"Position":"BODY"
       ,"Start New Layout":false
       ,"Start New Row":true
       ,"Column":"Automatic"
       ,"New Column":true
       ,"Column Span":"Automatic"
      }
     ,"Appearance":{
        "Template":"Standard (11371245017501793)"
       ,"Template Options":[
          "#DEFAULT#"
         ,"t-Region--removeHeader"
         ,"t-Region--scrollBody"
        ]
       ,"Render Components":"Above Content"
      }
     ,"Advanced":{
        "Region Display Selector":false
       ,"Exclude Title from Translation":false
      }
     ,"Server Cache":{
        "Caching":"Disabled"
      }
     ,"Customization":{
        "Customizable":"Not Customizable By End Users"
      }
     ,"Attributes":{
        "Layout":{
          "Number of Rows Type":"Static Value"
         ,"Number of Rows":15
        }
       ,"Appearance":{
          "Template Type":"Theme"
         ,"Template":"Standard (11394305043501805)"
         ,"Template Options":[
            "#DEFAULT#"
           ,"t-Report--altRowsDefault"
           ,"t-Report--rowHighlight"
          ]
        }
       ,"Pagination":{
          "Type":"Row Ranges X to Y (with next and previous links)"
         ,"Display Position":"Bottom - Right"
         ,"Partial Page Refresh":true
        }
       ,"Performance":{
          "Lazy Loading":false
        }
       ,"Break Formatting":{
          "Break Columns":"No Break"
        }
       ,"Advanced":{
          "Strip HTML":false
         ,"Sort Nulls":"Last"
        }
       ,"Heading":{
          "Type":"Custom Headings"
        }
       ,"Download":{
          "CSV Export Enabled":false
        }
       ,"Printing":{
          "Enabled":false
        }
      }
     ,"Columns":[
        {
          "id":"12763402469088849"
         ,"Identification":{
            "Column Name":"RECOMENDACI\u00D3N"
           ,"Type":"Plain Text"
          }
         ,"Heading":{
            "Heading":"Recomendaci\u00F3n"
           ,"Alignment":"start"
          }
         ,"Layout":{
            "Sequence":10
           ,"Column Alignment":"start"
          }
         ,"Accessibility":{
            "Value Identifies Row":false
          }
         ,"Sorting":{
            "Sortable":true
          }
         ,"Export \/ Printing":{
            "Include In Export \/ Print":true
          }
         ,"Advanced":{
            "Compute Sum":false
          }
         ,"UI Defaults Reference":{
            "Table Owner":"Parsing Schema"
          }
         ,"Security":{
            "Escape special characters":true
          }
        }
       ,{
          "id":"12763586624088850"
         ,"Identification":{
            "Column Name":"CATEGORIA"
           ,"Type":"Plain Text"
          }
         ,"Heading":{
            "Heading":"Categoria"
           ,"Alignment":"start"
          }
         ,"Layout":{
            "Sequence":20
           ,"Column Alignment":"start"
          }
         ,"Accessibility":{
            "Value Identifies Row":false
          }
         ,"Sorting":{
            "Sortable":true
          }
         ,"Export \/ Printing":{
            "Include In Export \/ Print":true
          }
         ,"Advanced":{
            "Compute Sum":false
          }
         ,"UI Defaults Reference":{
            "Table Owner":"Parsing Schema"
          }
         ,"Security":{
            "Escape special characters":true
          }
        }
       ,{
          "id":"12929616001942301"
         ,"Identification":{
            "Column Name":"PONDERACION"
           ,"Type":"Plain Text"
          }
         ,"Heading":{
            "Heading":"Ponderacion"
           ,"Alignment":"end"
          }
         ,"Layout":{
            "Sequence":30
           ,"Column Alignment":"end"
          }
         ,"Accessibility":{
            "Value Identifies Row":false
          }
         ,"Sorting":{
            "Sortable":true
          }
         ,"Export \/ Printing":{
            "Include In Export \/ Print":true
          }
         ,"Advanced":{
            "Compute Sum":false
          }
         ,"UI Defaults Reference":{
            "Table Owner":"Parsing Schema"
          }
         ,"Security":{
            "Escape special characters":true
          }
        }
      ]
    }
   ,{
      "id":"12779180425159593"
     ,"Identification":{
        "Title":"Breadcrumb"
       ,"Type":"Breadcrumb"
      }
     ,"Source":{
        "Breadcrumb":"Breadcrumb (11320946023501739)"
      }
     ,"Layout":{
        "Sequence":10
       ,"Parent Region":"No Parent"
       ,"Position":"REGION_POSITION_01"
       ,"Start New Layout":false
       ,"Start New Row":true
       ,"Column":"Automatic"
       ,"New Column":true
       ,"Column Span":"Automatic"
      }
     ,"Appearance":{
        "Template":"Title Bar (11380653829501797)"
       ,"Template Options":[
          "#DEFAULT#"
         ,"t-BreadcrumbRegion--useBreadcrumbTitle"
        ]
       ,"Render Components":"Above Content"
      }
     ,"Advanced":{
        "Region Display Selector":false
       ,"Exclude Title from Translation":false
      }
     ,"Server Cache":{
        "Caching":"Disabled"
      }
     ,"Customization":{
        "Customizable":"Not Customizable By End Users"
      }
     ,"Attributes":{
        "Appearance":{
          "Breadcrumb Template":"Breadcrumb (11428688633501831)"
         ,"Template Options":[
            "#DEFAULT#"
          ]
        }
      }
    }
   ,{
      "id":"13009292276117420"
     ,"Identification":{
        "Title":"Puntaje Total"
       ,"Type":"Classic Report"
      }
     ,"Source":{
        "Location":"Local Database"
       ,"Type":"SQL Query"
       ,"SQL Query":"SELECT \n  R.EMPRESA_ID, \n  SUM(\n    CASE WHEN R.P41 = \u0027SI\u0027 THEN (SELECT PONDERACION FROM PREGUNTAS WHERE PREGUNTA_ID = 41) ELSE 0 END +\n    CASE WHEN R.P42 = \u0027SI\u0027 THEN (SELECT PONDERACION FROM PREGUNTAS WHERE PREGUNTA_ID = 42) ELSE 0 END +\n    CASE WHEN R.P43 = \u0027SI\u0027 THEN (SELECT PONDERACION FROM PREGUNTAS WHERE PREGUNTA_ID = 43) ELSE 0 END +\n    CASE WHEN R.P44 = \u0027SI\u0027 THEN (SELECT PONDERACION FROM PREGUNTAS WHERE PREGUNTA_ID = 44) ELSE 0 END +\n    CASE WHEN R.P45 = \u0027SI\u0027 THEN (SELECT PONDERACION FROM PREGUNTAS WHERE PREGUNTA_ID = 45) ELSE 0 END +\n    CASE WHEN R.P46 = \u0027SI\u0027 THEN (SELECT PONDERACION FROM PREGUNTAS WHERE PREGUNTA_ID = 46) ELSE 0 END +\n    CASE WHEN R.P47 = \u0027SI\u0027 THEN (SELECT PONDERACION FROM PREGUNTAS WHERE PREGUNTA_ID = 47) ELSE 0 END +\n    CASE WHEN R.P48 = \u0027SI\u0027 THEN (SELECT PONDERACION FROM PREGUNTAS WHERE PREGUNTA_ID = 48) ELSE 0 END +\n    CASE WHEN R.P49 = \u0027SI\u0027 THEN (SELECT PONDERACION FROM PREGUNTAS WHERE PREGUNTA_ID = 49) ELSE 0 END +\n    \n    CASE WHEN R.P50 = \u0027SI\u0027 THEN (SELECT PONDERACION FROM PREGUNTAS WHERE PREGUNTA_ID = 50) ELSE 0 END\n  ) AS PUNTAJE_TOTAL\nFROM \n  RESPUESTAS R\nWHERE \n  R.EMPRESA_ID = :COD_EMPRESA --AND\n -- R.FECHA = TO_DATE(:FECHA, \u0027DD-MM-YYYY\u0027) \nGROUP BY \n  R.EMPRESA_ID;"
      }
     ,"Layout":{
        "Sequence":20
       ,"Parent Region":"Niveles de Riesgo (13362219708059827)"
       ,"Position":"BODY"
       ,"Start New Layout":false
       ,"Start New Row":true
       ,"Column":"Automatic"
       ,"New Column":true
       ,"Column Span":"Automatic"
      }
     ,"Appearance":{
        "Template":"Blank with Attributes (11346055432501779)"
       ,"Template Options":[
          "#DEFAULT#"
        ]
       ,"Render Components":"Above Content"
      }
     ,"Advanced":{
        "Region Display Selector":false
       ,"Exclude Title from Translation":false
      }
     ,"Server Cache":{
        "Caching":"Disabled"
      }
     ,"Customization":{
        "Customizable":"Not Customizable By End Users"
      }
     ,"Attributes":{
        "Layout":{
          "Number of Rows Type":"Static Value"
         ,"Number of Rows":10
        }
       ,"Appearance":{
          "Template Type":"Theme"
         ,"Template":"Badge List (11390730203501803)"
         ,"Template Options":[
            "#DEFAULT#"
           ,"u-colors"
           ,"t-BadgeList--xxlarge"
           ,"t-BadgeList--circular"
           ,"t-BadgeList--float"
          ]
        }
       ,"Pagination":{
          "Type":"No Pagination (Show All Rows)"
         ,"Partial Page Refresh":true
        }
       ,"Performance":{
          "Lazy Loading":false
        }
       ,"Break Formatting":{
          "Break Columns":"No Break"
        }
       ,"Advanced":{
          "Strip HTML":false
         ,"Sort Nulls":"Last"
        }
       ,"Heading":{
          "Type":"Custom Headings"
        }
       ,"Download":{
          "CSV Export Enabled":false
        }
       ,"Printing":{
          "Enabled":false
        }
      }
     ,"Columns":[
        {
          "id":"13009378610117421"
         ,"Identification":{
            "Column Name":"EMPRESA_ID"
           ,"Type":"Hidden Column"
          }
         ,"Layout":{
            "Sequence":10
          }
         ,"UI Defaults Reference":{
            "Table Owner":"Parsing Schema"
          }
         ,"Security":{
            "Escape special characters":true
          }
        }
       ,{
          "id":"13009404010117422"
         ,"Identification":{
            "Column Name":"PUNTAJE_TOTAL"
           ,"Type":"Plain Text"
          }
         ,"Heading":{
            "Heading":"Puntaje Total"
           ,"Alignment":"end"
          }
         ,"Layout":{
            "Sequence":20
           ,"Column Alignment":"end"
          }
         ,"Accessibility":{
            "Value Identifies Row":false
          }
         ,"Sorting":{
            "Sortable":true
          }
         ,"Export \/ Printing":{
            "Include In Export \/ Print":true
          }
         ,"Advanced":{
            "Compute Sum":false
          }
         ,"UI Defaults Reference":{
            "Table Owner":"Parsing Schema"
          }
         ,"Security":{
            "Escape special characters":true
          }
        }
      ]
    }
   ,{
      "id":"13361712303059822"
     ,"Identification":{
        "Title":"Status"
       ,"Type":"Chart"
      }
     ,"Layout":{
        "Sequence":30
       ,"Parent Region":"Niveles de Riesgo (13362219708059827)"
       ,"Position":"BODY"
       ,"Start New Layout":false
       ,"Start New Row":false
       ,"Column":"5"
       ,"New Column":true
       ,"Column Span":"Automatic"
      }
     ,"Appearance":{
        "Template":"Standard (11371245017501793)"
       ,"Template Options":[
          "t-Region--removeHeader"
         ,"t-Region--textContent"
         ,"t-Region--hiddenOverflow"
        ]
       ,"Render Components":"Above Content"
      }
     ,"Advanced":{
        "Region Display Selector":false
       ,"Exclude Title from Translation":false
      }
     ,"Security":{
        "Escape special characters":true
      }
     ,"Server Cache":{
        "Caching":"Disabled"
      }
     ,"Customization":{
        "Customizable":"Not Customizable By End Users"
      }
     ,"Attributes":{
        "id":"13361865222059823"
       ,"Chart":{
          "Type":"Status Meter Gauge"
        }
       ,"Layout":{
          "Maximum Width":250
         ,"Height":200
        }
       ,"Gauge":{
          "Orientation":"Circular"
         ,"Show Plot Area":true
         ,"Indicator Size":0.5
         ,"Inner Radius":0.7
         ,"Start Angle":180
         ,"Angle Extent":180
        }
       ,"Value":{
          "Show":true
         ,"Value Type":"Percent"
         ,"Format":"Percent"
         ,"Format Scaling":"Automatic"
        }
       ,"Animation":{
          "On Display":"Automatic"
         ,"On Data Change":"Automatic"
        }
       ,"Tooltip":{
          "Show":true
        }
       ,"Series":[
          {
            "id":"13361991728059824"
           ,"Identification":{
              "Name":"New"
            }
           ,"Execution":{
              "Sequence":10
            }
           ,"Source":{
              "Location":"Local Database"
             ,"Type":"SQL Query"
             ,"SQL Query":"select\n    80 value, \n    100 as target \nfrom\n    dual;"
            }
           ,"Column Mapping":{
              "Value":"VALUE"
             ,"Maximum Value":"TARGET"
             ,"Custom Tooltip":"TARGET"
            }
           ,"Appearance":{
              "Color":"#008000"
            }
           ,"Thresholds":{
              "Values":"\u0026VALUE., \u0026TARGET."
             ,"Colors":"yellow,red"
             ,"Display":"All"
            }
           ,"Reference Lines":{
              "Values":"\u0026VALUE."
             ,"Colors":"Green"
            }
           ,"Label":{
              "Show":true
             ,"Position":"Automatic"
            }
          }
        ]
      }
    }
   ,{
      "id":"13362219708059827"
     ,"Identification":{
        "Title":"Niveles de Riesgo"
       ,"Type":"Static Content"
      }
     ,"Layout":{
        "Sequence":10
       ,"Parent Region":"No Parent"
       ,"Position":"BODY"
       ,"Start New Layout":false
       ,"Start New Row":false
       ,"Column":"3"
       ,"New Column":true
       ,"Column Span":"Automatic"
      }
     ,"Appearance":{
        "Template":"None"
       ,"Render Components":"Above Content"
      }
     ,"Advanced":{
        "Exclude Title from Translation":false
      }
     ,"Server Cache":{
        "Caching":"Disabled"
      }
     ,"Customization":{
        "Customizable":"Not Customizable By End Users"
      }
     ,"Attributes":{
        "Settings":{
          "Output As":"HTML"
         ,"Expand Shortcuts":false
        }
      }
    }
   ,{
      "id":"13362312744059828"
     ,"Identification":{
        "Title":"New"
       ,"Type":"Static Content"
      }
     ,"Source":{
        "HTML Code":"\u003Cp style=\"background: #f7f5f5; font-weight: bold; padding: 20px;  font-family: \u0027Cambria\u0027, serif; font-style: italic; font-size: 24px;\"\u003ENiveles de Riesgo\u003C\/p\u003E\n\n\n\u003Cstrong\u003EAlto - Protegido (80-100%)\u003C\/strong\u003E: \n\u003Cp\u003E Este rango indica que la entidad cumple de manera excelente con las normativas de tratamiento de datos personales. Esto incluye la recolecci\u00F3n, uso, almacenamiento y eliminaci\u00F3n de datos personales conforme a los principios establecidos por la ley, como la legalidad, finalidad, libertad, veracidad, transparencia, acceso y circulaci\u00F3n restringida, seguridad y confidencialidad. Las entidades en este rango tienen sistemas robustos y procedimientos bien establecidos para asegurar que todos los aspectos del tratamiento de datos personales se realizan de manera segura y legal, minimizando el riesgo de incumplimiento.\u003C\/p\u003E\n\u003Cstrong\u003EMedio - Intermedio (50-80%)\u003C\/strong\u003E: \n\u003Cp\u003ELas entidades en este rango tienen un nivel de cumplimiento moderado. Aunque siguen ciertas normas y principios de tratamiento de datos, a\u00FAn existen \u00E1reas que necesitan fortalecimiento para cumplir completamente con la ley. Pueden enfrentar desaf\u00EDos en algunos aspectos como la actualizaci\u00F3n de datos, la limitaci\u00F3n de almacenamiento o la seguridad adecuada, lo que representa un riesgo moderado de incumplimiento. Es crucial para estas entidades revisar y mejorar sus pol\u00EDticas y procedimientos de tratamiento de datos.\u003C\/p\u003E\n\u003Cstrong\u003EBajo - En riesgo (0-50%)\u003C\/strong\u003E: \n\u003Cp\u003EEn este rango, las entidades muestran un bajo nivel de cumplimiento en el tratamiento de datos personales. Pueden existir falencias significativas en varios aspectos del tratamiento de datos, como falta de consentimiento v\u00E1lido para la recolecci\u00F3n de datos, inadecuada protecci\u00F3n de la informaci\u00F3n, incumplimiento en la actualizaci\u00F3n de los datos o deficiencias en la eliminaci\u00F3n segura de datos personales. Este nivel de cumplimiento implica un alto riesgo de incumplimiento legal, exponiendo a la entidad a posibles sanciones y comprometiendo seriamente la protecci\u00F3n de los datos personales.\u003C\/p\u003E"
      }
     ,"Layout":{
        "Sequence":20
       ,"Parent Region":"No Parent"
       ,"Position":"BODY"
       ,"Start New Layout":false
       ,"Start New Row":true
       ,"Column":"Automatic"
       ,"New Column":true
       ,"Column Span":"11"
      }
     ,"Appearance":{
        "Template":"None"
       ,"Render Components":"Above Content"
      }
     ,"Advanced":{
        "Exclude Title from Translation":false
      }
     ,"Server Cache":{
        "Caching":"Disabled"
      }
     ,"Customization":{
        "Customizable":"Not Customizable By End Users"
      }
     ,"Attributes":{
        "Settings":{
          "Output As":"HTML"
         ,"Expand Shortcuts":false
        }
      }
    }
   ,{
      "id":"13362454196059829"
     ,"Identification":{
        "Title":"New"
       ,"Type":"Static Content"
      }
     ,"Source":{
        "HTML Code":"\u003Cp style=\"background: #f7f5f5; font-weight: bold; padding: 20px;  font-family: \u0027Cambria\u0027, serif; font-style: italic; font-size: 24px; text-align: center;\"\u003ERecomendaciones Sugeridas\u003C\/p\u003E"
      }
     ,"Layout":{
        "Sequence":30
       ,"Parent Region":"Recomendaciones Generales (12763324137088848)"
       ,"Position":"BODY"
       ,"Start New Layout":false
       ,"Start New Row":true
       ,"Column":"Automatic"
       ,"New Column":true
       ,"Column Span":"Automatic"
      }
     ,"Appearance":{
        "Template":"None"
       ,"Render Components":"Above Content"
      }
     ,"Advanced":{
        "Exclude Title from Translation":false
      }
     ,"Server Cache":{
        "Caching":"Disabled"
      }
     ,"Customization":{
        "Customizable":"Not Customizable By End Users"
      }
     ,"Attributes":{
        "Settings":{
          "Output As":"HTML"
         ,"Expand Shortcuts":false
        }
      }
    }
  ]
}
