{
  "id":"25"
 ,"Identification":{
    "Name":"Left Column Page with Top Navigation"
   ,"Alias":"LEFT-COLUMN-PAGE-WITH-TOP-NAVIGATION"
   ,"Title":"Left Column Page with Top Navigation"
  }
 ,"Appearance":{
    "Page Mode":"Normal"
   ,"Page Template":"Left Side Column (11328637165501757)"
   ,"Template Options":[
      "#DEFAULT#"
    ]
  }
 ,"Navigation Menu":{
    "Override User Interface Level":false
  }
 ,"Navigation":{
    "Cursor Focus":"Do not focus cursor"
   ,"Warn on Unsaved Changes":false
  }
 ,"JavaScript":{
    "Execute when Page Loads":"apex.theme42demo.noNavigate();"
  }
 ,"Security":{
    "Authentication":"Page Is Public"
   ,"Deep Linking":"Application Default"
   ,"Page Access Protection":"Unrestricted"
   ,"Form Auto Complete":"On"
   ,"Browser Cache":"Application Default"
  }
 ,"Session Management":{
    "Rejoin Sessions":"Application Default"
  }
 ,"Advanced":{
    "Enable Meta Tags":false
   ,"Enable duplicate page submissions":"Yes - Enable page to be re-posted"
   ,"Reload on Submit":"Always"
  }
 ,"Server Cache":{
    "Caching":"Disabled"
  }
 ,"Help":{
    "Help Text":"No help is available for this page."
  }
 ,"Regions":[
    {
      "id":"3901176582298099839"
     ,"Identification":{
        "Title":"Region B"
       ,"Type":"Static Content"
      }
     ,"Source":{
        "HTML Code":"\u003Cspan class=\"a-Icon icon-template-region\"\u003E\u003C\/span\u003E\n\u003Ch3\u003ERegion B\u003C\/h3\u003E"
      }
     ,"Layout":{
        "Sequence":20
       ,"Parent Region":"No Parent"
       ,"Position":"BODY"
       ,"Start New Layout":false
       ,"Start New Row":false
       ,"Column":"Automatic"
       ,"New Column":false
       ,"Column Span":"Automatic"
      }
     ,"Appearance":{
        "Template":"Blank with Attributes (11346055432501779)"
       ,"Template Options":[
          "#DEFAULT#"
        ]
       ,"CSS Classes":[
          "dm-Placeholder"
        ]
       ,"Render Components":"Above Content"
      }
     ,"Advanced":{
        "Region Display Selector":true
       ,"Exclude Title from Translation":false
      }
     ,"Server Cache":{
        "Caching":"Disabled"
      }
     ,"Customization":{
        "Customizable":"Not Customizable By End Users"
      }
     ,"Attributes":{
        "Settings":{
          "Output As":"HTML"
         ,"Expand Shortcuts":false
        }
      }
    }
   ,{
      "id":"3901176692692099840"
     ,"Identification":{
        "Title":"Region C"
       ,"Type":"Static Content"
      }
     ,"Source":{
        "HTML Code":"\u003Cspan class=\"a-Icon icon-template-region\"\u003E\u003C\/span\u003E\n\u003Ch3\u003ERegion C\u003C\/h3\u003E"
      }
     ,"Layout":{
        "Sequence":30
       ,"Parent Region":"No Parent"
       ,"Position":"BODY"
       ,"Start New Layout":false
       ,"Start New Row":false
       ,"Column":"Automatic"
       ,"New Column":false
       ,"Column Span":"Automatic"
      }
     ,"Appearance":{
        "Template":"Blank with Attributes (11346055432501779)"
       ,"Template Options":[
          "#DEFAULT#"
        ]
       ,"CSS Classes":[
          "dm-Placeholder"
        ]
       ,"Render Components":"Above Content"
      }
     ,"Advanced":{
        "Region Display Selector":true
       ,"Exclude Title from Translation":false
      }
     ,"Server Cache":{
        "Caching":"Disabled"
      }
     ,"Customization":{
        "Customizable":"Not Customizable By End Users"
      }
     ,"Attributes":{
        "Settings":{
          "Output As":"HTML"
         ,"Expand Shortcuts":false
        }
      }
    }
   ,{
      "id":"3901338183296776089"
     ,"Identification":{
        "Title":"Region A"
       ,"Type":"List"
      }
     ,"Source":{
        "List":"MENU PRINCIPAL (11045845869255871)"
      }
     ,"Layout":{
        "Sequence":10
       ,"Parent Region":"No Parent"
       ,"Position":"BODY"
       ,"Start New Layout":false
       ,"Start New Row":true
       ,"Column":"Automatic"
       ,"New Column":true
       ,"Column Span":"Automatic"
      }
     ,"Appearance":{
        "Template":"Interactive Report (11370148915501792)"
       ,"Template Options":[
          "#DEFAULT#"
        ]
       ,"CSS Classes":[
          "dm-Placeholder"
        ]
       ,"Render Components":"Above Content"
      }
     ,"Advanced":{
        "Region Display Selector":true
       ,"Exclude Title from Translation":false
      }
     ,"Server Cache":{
        "Caching":"Disabled"
      }
     ,"Customization":{
        "Customizable":"Not Customizable By End Users"
      }
     ,"Attributes":{
        "Appearance":{
          "List Template":"Badge List (11407750856501816)"
         ,"Template Options":[
            "#DEFAULT#"
           ,"u-colors"
           ,"t-BadgeList--circular"
           ,"t-BadgeList--cols t-BadgeList--3cols"
           ,"t-BadgeList--large"
          ]
        }
      }
    }
   ,{
      "id":"3901338923993776093"
     ,"Identification":{
        "Title":"Side Region"
       ,"Type":"List"
      }
     ,"Source":{
        "List":"Activity Reports (8021785733807129)"
      }
     ,"Layout":{
        "Sequence":10
       ,"Parent Region":"No Parent"
       ,"Position":"REGION_POSITION_02"
       ,"Start New Layout":false
       ,"Start New Row":true
       ,"Column":"Automatic"
       ,"New Column":true
       ,"Column Span":"Automatic"
      }
     ,"Appearance":{
        "Template":"None"
       ,"Render Components":"Above Content"
      }
     ,"Advanced":{
        "Exclude Title from Translation":false
      }
     ,"Server Cache":{
        "Caching":"Disabled"
      }
     ,"Customization":{
        "Customizable":"Not Customizable By End Users"
      }
     ,"Attributes":{
        "Appearance":{
          "List Template":"Badge List (11407750856501816)"
         ,"Template Options":[
            "#DEFAULT#"
           ,"t-BadgeList--large"
           ,"t-BadgeList--cols t-BadgeList--3cols"
           ,"t-BadgeList--circular"
          ]
        }
      }
    }
  ]
}
