{
  "id":"9999"
 ,"Identification":{
    "Name":"Login Page"
   ,"Alias":"LOGIN_DESKTOP"
   ,"Title":"PDP - Sign In"
  }
 ,"Appearance":{
    "Page Mode":"Normal"
   ,"Page Template":"Login (11326372024501753)"
   ,"Template Options":[
      "#DEFAULT#"
    ]
  }
 ,"Navigation Menu":{
    "Override User Interface Level":false
  }
 ,"Navigation":{
    "Cursor Focus":"First item on page"
   ,"Warn on Unsaved Changes":false
  }
 ,"Security":{
    "Authentication":"Page Is Public"
   ,"Deep Linking":"Application Default"
   ,"Page Access Protection":"Unrestricted"
   ,"Form Auto Complete":"Off"
   ,"Browser Cache":"Application Default"
  }
 ,"Session Management":{
    "Rejoin Sessions":"Application Default"
  }
 ,"Advanced":{
    "Enable Meta Tags":false
   ,"Enable duplicate page submissions":"Yes - Enable page to be re-posted"
   ,"Reload on Submit":"Only for Success"
  }
 ,"Server Cache":{
    "Caching":"Disabled"
  }
 ,"Regions":[
    {
      "id":"11453971094501890"
     ,"Identification":{
        "Title":"Evaluaci\u00F3n Protecci\u00F3n de Datos Personales"
       ,"Type":"Static Content"
      }
     ,"Layout":{
        "Sequence":10
       ,"Parent Region":"No Parent"
       ,"Position":"BODY"
       ,"Start New Layout":false
       ,"Start New Row":false
       ,"Column":"Automatic"
       ,"New Column":true
       ,"Column Span":"Automatic"
      }
     ,"Appearance":{
        "Template":"Login (11370751584501793)"
       ,"Template Options":[
          "#DEFAULT#"
         ,"t-Form--large"
         ,"margin-bottom-none"
         ,"margin-left-sm"
         ,"margin-right-sm"
        ]
       ,"Icon":"app-icon"
       ,"Render Components":"Below Content"
      }
     ,"Advanced":{
        "Region Display Selector":false
       ,"Exclude Title from Translation":false
      }
     ,"Server Cache":{
        "Caching":"Disabled"
      }
     ,"Customization":{
        "Customizable":"Not Customizable By End Users"
      }
     ,"Attributes":{
        "Settings":{
          "Output As":"HTML"
         ,"Expand Shortcuts":false
        }
      }
    }
   ,{
      "id":"11458676752501898"
     ,"Identification":{
        "Title":"Language Selector"
       ,"Type":"PL\/SQL Dynamic Content [Legacy]"
      }
     ,"Source":{
        "PL\/SQL Code":"apex_lang.emit_language_selector_list;"
      }
     ,"Layout":{
        "Sequence":20
       ,"Parent Region":"Evaluaci\u00F3n Protecci\u00F3n de Datos Personales (11453971094501890)"
       ,"Position":"SUB_REGIONS"
       ,"Start New Layout":false
       ,"Start New Row":true
       ,"Column":"Automatic"
       ,"New Column":true
       ,"Column Span":"Automatic"
      }
     ,"Appearance":{
        "Template":"Blank with Attributes (11346055432501779)"
       ,"Template Options":[
          "#DEFAULT#"
        ]
       ,"Render Components":"Above Content"
      }
     ,"Advanced":{
        "Region Display Selector":false
       ,"Exclude Title from Translation":false
      }
     ,"Server Cache":{
        "Caching":"Disabled"
      }
     ,"Customization":{
        "Customizable":"Not Customizable By End Users"
      }
    }
  ]
 ,"Page Items":[
    {
      "id":"11454365168501892"
     ,"Identification":{
        "Name":"P9999_USERNAME"
       ,"Type":"Text Field"
      }
     ,"Label":{
        "Label":"username"
       ,"Alignment":"Left"
      }
     ,"Settings":{
        "Subtype":"Text"
       ,"Trim Spaces":"None"
       ,"Text Case":"NO CHANGE"
       ,"Submit when Enter pressed":false
       ,"Disabled":false
      }
     ,"Layout":{
        "Sequence":10
       ,"Region":"Evaluaci\u00F3n Protecci\u00F3n de Datos Personales (11453971094501890)"
       ,"Position":"BODY"
       ,"Alignment":"Left"
       ,"Start New Layout":false
       ,"Start New Row":true
       ,"Column":"Automatic"
       ,"New Column":true
       ,"Column Span":"Automatic"
       ,"Label Column Span":"Page Template Default"
      }
     ,"Appearance":{
        "Template":"Hidden (11425909846501827)"
       ,"Template Options":[
          "#DEFAULT#"
        ]
       ,"Icon":"fa-user"
       ,"Width":40
       ,"Value Placeholder":"username"
      }
     ,"Validation":{
        "Value Required":false
       ,"Maximum Length":100
      }
     ,"Advanced":{
        "Warn on Unsaved Changes":"Page Default"
      }
     ,"Source":{
        "Type":"Null"
       ,"Used":"Only when current value in session state is null"
      }
     ,"Session State":{
        "Storage":"Per Request (Memory Only)"
      }
     ,"Quick Picks":{
        "Show Quick Picks":false
      }
     ,"Security":{
        "Session State Protection":"Unrestricted"
       ,"Store value encrypted in session state":false
       ,"Restricted Characters":"All characters can be saved."
      }
    }
   ,{
      "id":"11454773879501892"
     ,"Identification":{
        "Name":"P9999_PASSWORD"
       ,"Type":"Password"
      }
     ,"Label":{
        "Label":"password"
       ,"Alignment":"Left"
      }
     ,"Settings":{
        "Submit when Enter pressed":true
      }
     ,"Layout":{
        "Sequence":20
       ,"Region":"Evaluaci\u00F3n Protecci\u00F3n de Datos Personales (11453971094501890)"
       ,"Position":"BODY"
       ,"Alignment":"Left"
       ,"Start New Layout":false
       ,"Start New Row":true
       ,"Column":"Automatic"
       ,"New Column":true
       ,"Column Span":"Automatic"
       ,"Label Column Span":"Page Template Default"
      }
     ,"Appearance":{
        "Template":"Hidden (11425909846501827)"
       ,"Template Options":[
          "#DEFAULT#"
        ]
       ,"Icon":"fa-key"
       ,"Width":40
       ,"Value Placeholder":"password"
      }
     ,"Validation":{
        "Value Required":false
       ,"Maximum Length":100
      }
     ,"Advanced":{
        "Warn on Unsaved Changes":"Page Default"
      }
     ,"Source":{
        "Type":"Null"
       ,"Used":"Only when current value in session state is null"
      }
     ,"Session State":{
        "Storage":"Per Request (Memory Only)"
      }
     ,"Security":{
        "Session State Protection":"Unrestricted"
       ,"Store value encrypted in session state":false
       ,"Restricted Characters":"All characters can be saved."
      }
    }
   ,{
      "id":"11455838081501893"
     ,"Identification":{
        "Name":"P9999_REMEMBER"
       ,"Type":"Checkbox Group"
      }
     ,"Label":{
        "Label":"Remember username"
       ,"Alignment":"Left"
      }
     ,"Settings":{
        "Number of Columns":1
      }
     ,"Layout":{
        "Sequence":30
       ,"Region":"Evaluaci\u00F3n Protecci\u00F3n de Datos Personales (11453971094501890)"
       ,"Position":"BODY"
       ,"Alignment":"Left"
       ,"Start New Layout":false
       ,"Start New Row":true
       ,"Column":"Automatic"
       ,"New Column":true
       ,"Column Span":"Automatic"
       ,"Label Column Span":"Page Template Default"
      }
     ,"Appearance":{
        "Template":"Hidden (11425909846501827)"
       ,"Template Options":[
          "#DEFAULT#"
        ]
      }
     ,"Validation":{
        "Value Required":false
      }
     ,"List of Values":{
        "Type":"Shared Component"
       ,"List of Values":"LOGIN_REMEMBER_USERNAME (11455007964501892)"
       ,"Display Extra Values":false
      }
     ,"Advanced":{
        "Warn on Unsaved Changes":"Page Default"
      }
     ,"Source":{
        "Type":"Null"
       ,"Used":"Only when current value in session state is null"
      }
     ,"Session State":{
        "Storage":"Per Request (Memory Only)"
      }
     ,"Security":{
        "Session State Protection":"Unrestricted"
       ,"Store value encrypted in session state":false
       ,"Escape special characters":true
       ,"Restricted Characters":"All characters can be saved."
      }
     ,"Help":{
        "Help Text":"\u003Cp\u003E\nIf you select this checkbox, the application will save your username in a persistent browser cookie named \"LOGIN_USERNAME_COOKIE\".\nWhen you go to the login page the next time,\nthe username field will be automatically populated with this value.\n\u003C\/p\u003E\n\u003Cp\u003E\nIf you deselect this checkbox and your username is already saved in the cookie,\nthe application will overwrite it with an empty value.\nYou can also use your browser\u0027s developer tools to completely remove the cookie.\n\u003C\/p\u003E"
      }
    }
  ]
 ,"Buttons":[
    {
      "id":"11456741933501896"
     ,"Identification":{
        "Button Name":"LOGIN"
       ,"Label":"Sign In"
      }
     ,"Layout":{
        "Sequence":40
       ,"Region":"Evaluaci\u00F3n Protecci\u00F3n de Datos Personales (11453971094501890)"
       ,"Position":"NEXT"
       ,"Start New Layout":false
       ,"Start New Row":true
       ,"Column":"Automatic"
       ,"New Column":true
       ,"Column Span":"Automatic"
      }
     ,"Appearance":{
        "Button Template":"Text (11427348859501830)"
       ,"Hot":true
       ,"Template Options":[
          "#DEFAULT#"
        ]
      }
     ,"Behavior":{
        "Action":"Submit Page"
       ,"Execute Validations":true
       ,"Warn on Unsaved Changes":"Do Not Check"
      }
    }
  ]
 ,"Processes":[
    {
      "id":"11457137074501897"
     ,"Identification":{
        "Name":"Login"
       ,"Type":"Execute Code"
       ,"Execution Chain":"None"
      }
     ,"Source":{
        "Location":"Local Database"
       ,"Language":"PL\/SQL"
       ,"PL\/SQL Code":"apex_authentication.login(\n    p_username =\u003E :P9999_USERNAME,\n    p_password =\u003E :P9999_PASSWORD );"
      }
     ,"Execution":{
        "Sequence":20
       ,"Point":"Processing"
       ,"Run Process":"Once Per Page Visit (default)"
      }
     ,"Error":{
        "Display Location":"Inline in Notification"
      }
    }
   ,{
      "id":"11457515974501897"
     ,"Identification":{
        "Name":"Set Username Cookie"
       ,"Type":"Execute Code"
       ,"Execution Chain":"None"
      }
     ,"Source":{
        "Location":"Local Database"
       ,"Language":"PL\/SQL"
       ,"PL\/SQL Code":"apex_authentication.send_login_username_cookie (\n    p_username =\u003E lower(:P9999_USERNAME),\n    p_consent  =\u003E :P9999_REMEMBER = \u0027Y\u0027 );"
      }
     ,"Execution":{
        "Sequence":10
       ,"Point":"Processing"
       ,"Run Process":"Once Per Page Visit (default)"
      }
     ,"Error":{
        "Display Location":"Inline in Notification"
      }
    }
   ,{
      "id":"11457957932501898"
     ,"Identification":{
        "Name":"Get Username Cookie"
       ,"Type":"Execute Code"
       ,"Execution Chain":"None"
      }
     ,"Source":{
        "Location":"Local Database"
       ,"Language":"PL\/SQL"
       ,"PL\/SQL Code":":P9999_USERNAME := apex_authentication.get_login_username_cookie;\n:P9999_REMEMBER := case when :P9999_USERNAME is not null then \u0027Y\u0027 end;"
      }
     ,"Execution":{
        "Sequence":10
       ,"Point":"Before Header"
       ,"Run Process":"Once Per Page Visit (default)"
      }
    }
   ,{
      "id":"11458314375501898"
     ,"Identification":{
        "Name":"Clear Page(s) Cache"
       ,"Type":"Clear Session State"
       ,"Execution Chain":"None"
      }
     ,"Settings":{
        "Type":"Clear all Items on the Current Page"
      }
     ,"Execution":{
        "Sequence":30
       ,"Point":"Processing"
       ,"Run Process":"Once Per Page Visit (default)"
      }
     ,"Error":{
        "Display Location":"Inline in Notification"
      }
    }
  ]
}
