{
  "id":"101"
 ,"Identification":{
    "Name":"Evaluaci\u00F3n de Protecci\u00F3n de Datos Personales"
   ,"Alias":"A101"
   ,"Version":"Release 1.0"
  }
 ,"Row Search":{
    "Tokenize":false
  }
 ,"Availability":{
    "Status":"Available with Developer Toolbar"
   ,"Build Status":"Run and Build Application"
  }
 ,"Error Handling":{
    "Default Display Location":"Inline with Field and in Notification"
  }
 ,"Report Printing":{
    "Type":"Use Instance Settings"
  }
 ,"Advanced":{
    "Friendly URLs":false
   ,"Allow Feedback":true
   ,"Logging":true
   ,"Debugging":true
   ,"Compatibility Mode":"19.1"
   ,"Pass ECID":"N"
  }
 ,"Authentication":{
    "Public User":"APEX_PUBLIC_USER"
   ,"Authentication Scheme":"Application Express Authentication (11320626106501737)"
  }
 ,"Authorization":{
    "Source for Role or Group Schemes":"Access Control User Role Assignments"
  }
 ,"Session Management":{
    "Rejoin Sessions":"Disabled"
  }
 ,"Session State Protection":{
    "Enabled":true
  }
 ,"Security":{
    "Deep Linking":"Disabled"
   ,"Browser Cache":"Disabled"
   ,"Embed in Frames":"Deny"
   ,"Referrer Policy":"strict-origin-when-cross-origin"
   ,"HTML Escaping Mode":"Extended"
   ,"Runtime API Usage":[
      "Modify This Application"
    ]
  }
 ,"Database Session":{
    "Parsing Schema":"WKSP_HERRAMIENTAPDP"
  }
 ,"Globalization":{
    "Primary Language":"English (en)"
   ,"Document Direction":"Left-To-Right"
   ,"Language Derived From":"Application Primary Language"
   ,"Automatic Time Zone":false
   ,"Automatic CSV Encoding":true
  }
 ,"Character Value Comparison":{
    "Behavior":"Database session NLS setting (default)"
  }
 ,"Logo":{
    "Type":"Image"
   ,"Image URL":"https:\/\/www.cofb.org.co\/sites\/default\/files\/proxy.duckduckgo.png"
  }
 ,"Progressive Web App":{
    "Enable":false
  }
 ,"Navigation":{
    "Home URL":{
      "url":"f?p=\u0026APP_ID.:1:\u0026SESSION."
     ,"Page":"1"
    }
   ,"Login URL":{
      "url":"f?p=\u0026APP_ID.:LOGIN_DESKTOP:\u0026SESSION."
     ,"Page":"LOGIN_DESKTOP"
    }
  }
 ,"Navigation Menu":{
    "List Template":"Side Navigation Menu (11414761255501820)"
   ,"Template Options":[
      "#DEFAULT#"
     ,"t-TreeNav--styleA"
    ]
   ,"List Position":"Side"
   ,"List":"Desktop Navigation Menu (11321436402501740)"
  }
 ,"Navigation Bar":{
    "Implementation":"List"
   ,"List":"Desktop Navigation Bar (11449505958501859)"
   ,"List Template":"Navigation Bar (11416688382501821)"
   ,"Template Options":[
      "#DEFAULT#"
    ]
  }
 ,"JavaScript":{
    "Include jQuery Migrate":false
  }
 ,"CSS":{
    "File URLs":[
      "#APP_IMAGES#app-icon.css?version=#APP_VERSION#"
    ]
  }
 ,"Attributes":{
    "Theme":"Universal Theme (42)"
   ,"Global Page":"0"
   ,"Enable End Users to choose Theme Style":false
   ,"Add \"Built with APEX\" to Footer":false
  }
 ,"Substitutions":[
    {
      "id":"1"
     ,"Identification":{
        "Name":"APP_NAME"
      }
     ,"Value":{
        "Static Value":"Evaluaci\u00F3n de Protecci\u00F3n de Datos Personales"
      }
    }
  ]
 ,"Component Settings":[
    {
      "id":"7855214426276074"
     ,"Identification":{
        "Name":"NATIVE_DATE_PICKER_APEX"
       ,"Type":"Item"
      }
     ,"Settings":{
        "Attribute 1":"MONTH-PICKER:YEAR-PICKER:TODAY-BUTTON"
       ,"Attribute 2":"VISIBLE"
       ,"Attribute 3":"15"
       ,"Attribute 4":"FOCUS"
      }
     ,"Subscription":{
        "Version Number":1860941671
      }
    }
   ,{
      "id":"7855480887276074"
     ,"Identification":{
        "Name":"NATIVE_SINGLE_CHECKBOX"
       ,"Type":"Item"
      }
     ,"Settings":{
        "Attribute 1":"Y"
       ,"Attribute 2":"N"
      }
     ,"Subscription":{
        "Version Number":1860941671
      }
    }
   ,{
      "id":"7855646089276074"
     ,"Identification":{
        "Name":"NATIVE_STAR_RATING"
       ,"Type":"Item"
      }
     ,"Settings":{
        "Attribute 1":"fa-star"
       ,"Attribute 4":"#VALUE#"
      }
     ,"Subscription":{
        "Version Number":1860941671
      }
    }
   ,{
      "id":"7855779645276074"
     ,"Identification":{
        "Name":"NATIVE_MAP_REGION"
       ,"Type":"Region"
      }
     ,"Settings":{
        "Attribute 1":"Y"
      }
     ,"Subscription":{
        "Version Number":1860941671
      }
    }
   ,{
      "id":"7855835458276074"
     ,"Identification":{
        "Name":"NATIVE_ADFBC"
       ,"Type":"REST Data Source"
      }
     ,"Subscription":{
        "Version Number":1860941671
      }
    }
   ,{
      "id":"7856050757276074"
     ,"Identification":{
        "Name":"NATIVE_GEOCODED_ADDRESS"
       ,"Type":"Item"
      }
     ,"Settings":{
        "Attribute 1":"RELAX_HOUSE_NUMBER"
       ,"Attribute 2":"N"
       ,"Attribute 3":"POPUP:ITEM"
       ,"Attribute 4":"default"
       ,"Attribute 6":"LIST"
      }
     ,"Subscription":{
        "Version Number":1860941671
      }
    }
   ,{
      "id":"11318504663501730"
     ,"Identification":{
        "Name":"NATIVE_DISPLAY_SELECTOR"
       ,"Type":"Region"
      }
     ,"Settings":{
        "Attribute 1":"Y"
      }
     ,"Subscription":{
        "Version Number":1860941673
      }
    }
   ,{
      "id":"11319413116501732"
     ,"Identification":{
        "Name":"NATIVE_IR"
       ,"Type":"Region"
      }
     ,"Settings":{
        "Attribute 1":"IG"
      }
     ,"Subscription":{
        "Version Number":1860941673
      }
    }
   ,{
      "id":"11320061664501733"
     ,"Identification":{
        "Name":"NATIVE_COLOR_PICKER"
       ,"Type":"Item"
      }
     ,"Settings":{
        "Attribute 1":"FULL"
       ,"Attribute 2":"POPUP"
      }
     ,"Subscription":{
        "Version Number":1860941673
      }
    }
   ,{
      "id":"11320279099501733"
     ,"Identification":{
        "Name":"NATIVE_YES_NO"
       ,"Type":"Item"
      }
     ,"Settings":{
        "Attribute 1":"Y"
       ,"Attribute 3":"N"
       ,"Attribute 5":"SWITCH"
      }
     ,"Subscription":{
        "Version Number":1860941673
      }
    }
  ]
}
